pais_de_origem;razao_social;cnpj;logradouro;cidade;uf;cep;e_mail;adesao_ao_decreto_1563_95;cotm;vigencia
BRASIL;Agiliza Transportes E Logística Eireli;7,95371E+12;ROD. BR 277, KM 720, S/N, SALA 17 - ANEXO AO POSTO GASPARIN;;PR;85862000;leandro@agilizatransportes.com.br;adesao_ao_decreto_1563_96;0224-0107;11/09/2031 00:00:00.000000
BRASIL;Alerta Transportes E Armazéns Gerais Ltda - Epp;1,04964E+13;Rodovia BR 277, km 720, nº 10.595 - Parque Três Fronteiras;;PR;85859688;delmar@transp-amizade.com.br;adesao_ao_decreto_1563_97;0900-0418;04/05/2028 00:00:00.000000
BRASIL;Áquila Transporte De Cargas Ltda;3,6082E+12;STRC TRECHO 04 CONJ. C LOTE 09 - ZONA INDUSTRIAL;;DF;71225543;marcelo@aquilaexpress.com.br;adesao_ao_decreto_1563_98;0419-1110;06/29/2032 00:00:00.000000
BRASIL;Brazil Relocation & Services Ltda;4,31414E+12;RUA 13, QD. 49, LOTE 32 E 33 - PARQUE ESPLANADA II;;GO;72878036;adm1@brazilrelocatin.com;adesao_ao_decreto_1563_99;0412-0910;11/12/2030 00:00:00.000000
BRASIL;Brucal Implementos Rodoviários Ltda;7,61888E+13;Rod. dos Minérios, km23,5, nº14552 - Areias;;PR;83514000;fernando@brucalimplementos.com.br;adesao_ao_decreto_1563_100;0659-1214;12/30/2024 00:00:00.000000
BRASIL;Bun Log Serviços Logisticos Ltda;3,59579E+13;RUA ROQUE MEDALDO FRIAS, Nº 1341, GAÇPÃO 05, SALA 01, TÉRREO - RECREIO CAMPESTRE JOIA;;SP;13347035;rmendes@bentonit.com.br;adesao_ao_decreto_1563_101;1171-0621;06/22/2031 00:00:00.000000
BRASIL;Ciagram Portos E Navegação Da Amazônia Ltda;2,90097E+12;R I QUADRA E - LOTE 02 - SETOR INDUSTRIAL;;AM;69800000;logistica@masutti.com.br;adesao_ao_decreto_1563_102;1269-0622;06/22/2032 00:00:00.000000
BRASIL;Eckert & Ziegler Brasil Logistica Ltda;2,14236E+13;RUA MIGUEL NELSON BECHARA, 480 - TERREO - SALA 01 - BAIRRO - JARDIM PEREIRA LEITE;;SP;2712130;clarice.almeida@ezag.com;adesao_ao_decreto_1563_103;1085-0620;06/12/2030 00:00:00.000000
BRASIL;Gencon Logistica Transportes E Armazéns Gerais Ltda;7,2632E+12;Av. Fernando Cerqueira César Coimbra - 830 - Bloco 02 - Parque Industrial Cacique - Londrina;;PR;86072110;italo@compager.com.br;adesao_ao_decreto_1563_104;0579-0913;09/10/2023 00:00:00.000000
PARAGUAI;Grupo G3 Sociedade Anonima;53412;RUTA 6, CRUCE 14 DE MAYO, SANTA RITA;;;;maxypytterh@hotmail.com;adesao_ao_decreto_1563_105;0534-1212;12/10/2022 00:00:00.000000
BRASIL;Jbs S.A.;2,91627E+12;AV. MARGINAL DIREITA DO TIETE, 500 - ANDAR 3 BLOCO I;;SP;5118100;cassio.sanches@jbs.com.br;adesao_ao_decreto_1563_106;1023-1019;10/01/2029 00:00:00.000000
BRASIL;Jr Pereira Transportes Ltda;5,1025E+13;EST DO CAIXA PARA, 120, LEVILÂNDIA, ANANINDEUA;;PA;67015520;didimopereira@hotmail.com;adesao_ao_decreto_1563_107;1407-0224;02/08/2034 00:00:00.000000
BRASIL;Katoen Natie Do Brasil Ltda;4,09241E+13;Avenida Viena, nº 419 - Distrito Industrial;;SP;13146055;regulatorios@katoennatie.com.br;adesao_ao_decreto_1563_108;0214-1106;10/19/2026 00:00:00.000000
BRASIL;Leramarc Transportes E Logística Ltda;3,10002E+13;Rua Antonio Soster, 287 - Jardim Regina;;SP;13348897;rafael@leramarc.com.br;adesao_ao_decreto_1563_109;0987-0519;05/09/2029 00:00:00.000000
BRASIL;Logjato Transportes E Logistica Eireli;2,45143E+13;Segunda Avenida Bloco 1385A, Loja 1;;DF;71710555;logjatobsb@gmail.com;adesao_ao_decreto_1563_110;0794-1016;10/05/2026 00:00:00.000000
BRASIL;Logmed Rio Armazenagem E Transporte Ltda;2,20449E+13;RUA FRANCISCO DE S E MELO, 01590, ARMAZEN Nº 103 GALPÃO 03;;RJ;21010900;juridico@logmed.net;adesao_ao_decreto_1563_111;1028-1019;10/10/2029 00:00:00.000000
DINAMARCA;Maersk Line A/S;2,13861E+13;Esplanaden 50, 1098;;;;gustavo.candido@maersk.com;adesao_ao_decreto_1563_112;0667-0315;03/25/2025 00:00:00.000000
BRASIL;Marca Sul Mudanças E Transportes Ltda;3,12611E+12;SCIA Quadra 08, conj.08, lote 13;;DF;71250710;bsb@granero.com.br;adesao_ao_decreto_1563_113;0804-1116;11/11/2026 00:00:00.000000
BRASIL;Medylog Logística E Distribuição Ltda;1,19582E+13;RUA 24 (Polo de Modas) - LOTE 05 - QE 40;;DF;71070524;MEDYLOGADM@GMAIL.COM;adesao_ao_decreto_1563_114;1311-1222;12/01/2032 00:00:00.000000
BRASIL;Megatranz Transportes Ltda;3,06179E+12; Av. Major Sylvio de Magalhães Padilha, 5200 -  Bl. E - 5º andar - Conjunto 507;;SP;5693000;MEGATRANZ@megatranz.com;adesao_ao_decreto_1563_115;0081-0605;06/08/2027 00:00:00.000000
BRASIL;Mel Logística E Desembaraço Aduaneiro Eireli - Me;2,37562E+13;RUA WALTER MACHADO, 841 QUADRA D LOTE 05 ( CX POSTAL 187);;GO;75375000;ricardo@mellogistica.com.br;adesao_ao_decreto_1563_116;0824-0217;02/10/2027 00:00:00.000000
BRASIL;Noble Brasil S.A;6,31534E+12;Avenida Rebouças nº 3.970, 22º andar - Condomínio Eldorado Business Tower;;SP;5402920;julianamedeiros@thisisnoble.com;adesao_ao_decreto_1563_117;0493-0512;05/25/2022 00:00:00.000000
BRASIL;Northin Logística E Servicos De Navegação Ltda;4,12483E+13;EST. ESTADUAL DO ANEL VIARIO S/N - GALPÃO 02 - SALA 02 - AREA RURAL;;RO;76914899;igorchaves98@hotmail.com;adesao_ao_decreto_1563_118;1394-1223;12/20/2033 00:00:00.000000
BRASIL;Nova Solução Logística & Transporte Ltda;3,3806E+13;Estrada Angela Trevisan Ciciliato, Nº 200, Galpão 01, Modulo 01 - Jardim Oliveira Camargo;;SP;13340730;diretoria@novasolucaolog.com;adesao_ao_decreto_1563_119;1440-0824;08/23/2034 00:00:00.000000
BRASIL;Pacheco Logística Ltda;1,41444E+13;RUA DONA MARGARIDA, Nº 903;;RS;90240611;contabilidade@grupodarcypacheco.com.br;adesao_ao_decreto_1563_120;0568-0713;07/22/2023 00:00:00.000000
BRASIL;Paradiso Giovanella Transportes Ltda;6,89791E+13;Rua José Simeão Rodrigues Agostinho, n º 502 - sala 03 - Bairro Água Espraiadas;;SP;6833300;adm@transgiovanella.com.br;adesao_ao_decreto_1563_121;0072-0505;06/07/2015 00:00:00.000000
BRASIL;Rm Melo Transforporte Rodoviario E Aereo De Cargas Ltda;1,23236E+13;QUADRA 3, CONJUNTO B, LOTE 6, SETOR DE INDUSTRIAS BERNARDO SAYAO;;DF;71736302;RODRIGO@ALFAEXPRESSDF.COM.BR;adesao_ao_decreto_1563_122;1446-0924;09/30/2034 00:00:00.000000
BRASIL;Rodorei Transportes Ltda;6,85777E+13;Rua Salete nº 200 Cj. 81/82;;SP;2016001;reinaldo@rodorei.com.br;adesao_ao_decreto_1563_123;0535-0113;01/03/2023 00:00:00.000000
BRASIL;Sec Figueiredo Ltda - Epp;4,34481E+13;RUA ESTELA Nº 515 - BLOCO H - 3 ANDAR - CJ 31;;SP;4011002;eduardo@secfigueiredo.com.br;adesao_ao_decreto_1563_124;0524-1012;10/08/2022 00:00:00.000000
BRASIL;Sigma Diamant Brasil Comercio De Maquinas E Equipamentos Para Ceramica Ltda;1,84615E+13;RUA CORONEL PEDRO BENEDET, Nº 333, SALA 1603;;SC;88801250;operacional@sigmagrupo.com.br;adesao_ao_decreto_1563_125;1203-1121;11/19/2031 00:00:00.000000
BRASIL;Teciap - Terminais E Armazens Geriais Ltda;2,04042E+13;R A, Nr. 1530 - LOTE A QUADRA AREA -  PARQUE INDUSTRIAL INTERMODAL DE RONDONOPÓLIS;;MT;78748702;fiscal@ciapetro.com.br;adesao_ao_decreto_1563_126;1466-0125;01/08/2035 00:00:00.000000
BRASIL;Tex Transporte De Encomendas Expressas Ltda;6,36799E+12;RUA GIÁCOMO BATTASSINI, Nº 77, TERREO;;RS;95034190;dptofiscal@passaromarron.com.br;adesao_ao_decreto_1563_127;1142-0221;02/22/2031 00:00:00.000000
BRASIL;Torres Transportes Rodofluvial Ltda;1,44105E+13;RODOVIA BR 163 - SANTAREM CUIABA - KM04, S/N;;PA;68030000;cobranca@torrestransportes.com.br;adesao_ao_decreto_1563_128;1354-0623;06/02/2033 00:00:00.000000
BRASIL;Trans30 Transportes De Cargas Ltda;2,89657E+13;Rua Raimundo Antonio dos Santos, s/n, quadra 25, lote 27 - Campo Lindo;;RJ;22898018;contabilidadealcm@gmail.com;adesao_ao_decreto_1563_129;0942-1018;10/04/2028 00:00:00.000000
BRASIL;Transfepaje - Transporte Rodoviário De Cargas Ltda;7,43242E+12;AVENIDA NILSON GOTLLIEB - Nº 2505 - TRÊS LAGOAS;;PR;85862408;COMERCIAL@TRANSFEPAJE.COM.BR;adesao_ao_decreto_1563_130;1299-0922;09/29/2032 00:00:00.000000
BRASIL;Transjak Express Ltda;4,08971E+13;Avenida Antonio Coellho Carvalho nº 2503 - B - Santa Rita;;AM;68901280;TRANSJAK-AP@HOTMAIL.COM;adesao_ao_decreto_1563_131;1393-1223;12/20/2033 00:00:00.000000
BRASIL;Transli - Transportadora Liberdade Ltda;1,65044E+12;Avenida Nilson Gottlieb, s/n - Final - De frente a BR 277 - Km 720;;PR;85862408;transli@transliberdade.com.br;adesao_ao_decreto_1563_132;0169-0206;05/31/2026 00:00:00.000000
BRASIL;Transportadora Amizade Ltda;2,33596E+12;BR 277, km 720, nº 10.595 sala 14 - Anexo Posto Gasparin - Bairro Três Lagoas;;PR;85867000;argeu@transp-amizade.com.br;adesao_ao_decreto_1563_133;0033-0305;03/30/2025 00:00:00.000000
BRASIL;Transrodoforte Transportadora Internacional Ltda;5,99376E+12;ROD BR-277 nº 10595, SALA 19, KM 720, ANEXO POSTO GASPARIN - BAIRRO NOVO MUNDO;;PR;85862000;rh@transrodoforte.com.br;adesao_ao_decreto_1563_134;1249-0522;05/05/2032 00:00:00.000000
BRASIL;Tropical Transportes Ipiranga Ltda;4,23102E+13;Rua Francisco Eugenio, 329 sala 602 - Parte;;RJ;20941900;celioap@ipiranga.com.br;adesao_ao_decreto_1563_135;0074-0505;06/07/2015 00:00:00.000000
BRASIL;V Pilati Empresa De Transportes Rodoviarios;8,11271E+13;Rodovia BR 277 - km 726 - Bairro Três Lagoas;;PR;85867000;transpilati@transpilati.com.br;adesao_ao_decreto_1563_136;0142-1005;05/26/2025 00:00:00.000000
BRASIL;Yes Brazil Express Cargas Ltda;2,00674E+12;RUA JOSE FERNANDES TEIXEIRA (ZUZA), 1091 - VILA ROSA;;SP;6317270;contab.luz@terra.com.br;adesao_ao_decreto_1563_137;1037-1119;11/12/2029 00:00:00.000000
ALEMANHA;HAPAG-LLOYD AG;8,21945E+12;Ballindamm, 25 - 20095 Hamburg - Germany;;;;intimacoes@hlag.com;adesao_ao_decreto_1563_138;0696-0715;06/23/2035 18:27:11.901169
BRASIL;Greca Transportes De Cargas S.A.;2,4264E+11;Avenida das Araucarias nº 5126 - Chapada;;PR;83707000;andrea@grecaasfaltos.com.br;adesao_ao_decreto_1563_139;0510-0812;06/22/2032 00:00:00.000000
CHILE; CSAV AUSTRAL SPA;71015;14 Norte 976, Piso 12, Viña del Mar;;;;intimacoes@hlag.com;adesao_ao_decreto_1563_140;0710-0915;07/30/2035 18:41:05.863034
CHILE; CSAV AUSTRAL SPA;71015;14 Norte 976, Piso 12, Viña del Mar;;;;luanabrancacio@hotmail.com;adesao_ao_decreto_1563_141;0710-0915;07/30/2035 18:41:05.863034
BRASIL;Tangara Logistica E Transportes Eireli - Epp;1,29003E+13;AV. ADINEI EMIDIO DE ALMEIDA, Nº 1893 - BAIRRO INDUSTRIAL;Cacoal;RO;76960970;fernando@piarara.com.br;adesao_ao_decreto_1563_142;1221-0122;01/25/2032 00:00:00.000000
BRASIL;Piarara Transportes Ltda;1,74677E+12;Rod. BR 364, KM 232, Lote 08-B, Gleba 08, Pavilhão A;Cacoal;RO;76960970; contabilidadetransportes@piarara.com.br;adesao_ao_decreto_1563_143;0348-1009;07/11/2029 00:00:00.000000
BRASIL;P & F Transportes Eireli;1,35643E+13;EST DO BELMONT Nº 9349 KM 04 - BAIRRO NACIONAL;Porto Velho;RO;76801870;gustavoskiadv@gmail.com;adesao_ao_decreto_1563_144;0441-0711;10/04/2031 00:00:00.000000
BRASIL;Noroeste Transporte E Serviços Ltda;8,45528E+13;Rua João Pedro da Rocha, 2740;Porto Velho;RO;76820888;dionemrios@uol.com.br;adesao_ao_decreto_1563_145;0462-1111;11/08/2021 00:00:00.000000
BRASIL;Bdx Logística Ltda;1,75892E+13;ESTRADA DO TERMINAL Nº 400 BAIRRO: PANAIR;Porto Velho;RO;76801370;bdxlogistica@gmail.com;adesao_ao_decreto_1563_146;1371-0923;09/01/2033 00:00:00.000000
BRASIL;OCEAN RIVER DO BRASIL LOGISTICA INTEGRADA LTDA;6,27687E+13;AV LAURO SODRÉ, 1865;Porto Velho;RO;76801501;FISCAL@OCEANRIVER.COM.BR;adesao_ao_decreto_1563_147;1521-1125;11/10/2035 17:13:11.761184
BRASIL;Raro Transportes E Com. Imp. E Exp. Ltda;2,3589E+13;EST. BR 317 KM 02 Nº 1500 - FUNDOS SALA B - ZONA RURAL;Brasiléia;AC;69932000;RARODISTRIBUIDORA@UOL.COM.BR;adesao_ao_decreto_1563_148;1047-0120;01/27/2030 00:00:00.000000
BRASIL;Logsul Investy Ltda Me;1,05418E+13;Rua Parintins, nº 44 - Conjunto Universitário III;Rio Branco;AC;69917748;jonilson.marinho@hotmail.com;adesao_ao_decreto_1563_149;0927-0918;09/03/2028 00:00:00.000000
BRASIL;Comércio E Navegação Prates Ltda;4,44396E+12;MARGEM DIREITA DO RIO NEGRO ESTRADA DO BRITO, CACAU PIRERA, N 06;Iranduba;AM;69421000;financeiro@navegacaoprates.com.br;adesao_ao_decreto_1563_150;1355-0623;06/15/2033 00:00:00.000000
BRASIL;F C Transporte E Turismo Eireli;8,40844E+13;RUA CAROLINA FERNANDES  Nº 1045 - SÃO JOSÉ;Manacapuru;AM;69400797;hpgadelha@gmail.com;adesao_ao_decreto_1563_151;1281-0822;08/22/2032 00:00:00.000000
BRASIL;Rio Solimões Navegação E Transportes Ltda;6,08456E+11;Travessa Aniceto Barroso, nº 282, andar 01, sala 03, Bairro Terra Preta,;Manacapuru;AM;69401278;riosolimoesnav@gmail.com;adesao_ao_decreto_1563_152;1457-1224;12/09/2034 00:00:00.000000
BRASIL;Pimentel Turismo E Transportes Ltda;7,61237E+12;TRAVESSA ANICETO BARROSO, Nº 282, 1º ANDAR, SALA 04 - TERRA PRETA;Manacapuru;AM;69401278;pimentelturismoltda@gmail.com;adesao_ao_decreto_1563_153;1423-0624;06/03/2034 00:00:00.000000
BRASIL; PP RENT A CAR E TRANSPORTES LTDA;1,10233E+13; Boulevard Pedro Rattes, nº 2823, sala 01;Manacapuru;AM;69401233;osvana.guedes.mpu@gmail.com;adesao_ao_decreto_1563_154;1496-0525;05/12/2035 21:30:15.446671
BRASIL;NAVEGACAO GRIJO SERVICOS DE TRANSPORTES LTDA;1,42945E+13;TV ANICETO BARROSO Nº 282;Manacapuru;AM;69401278;NAVEGACAOGRIJO@YAHOO.COM.BR;adesao_ao_decreto_1563_155;1528-0226;02/24/2036 13:42:35.596325
BRASIL;D S D MANUTENCAO, TRANSPORTE E LOGISTICA LTDA;4,93585E+13;RUA RIO MUTUZINHO, 1500, SALA B;Manaus;AM;69089050;rs.baus@hotmail.com;adesao_ao_decreto_1563_156;1532-0326;03/04/2036 17:27:08.916120
BRASIL;VNL LOGISTICA E TRANSPORTE MULTIMODAL LTDA;6,1192E+13;RUA AGESILAO DE ARAUJO, nº 70;Manaus;AM;69036790;atendimento@ventonortelog.com;adesao_ao_decreto_1563_157;1552-0826;08/28/2036 13:27:00.948085
BRASIL;FELIPE LOPES FRANCO LTDA;1,8054E+13;Rua Rita Teles, nº 15, Quadra e16;Manaus;AM;69098353;agiltransporteslogistica@gmail.com;adesao_ao_decreto_1563_158;1524-1225;12/18/2035 18:06:14.100233
BRASIL;AMZ COMÉRCIO E SERVIÇOS DE MÁQUINAS LTDA;1,85258E+13;Rua PE. Monteiro de Noronha, nº 50;Manaus;AM;69028140;tricia@amzco.com.br;adesao_ao_decreto_1563_159;1509-0725;07/22/2035 18:07:08.419779
BRASIL;ALYA SERVIÇOS E LOGÍSTICA LTDA;6,03192E+13;Avenida dos Oitis, nº 2449;Manaus;AM;69089035;edson.guilherme@alyaservicos.com.br;adesao_ao_decreto_1563_160;1517-0925;09/30/2035 14:58:10.272029
BRASIL;JW TRANSPORTES E LOGISTICA LTDA;6,2326E+13;R JOAQUIM SARMENTO;Manaus;AM;69010020;HEBERTH26.FREITAS@HOTMAIL.COM;adesao_ao_decreto_1563_161;1519-1025;10/21/2035 16:22:29.280984
BRASIL;Yamaha Motor Do Brasil Logística Ltda;2,6279E+13;Rua Rio Jaguarão, nº 1842, galpão 14, sala 1;Manaus;AM;69072055;tributário.jurídico@yamaha-motor.com.br;adesao_ao_decreto_1563_162;0805-1116;11/16/2026 00:00:00.000000
BRASIL;ECO LOGÍSTICA TRANSPORTE DE CARGA LTDA;1,90375E+12;R. RAIMUNDO NONATO DE CASTRO Nº 01 - GALPAO B;Manaus;AM;69037140;pedrobarbosa67@gmail.com;adesao_ao_decreto_1563_163;1478-0325;03/13/2035 20:17:39.582950
BRASIL;KODEX LOGISTICA LTDA.;2,07359E+13;R CORONEL MIRANDA REIS, 443 ;Manaus;AM;69079310;alexandre.kieling@kodexexpress.com;adesao_ao_decreto_1563_164;1485-0425;04/04/2035 17:28:25.681768
BRASIL;Orange Cargo Serviço Auxiliar De Transporte Aereo Ltda;2,36056E+13;RUA DONA BENEDITA CASTELO BRANCO, Nº 1, SALA B - FLORES;Manaus;AM;69058826;cmtediogo@hotmail.com;adesao_ao_decreto_1563_165;1182-0721;07/26/2031 00:00:00.000000
BRASIL;OM BOAT LOGÍSTICA LTDA;1,70261E+13;RUA COMENDADOR J. G. ARAUJO, Nº 13;Manaus;AM;69029130;soraya@ozielmustafa.com.br;adesao_ao_decreto_1563_166;0861-0917;09/29/2027 00:00:00.000000
BRASIL;OM BOAT LOGÍSTICA LTDA;1,70261E+13;RUA COMENDADOR J. G. ARAUJO, Nº 13;Manaus;AM;69029130;legalizacao@jmconsultoria-am.com.br;adesao_ao_decreto_1563_167;0861-0917;09/29/2027 00:00:00.000000
BRASIL;Nortesul Logística E Transportes Especializados Eireli;1,18211E+13;AVENIDA SALVADOR, Nº 120, SALA 508 - ADRIANOPOLIS;Manaus;AM;69057040;marcelo.oliveira@nortesulogistica.com;adesao_ao_decreto_1563_168;1235-0322;03/21/2032 00:00:00.000000
BRASIL;Nortexlog Transportes Ltda Me;1,10948E+13;AVENIDA DO TURISMO Nº 10072 - LETRA C - TARUMÃ;Manaus;AM;69041010;KAUE@NORTEXLOG.COM.BR;adesao_ao_decreto_1563_169;1069-0420;04/03/2030 00:00:00.000000
BRASIL;Newlog Agenciamento E Transporte De Cargas Ltda;3,53364E+13;RUA DOS UIRAPURUS 334 LOTE FAZENDINHA SALA 03  - BAIRRO CIDADE DE DEUS;Manaus;AM;69099415;gianeguerreirocont@hotmail.com;adesao_ao_decreto_1563_170;1426-0624;06/18/2034 00:00:00.000000
BRASIL;Rms Logística Ltda-Me;2,29956E+13;Rua José Maria Moreno, nº 13 - Parque Dez de Novembro;Manaus;AM;69054000;elienesantosrms@hotmail.com;adesao_ao_decreto_1563_171;0720-1015;10/22/2025 00:00:00.000000
BRASIL;Roberto L. Da Cruz - Transportes Epp;1,16994E+13;Avenida do Turismo, Numero 3100, Sala 36 - Taruma;Manaus;AM;69041010;roberto@alliancelog.net;adesao_ao_decreto_1563_172;0614-0414;04/02/2024 00:00:00.000000
BRASIL;R A Sa Gomes;3,46078E+13;RUA VITÓRIA, Nº 48 - GLÓRIA;Manaus;AM;69027731;gustavoskiadv@outlook.com;adesao_ao_decreto_1563_173;1196-1021;10/15/2031 00:00:00.000000
BRASIL;R R Serviços De Transporte E Navegação Ltda;4,47308E+12;RUA VISCONDE DE UTINGA, 20, QD. 11 - BAIRRO FLORES;Manaus;AM;69058810;rr_cidade@hotmail.com;adesao_ao_decreto_1563_174;0572-0813;09/13/2033 00:00:00.000000
BRASIL;Pioneiro Combustíveis Ltda;8,401E+13;AV. DO TURISMO Nº 7228 - SALA 01 - TARUMÃ;Manaus;AM;69041010;LINDI@PIONEIROBR.COM.BR;adesao_ao_decreto_1563_175;1391-1223;12/04/2033 00:00:00.000000
BRASIL;Ponta Negra Soluções Logísticas E Transportes Ltda;6,52227E+12;Alameda Cosme Ferreira, nº 1877 - E - Aleixo;Manaus;AM;69083000;fpnl@gbringel.com;adesao_ao_decreto_1563_176;0910-0718;07/13/2028 00:00:00.000000
BRASIL;PRONTO CARGO DO BRASIL LTDA;1,36398E+13;Avenida Torquato Tapajós, nº 7.367, galpão 02, módulo 16;Manaus;AM;69041025;paulo.vinholy@prontocargo.com.br;adesao_ao_decreto_1563_177;0751-0516;05/10/2026 00:00:00.000000
BRASIL;Pronto Cargo Farma Ltda;4,4143E+13;AV TORQUATO TAPAJOS, Nº 7503 - TARUMÃ;Manaus;AM;69041025;maroun.saab@prontocargo.com.br;adesao_ao_decreto_1563_178;1266-0622;06/21/2032 00:00:00.000000
BRASIL;Lse Logística Soluções Empresariais Ltda;1,35186E+13;RUA HIDRA 188 - PORTÃO A, BAIRRO SANTO AGOSTINHO;Manaus;AM;69036520;emerson.moreira@lse.vlog.br;adesao_ao_decreto_1563_179;0499-0712;07/24/2022 00:00:00.000000
BRASIL;Lsl Transportes Da Amazônia Ltda;2,10263E+13;Rua Juruá, nº 160, Sala III - Distrito Industrial I;Manaus;AM;69075120;contato@grupolsl.com.br;adesao_ao_decreto_1563_180;0833-0617;06/01/2027 00:00:00.000000
BRASIL;M2M Consultoria E Logistica Multimodal Limitada;4,21439E+13;RUA PROFESSORA TEREZA ANDRADE, Nº 78, TÉRREO - ALVORADA;Manaus;AM;69048350;consultoriam2m@hotmail.com;adesao_ao_decreto_1563_181;1353-0523;05/31/2033 00:00:00.000000
BRASIL;Lbs - Transporte De Cabotagem E Logística Ltda - Me;6,373E+13;Avenida Curação, nº 1, quadra 405, sala 01 -  Cidade Nova;Manaus;AM;69097235;alice.varjao@mvcomercioeservicos.com.br;adesao_ao_decreto_1563_182;0677-0615;06/10/2025 00:00:00.000000
BRASIL;Link Soluções Em Logística Integrada Ltda;6,04495E+12;AV DA FLORESTA, 5.800 - LOTEAMENTO JARDIM TARUMANZINHO - TARUMÃ-AÇU;Manaus;AM;69022332;gustavoskiadv@outlook.com;adesao_ao_decreto_1563_183;0501-0812;10/29/2034 00:00:00.000000
BRASIL;LLS TRANSPORTE E AGENCIAMENTO DE CARGAS LTDA;1,55641E+13;Rua Desembargador Luis Felismino Caral, nº 218, conj. Beija Flor II - Bairro Flores;Manaus;AM;69028330;marcelo.lara@essencialcargo.com.br;adesao_ao_decreto_1563_184;0734-1215;07/30/2035 13:19:47.142695
BRASIL;LLS TRANSPORTE E AGENCIAMENTO DE CARGAS LTDA;1,55641E+13;Rua Desembargador Luis Felismino Caral, nº 218, conj. Beija Flor II - Bairro Flores;Manaus;AM;69028330;financeiro@essencialcargo.com.br;adesao_ao_decreto_1563_185;0734-1215;07/30/2035 13:19:47.142695
BRASIL;Loc Guindastes Locações E Transportes Ltda;4,27254E+13;AV. SOLIMOES, Nº 1874 - MAUAZINHO;Manaus;AM;69075715;gustavoskiadv@outlook.com;adesao_ao_decreto_1563_186;1200-1021;10/28/2031 00:00:00.000000
BRASIL;Milly Transportes Ltda;3,49896E+13;Avenida 7 de maio, 2015 - Santa Etelvina;Manaus;AM;69059140;gerencia@millytransportes.com;adesao_ao_decreto_1563_187;1301-1022;10/05/2032 00:00:00.000000
BRASIL;Tomiasi Transportes Ltda;8,44886E+13;Rua Zebu, Nº 01, Lote B - Colônia Oliveira Machado;Manaus;AM;69074160;jeany@tomiasi.com.br;adesao_ao_decreto_1563_188;0314-1108;11/19/2018 00:00:00.000000
BRASIL;Top Service Comércio E Serviços De Manutenção Industrial Ltda;9,00747E+12;AV. CORONEL CYRILLO NEVES, Nº 1010 - G1 F - COMPENSA;Manaus;AM;69035350;topservice@topservicebrasil.com.br;adesao_ao_decreto_1563_189;0878-1217;12/21/2027 00:00:00.000000
BRASIL;Selenetur Agência De Viagens E Turismo Eireli - Epp;3,45165E+13;Av. Jacira Reis, nº 213, sala 03 a 05, conj. Kissia - Dom Pedro I;Manaus;AM;69040270;marcio.perez@selenetur.com.br;adesao_ao_decreto_1563_190;0944-1018;10/17/2028 00:00:00.000000
BRASIL;Solution Logística Multimodal Ltda;8,89189E+12;Av. ANDRE ARAUJO, 97 EDF FORUM SALA 1305 BAIRRO ADRIANOPOLIS;Manaus;AM;69057025;idalecio@solutionlogistica.com.br;adesao_ao_decreto_1563_191;0266-1107;10/03/2034 00:00:00.000000
BRASIL;Sc Transportes Ltda;4,3303E+12;Avenida Djalma Batista, nº 1719 - pavimento 14, sala 1408 B  - Edificio Atlantic - Chapada;Manaus;AM;69050010;henriques@socorrocarvalho.com.br;adesao_ao_decreto_1563_192;0690-0715;07/09/2025 00:00:00.000000
BRASIL;Sd Logística E Transporte Multimodal Eireli;6,82021E+12;Rua Dr. Amaro Alencar, nº 620 - São Raimundo;Manaus;AM;69027031;COMERCIALPR@SDMULTIMODAL.COM.BR;adesao_ao_decreto_1563_193;0426-0111;02/22/2031 00:00:00.000000
BRASIL;Rvs Serviços Da Construção Civil Eireli;2,22996E+13;RUA MIRANDA SIMÕES, Nº 8, QD F, SALA 11, CONJ ADRIANÓPOLIS - ADRIANÓPOLIS;Manaus;AM;69057067;rvs.com.servicos@gmail.com;adesao_ao_decreto_1563_194;1256-0522;05/18/2032 00:00:00.000000
BRASIL;S S Transporte E Logística Ltda;5,14122E+13;BC CAIRE, nr 12, Bairro Aleixo;Manaus;AM;69060707;CONTATO@SSTRANSPORTE.COM;adesao_ao_decreto_1563_195;1379-0923;09/22/2033 00:00:00.000000
BRASIL;Veloceprime Transportes Ltda;5,61198E+13;AV. SETE DE MAIO, Nº 63, AME 1029, SALA 04;Manaus;AM;69059140;miguel@veloceprimetransportes.com.br;adesao_ao_decreto_1563_196;1448-1024;10/07/2034 00:00:00.000000
BRASIL;TRANSGLOBAL SERVIÇOS LTDA;1,36227E+12;Travessa do Seringal, n° 94;Manaus;AM;69075709;tgs@tgstransglobal.com.br;adesao_ao_decreto_1563_197;0095-0805;07/21/2035 21:09:55.476341
BRASIL;Transpor Logistica E Transporte Ltda;4,46573E+13;AV RODRIGO OTAVIO, Nº 2890, SALA 01B - DISTRITO INDUSTRIAL I;Manaus;AM;69075005;joaoamarildodutra@gmail.com;adesao_ao_decreto_1563_198;1236-0322;03/30/2032 00:00:00.000000
BRASIL;Transportes Carinhoso Ltda;1,56802E+12;Av. Puraquequara, 3.700 - Bairro Puraquequara;Manaus;AM;69083000;t.carinhoso@tcarinhoso.com.br;adesao_ao_decreto_1563_199;0379-0410;04/16/2020 00:00:00.000000
BRASIL;Transgatão Transportes E Comércio De Materiais De Construção E Estivas Ltda - Epp;7,24491E+12;Rua Halésia, nº 430, quadra 08, lote 26, loteamento Rio Piorini, Colônia Terra Nova;Manaus;AM;69015613;transgatao@hotmail.com;adesao_ao_decreto_1563_200;0653-1214;12/09/2034 00:00:00.000000
BRASIL;Trairi Comércio De Derivados De Petróleo Ltda;4,81105E+12;Rua São Luis, nº 80 - Adrianopolis;Manaus;AM;69057250;karinaamaral@tcdnavegacao.com.br;adesao_ao_decreto_1563_201;0915-0818;08/02/2028 00:00:00.000000
BRASIL;F H De Oliveira Peixoto - Eireli;1,58095E+13;Av. Professor Paulo Graças, nº 2505 - Tarumã-Açú;Manaus;AM;69023165;francisco@fhopeixoto.com.br;adesao_ao_decreto_1563_202;0844-0717;07/04/2027 00:00:00.000000
BRASIL;F. S. Neves Ltda;2,30364E+13;Av. da Floresta, 5.800, Loteamento Jardim Tarumanzinho, Sala 01 - Tarumã-Açu;Manaus;AM;69022332;faleconosco@brbrigida.com;adesao_ao_decreto_1563_203;1306-1022;10/20/2032 00:00:00.000000
BRASIL;SPEED TRANSPORTE MULTIMODAL DE CARGAS LIMITADA;3,11451E+13;Av. Solimões, nº 500, Sala 04;Manaus;AM;69007004;engeman.gerencia@gmail.com;adesao_ao_decreto_1563_204;0966-0119;01/18/2029 00:00:00.000000
BRASIL;SPEED TRANSPORTE MULTIMODAL DE CARGAS LIMITADA;3,11451E+13;Av. Solimões, nº 500, Sala 04;Manaus;AM;69007004;FISCAL@EXCELENCIACONTABIL.NET;adesao_ao_decreto_1563_205;0966-0119;01/18/2029 00:00:00.000000
BRASIL;Entre Pontos Serviços De Logistica Ltda;2,69158E+13;Rua Campos Bravos, nº 480, Redenção;Manaus;AM;69047000;gustavoskiadv@outlook.com;adesao_ao_decreto_1563_206;1431-0724;07/12/2034 00:00:00.000000
BRASIL;Francis José Chehuan & Cia Ltda;4,81918E+12;Avenida Pedro Teixeira, nº 1552, sala A - Dom Pedro I;Manaus;AM;69040000;f-chehuan@hotmail.com;adesao_ao_decreto_1563_207;0215-1106;10/08/2031 00:00:00.000000
BRASIL;Fs Transporte E Logística Eireli;3,67793E+13;AVENIDA TORQUATO TAPAJÓS, nº 5580, LOTE B, LJ 07 - BAIRRO DA PAZ;Manaus;AM;69048010;gerencia@fslogmao.com.br;adesao_ao_decreto_1563_208;1191-0821;08/20/2031 00:00:00.000000
BRASIL;Fs Despachos Aduaneiros Ltda;2,50976E+13;RUA LATINO COELHO, 02 QD 03 SALA 01 CONJ. ARUANÃ - COMPENSA;Manaus;AM;69036420;contabil@codama.com.br;adesao_ao_decreto_1563_209;0847-0717;07/05/2027 00:00:00.000000
BRASIL;Eficácia Transportes Ltda;3,64217E+12;Av. Puraquequara, nº 777, Sala B - Puraquequara;Manaus;AM;69009000;administrativo@hr.log.br;adesao_ao_decreto_1563_210;1357-0623;06/28/2033 00:00:00.000000
BRASIL;D C Guedes Representação Comercial, Transporte De Cargas Ltda ;1,54259E+13;RUA CARDINAL, Nº 2075, QD 12 LT 01-02 PQ DEZ, TARUMA;Manaus;AM;69022123;daianne_cguedes@hotmail.com;adesao_ao_decreto_1563_211;1370-0823;08/31/2033 00:00:00.000000
BRASIL;D Silva Oliveira - Me;1,2726E+13;Av. Barão do Rio Branco, nº 1527, sala 14 - Parque das Laranjeiras;Manaus;AM;69058581;jbinfolog@gmail.com;adesao_ao_decreto_1563_212;0707-0915;09/09/2025 00:00:00.000000
BRASIL;Delima Comércio E Navegação Ltda;5,08994E+12;RUA DESEMBARGADOR CESAR DO REGO, Nº 850, SALA 03, COLÔNIA ANTÔNIO ALEIXO;Manaus;AM;69008445;delima@delimanavegacao.com.br;adesao_ao_decreto_1563_213;0508-0812;08/30/2022 00:00:00.000000
BRASIL;H & R Transportes Ltda;1,74704E+12;AV PURAQUEQUARA, Nº 777, SALA A - PURAQUEQUARA;Manaus;AM;69009000;hugo.willian@hrlog.net;adesao_ao_decreto_1563_214;1245-0522;05/05/2032 00:00:00.000000
BRASIL;H P Logística E Navegação Multimodal Ltda;1,05267E+13;Avenida Puraquequara nº 500 - Galpão A - Puraquequara;Manaus;AM;69009000;thalles@excelenciacontabil.net;adesao_ao_decreto_1563_215;0969-0119;01/21/2029 00:00:00.000000
BRASIL;I D Saraiva De Oliveira Logistica;1,34263E+13;RUA BARÃO DO SURUÍ, Nº 11, QD 17, LT PQ LARANJEIRAS - FLORES;Manaus;AM;69058260;controladoria@idslogistica.com.br;adesao_ao_decreto_1563_216;1326-0822;08/05/2032 00:00:00.000000
BRASIL;Ils Integrated Logistic Solutions Consulting Brasil Ltda;4,86632E+12;AV BISPO PEDRO MASSA, Nº 12, QUADRA140 CJ CN ET 2 NC 6 SALA 01;Manaus;AM;69095160;elcio.mori@hotmail.com;adesao_ao_decreto_1563_217;1260-0522;05/24/2032 00:00:00.000000
BRASIL;KINGLOG TRANSPORTES MULTIMODAIS LTDA;2,6002E+13;AVENIDA DA FLORESTA, Nº 588;Manaus;AM;69022332;ivonepaula@aliancalogistic.com.br;adesao_ao_decreto_1563_218;0800-1016;10/19/2026 00:00:00.000000
BRASIL;L P Transportes Carga E Descarga Ltda;7,86638E+12;R HIDRA 99 SALA 01;Manaus;AM;69036520;lptransportescargas@yahoo.com;adesao_ao_decreto_1563_219;1412-0324;03/15/2034 00:00:00.000000
BRASIL;Jxp Projetos E Logistica Ltda;4,37133E+13;R RITA TELES, 06 - QD E11 LT 06 LT AGU;Manaus;AM;69098353;ANDRE.GONCALVES@JXPLOGISTICA.COM.BR;adesao_ao_decreto_1563_220;1450-1024;10/30/2034 00:00:00.000000
BRASIL;Jr Transportes Ltda Epp;8,44623E+13;Rua Paulo Eduardo de Lima, nº 66, conj. Ribeiro Junior - Cidade Nova;Manaus;AM;69095500;jrtrans@gmail.com;adesao_ao_decreto_1563_221;0736-0116;01/22/2026 00:00:00.000000
BRASIL;J Cruz Serviços Administrativos Para Terceiros Ltda;2,23677E+12;AVENIDA  COSME FERREIRA 362 - SALA 107 - COROADO;Manaus;AM;69082230;jcservi@hotmail.com;adesao_ao_decreto_1563_222;0511-0912;09/05/2022 00:00:00.000000
BRASIL;J Holanda Pinheiro;4,64746E+13;RUA DOMINGOS LEITE Nº 65 - DA PAZ;Manaus;AM;69048020;JEDDSON93@ICLOUD.COM;adesao_ao_decreto_1563_223;1295-0922;09/29/2032 00:00:00.000000
BRASIL;J R Da Silva Comercio Me;1,02247E+13;RUA EMILIO MOREIRA, Nº 221, CASA 01 - CENTRO;Manaus;AM;69020245;muticomercio@gmail.com;adesao_ao_decreto_1563_224;1189-0821;08/11/2031 00:00:00.000000
BRASIL;J Rivelino Moreira Ltda;1,71196E+13;AV COSME FERREIRA  Nº 2324  LOJA A - BAIRRO COROADO;Manaus;AM;69082230;contabil.ems.am@gmail.com;adesao_ao_decreto_1563_225;1444-0924;09/19/2034 00:00:00.000000
BRASIL;J. F. De Oliveira Navegação Ltda;2,27971E+13;Av. Presidente Kennedy nº 1850 - 2º andar - Bairro Colonia Oliveira Machado;Manaus;AM;69070625;dal@grupochibatao.com.br;adesao_ao_decreto_1563_226;0489-0512;05/10/2022 00:00:00.000000
BRASIL;Combitrans Amazonas Ltda;5,50159E+12;Rua Ponta Grossa, nº 303 - Galpão A - Colônia Oliveira Machado;Manaus;AM;69074190;dener.guerra@combitrans.com.br;adesao_ao_decreto_1563_227;0756-0516;05/10/2026 00:00:00.000000
BRASIL;Cnn - Cia Norte De Navegação;1,41603E+13;RUA DESEMBARGADOR CESAR REGO, Nº 850, SALA D - COLÔNIA ANTÔNIO ALEIXO;Manaus;AM;69008445;cnn@cnnnavegacao.com.br;adesao_ao_decreto_1563_228;1157-0421;04/26/2031 00:00:00.000000
BRASIL;Center Cargo Manaus Transportes Internacionais Ltda Me;8,20838E+12;Travessa Dublin, nº 388, quadra 33 S 5 - Campos Eliseos;Manaus;AM;69045080;gilberto.alves@centercargocpg.com.br;adesao_ao_decreto_1563_229;0818-0117;01/23/2027 00:00:00.000000
BRASIL;Bss Soluções Integradas Ltda - Me;1,02722E+13;Rua Epaminondas - nº 12 - conj.Shangrilar II - Parque 10 de novembro;Manaus;AM;69054691;bss@bss.srv.br;adesao_ao_decreto_1563_230;0309-1108;06/06/2033 00:00:00.000000
BRASIL;Bss Soluções Integradas Ltda - Me;1,02722E+13;Rua Epaminondas - nº 12 - conj.Shangrilar II - Parque 10 de novembro;Manaus;AM;69054691; marcelosilva@bss.srv.br;adesao_ao_decreto_1563_231;0309-1108;06/06/2033 00:00:00.000000
BRASIL;Bss Soluções Integradas Ltda - Me;1,02722E+13;Rua Epaminondas - nº 12 - conj.Shangrilar II - Parque 10 de novembro;Manaus;AM;69054691; itaelio@bss.srv.br;adesao_ao_decreto_1563_232;0309-1108;06/06/2033 00:00:00.000000
BRASIL;Bl Logística E Serviços De Transporte Eireli;3,04066E+13; Av. Elias Ramiro Bentes, n.º 1385, Bairro: Monte das Oliveiras;Manaus;AM;69093102;bllogisticaeservicos@gmail.com;adesao_ao_decreto_1563_233;1121-1020;10/27/2030 00:00:00.000000
BRASIL;B. V. Marques Epp;5,46612E+13;R DOUTOR GENTIL BITTECOURT 310 - ALVORADA II;Manaus;AM;69042120;operacionallogistica.am@gmail.com;adesao_ao_decreto_1563_234;1441-0824;08/28/2034 00:00:00.000000
BRASIL;Arc Brasil Logistica E Representações Ltda;1,68514E+13;RUA QUEMM ODYSSEY Nº 48 - CONJ. CANARANAS - CIDADE NOVA;Manaus;AM;69097110;moises@arcbrasil.com.br;adesao_ao_decreto_1563_235;1283-0822;08/22/2032 00:00:00.000000
BRASIL;Atlantis Da Amazonia Comércio Ltda;8,45022E+13;AV. ÁLVARO BOTELHO MAIA, Nº 2166, SALA 07 - ADRIANOPOLIS;Manaus;AM;69057035;graziella@atlantisdaamazonia.com.br;adesao_ao_decreto_1563_236;0543-0313;03/18/2023 00:00:00.000000
BRASIL;Am Log Transportes Ltda - Me;9,53161E+12;R. Marechal Deodoro, nº 34 - Colônia Oliveira Machado;Manaus;AM;69070840;maria brito@amlog.srv.br;adesao_ao_decreto_1563_237;0467-1211;12/16/2021 00:00:00.000000
BRASIL;Amazon Transportes Ltda;1,66177E+12;AV. ABIURANA Nº 1.474 - SALA 01 - DISTRITO INDUSTRIAL I;Manaus;AM;69075010;SANTIAGO@TRANSMAZON.COM.BR;adesao_ao_decreto_1563_238;1335-0323;03/10/2033 00:00:00.000000
BRASIL;Amazonorte Cargas Express Ltda - Me;1,74176E+12;Av. Lourenço da Silva Braga, 100 – F – Centro;Manaus;AM;69020290;contato@amazonortecargas.com.br;adesao_ao_decreto_1563_239;0346-0909;04/08/2019 00:00:00.000000
BRASIL;Agillog Transportes Multimodais Ltda,;1,91221E+13;Avenida Guaranás, Nº 53, Quadra 42, Conjunto Cidade Nova I - Cidade Nova;Manaus;AM;69090730;comercial@agillog.com.br;adesao_ao_decreto_1563_240;1410-0324;03/05/2034 00:00:00.000000
BRASIL;Adukargo Transportes, Logística E Servicos De Armazens Gerais Ltda;8,26838E+12;Avenida Autaz Mirim nº1225 - Distrito Industrial I;Manaus;AM;69075155;"	juridico@aduana-dsp.com.br";adesao_ao_decreto_1563_241;1424-0624;06/04/2034 00:00:00.000000
BRASIL;Af Logística Eireli;3,04166E+13;Av. Djalma Batista, nº 98 - Parque 10 de Novembro;Manaus;AM;69055038;tscontabilidadeltda@hotmail.com;adesao_ao_decreto_1563_242;0911-0718;07/24/2028 00:00:00.000000
BRASIL;A Andrade Picao Epp;1,86244E+13;Rua Visconde de Ouro Preto, 17, Quadra  A11, Lote 17, Parque das Laranjeiras - Bairro Flores;Manaus;AM;69058080;eirucargo.adm@gmail.com;adesao_ao_decreto_1563_243;1078-0520;05/15/2030 00:00:00.000000
BRASIL;Navegação Cidade Ltda;6,36987E+13;AV. GOVERNADOR JOSE LINDOSO Nº 2322 - MAZZARELO;Manicoré;AM;69280000;nc_cidade@hotmail.com;adesao_ao_decreto_1563_244;0428-0211;04/14/2031 00:00:00.000000
BRASIL;A J S M Serviços Contábeis Ltda;2,27622E+13;RUA DOM JOÃO III, Nº 33 A - BRILHANTE;Tabatinga;AM;69640000;abmtbt@hotmail.com;adesao_ao_decreto_1563_245;1209-1221;12/09/2031 00:00:00.000000
BRASIL;VAMIRO AVELINO DE PAIVA JUNIOR;2,95742E+13;RW - TABATINGA;Tabatinga;AM;69640000;paivatransporteseservicos@grupopaiva.com.br;adesao_ao_decreto_1563_246;1479-0325;03/21/2035 18:14:13.528581
BRASIL;A.B Gomes Refrigeração;8,17428E+12;AV .CARLOS PEREIRA DE MELO Nº 2235 - BAIRRO - CAIMBÉ;Boa Vista;RR;69312212;azamorserrao@bol.com.br;adesao_ao_decreto_1563_247;1086-0620;06/29/2030 00:00:00.000000
BRASIL;Xingu Transportes De Cargas Ltda-Me;1,06252E+13;RUA MANOEL UMBUZEIRO Nº 1754-B BAIRRO - CENTRO;Altamira;PA;68371180;XINGULOGTURISMO@YAHOO.COM.BR;adesao_ao_decreto_1563_248;0611-0314;03/10/2024 00:00:00.000000
BRASIL;Wr Transportes E Servicos Ltda;8,75493E+12;AVENIDA PRINCIPAL (PASSAGEM BOM JESUS), Nº 63 A - CIDADE NOVA;Ananindeua;PA;67130000;contato@wrtransports.com.br;adesao_ao_decreto_1563_249;1179-0621;06/25/2031 00:00:00.000000
BRASIL;Vs Logística E Transportes Ltda;3,49143E+13;RUA RICARDO BORGES Nº 328 - GUANABARA;Ananindeua;PA;67110290;antoni.soares@vslog.com.br;adesao_ao_decreto_1563_250;0628-0714;07/16/2024 00:00:00.000000
BRASIL;Alcance Transportes Ltda;2,14911E+12;Rodovia BR 316, KM 6 - Coqueiro;Ananindeua;PA;67010000;bel-cml3@granero.com.br;adesao_ao_decreto_1563_251;0620-0614;06/05/2024 00:00:00.000000
BRASIL;Ananin Cargo Logística Ltda - Epp;4,69699E+12;Rodovia BR 316, km 7, Terminal de Cargas. s/n, Módulo 6 B-C;Ananindeua;PA;67030000;ananintransportes@gmail.com;adesao_ao_decreto_1563_252;0771-0716;02/26/2036 17:22:47.724691
BRASIL;H.F. Correia Transportes Epp;1,07114E+13;Estrada do Guajará, nº 11 - Coqueiro;Ananindeua;PA;67145470;amazon.cargas@yahoo.com.br;adesao_ao_decreto_1563_253;1087-0720;07/09/2030 00:00:00.000000
BRASIL;Djm Pereira - Eireli;8,42017E+13;EST. DO CAIXA PARÁ, 120 - LEVILANDIA;Ananindeua;PA;67015520;djm@djmpereira.com.br;adesao_ao_decreto_1563_254;0354-1009;11/06/2029 00:00:00.000000
BRASIL;Djm Transporte E Logística Ltda Me;1,25711E+13;Rua Distrito Industrial, nº 10 setor E e quadra 15 - lotes de 01 a 08 galpão B;Ananindeua;PA;67035330;cjsegtowich@hotmail.com;adesao_ao_decreto_1563_255;0810-1216;12/07/2026 00:00:00.000000
BRASIL;Mauro F Lobato Ltda;3,94243E+13;AVENIDA GOVERNADOR HÉLIO DA MOTA GUEIROS, 2227 , QUARENTA HORAS (COQUEIRO);Ananindeua;PA;67120370;mauro.operacional@gmail.com;adesao_ao_decreto_1563_256;1425-0624;06/11/2034 00:00:00.000000
BRASIL;Multipark Armazéns Gerais E Logística Ltda;2,24549E+13;Rodovia BR 316 Km 04 bloco E e F da Multipark Condomínio de Empresas - Guanabara;Ananindeua;PA;67110000;contato@grupomultipark.com.br;adesao_ao_decreto_1563_257;0807-1116;11/22/2026 00:00:00.000000
BRASIL;Transamazônica Logística E Transportes Ltda;6,06315E+12;Av. Principal Pass Bom Jesus, 63 - Cidade Nova III;Ananindeua;PA;67130000; transamazonica@transamazonica.com.br;adesao_ao_decreto_1563_258;0355-1009;10/27/2019 00:00:00.000000
BRASIL;Rodocymar Transportes Ltda - Epp;2,76362E+12;"Rodovia BR 316, km 7 - Terminal de Cargas - Módulo B-6 A"" - Centro""";Ananindeua;PA;67030000;rodocymar@gmail.com;adesao_ao_decreto_1563_259;0787-0816;08/02/2026 00:00:00.000000
BRASIL;Ultracargo Vila Do Conde Logística Portuária S.A.;3,41301E+13;Rodovia PA 481, Km 2.3,  Porto de Vila do Conde, VDC12, Vila do Conde;Barcarena;PA;68447000;carlos.arruti@ultracargo.com.br;adesao_ao_decreto_1563_260;1360-0723;07/04/2033 00:00:00.000000
BRASIL;Matapi Transporte Multimodal Ltda;2,10193E+13;ROD. PA 483 - S/N - KM 09 - VILA DE MURUCUPI;Barcarena;PA;68447000;PEDROBARBOSA67@GMAIL.COM;adesao_ao_decreto_1563_261;1341-0323;03/23/2033 00:00:00.000000
BRASIL;Hidrovias Do Brasil - Vila Do Conde S.A.;1,35747E+13;Avenida Verde e Branco , s/n  - Itupanema;Barcarena;PA;68445000;juridico@hbsa.com.br;adesao_ao_decreto_1563_262;0986-0519;05/09/2029 00:00:00.000000
BRASIL;Henvil Transportes Ltda.;8,38921E+13;TRAV. QUINTINO BOCAIÚVA, 2301, SALA 2101, CREMAÇÃO;Belém;PA;66045315;henvil.contabilidade@hotmail.com;adesao_ao_decreto_1563_263;0356-1009;10/27/2019 00:00:00.000000
BRASIL;Ilza Leão Da Silva Cunha;2,29981E+13;Travessa Mauriti, nº 178 - sala 1 - Pedreira;Belém;PA;66083000;cunhaeleaocomercio@gmail.com;adesao_ao_decreto_1563_264;0765-0616;06/16/2026 00:00:00.000000
BRASIL;J. Ribeiro Rosa Me;1,55738E+13;Rodovia Arthur Bernardes, km 14, nº 9220 - Tapana;Belém;PA;66825000;jacob@rodonortecargas.com.br;adesao_ao_decreto_1563_265;0671-0415;04/29/2025 00:00:00.000000
BRASIL;Karina Maria De M. Antunes Da Silva Cunha Transportes E Logística - Eireli;3,96134E+13;TRAVESSA MAURITI Nº 178 B - TELEGRAFO SEM FIO;Belém;PA;66083000;jmantunesexpress@gmail.com;adesao_ao_decreto_1563_266;1193-1021;10/04/2031 00:00:00.000000
BRASIL;L H P Reis Ltda;1,84046E+13;PASSAGEM UBERABA, Nº 280, QD. D, LT 110 GALPAO, BAIRRO TAPANA (ICOARACI);Belém;PA;66825020;lhpaivareis@gmail.com;adesao_ao_decreto_1563_267;1463-1224;12/30/2034 00:00:00.000000
BRASIL;Diviplan Serviços De Entrega, Transportes E Logística Ltda - Me;8,85181E+12;Av. Doutor Freitas nº 854 sala A - Marco;Belém;PA;66087810;gerenciadivilog@gmail.com;adesao_ao_decreto_1563_268;0610-0214;02/20/2024 00:00:00.000000
BRASIL;Estaleiros Padre Julião Ltda;5,44244E+12;Rua Arthur Bernardes, nº 351 - Telégrafo;Belém;PA;66115000;rrebello@amazondryport.com.br;adesao_ao_decreto_1563_269;0211-1106;11/28/2026 00:00:00.000000
BRASIL;Belnave Rodofluvial E Logística Ltda;3,48895E+13;Furo do Pinheiro, s/n - Loteamento Jardim Paissanremo - Bairro Icoaraci;Belém;PA;66813250;edgar@unirios.com.br;adesao_ao_decreto_1563_270;0715-1015;10/08/2025 00:00:00.000000
BRASIL;Cosmo Logistica E Servicos Portuarios Eireli;1,96677E+13;R MUNICIPALIDADE, Nº 985, SL 2115 - EDIF. MIRAI OFFICE - UMARIZAL;Belém;PA;66050350;alberto@cosmolog.com.br;adesao_ao_decreto_1563_271;1262-0522;05/26/2032 00:00:00.000000
BRASIL;MARCELA MARTINEZ PIMENTEL;7,02681E+12;Travessa Dr. Eneas Pinheiro, n° 1018  ;Belém;PA;66083158;fiscal@conceitocontab.com.br;adesao_ao_decreto_1563_272;0171-0206;08/24/2036 19:01:39.165535
BRASIL;MARCELA MARTINEZ PIMENTEL;7,02681E+12;Travessa Dr. Eneas Pinheiro, n° 1018  ;Belém;PA;66083158;escritorio_tim@hotmail.com;adesao_ao_decreto_1563_273;0171-0206;08/24/2036 19:01:39.165535
BRASIL;Marajó Locação E Serviços Ltda-Me;6,386E+13;TV. APINAGES Nº 1340-B - CONDOR;Belém;PA;66045110;financeiro2@marajoveiculos.com.br;adesao_ao_decreto_1563_274;0594-1113;11/14/2023 00:00:00.000000
BRASIL;Msr Transportes De Cargas E Encomendas Ltda - Epp;2,53153E+12;Avenida Romulo Maioranam nº 1149;Belém;PA;66093005;diretor@msrtransportes.com.br;adesao_ao_decreto_1563_275;0757-0516;05/10/2026 00:00:00.000000
BRASIL;M & M Andrade Transportes Ltda - Epp;9,29555E+12;Av. 25 de Setembro, nº 386 - Marco;Belém;PA;66093005;andrade@expressoandrade.com;adesao_ao_decreto_1563_276;0777-0716;07/20/2026 00:00:00.000000
BRASIL;Musan Mudanças Ltda - Epp;8,36716E+13;Passagem Gestão, nº 379 - Sacramenta;Belém;PA;66120310;demamatos@hotmail.com;adesao_ao_decreto_1563_277;0860-0917;09/29/2027 00:00:00.000000
BRASIL;N L Transporte Multimodal Ltda;7,70271E+12;RODOVIA BR ARTHUR BERNARDES Nº 5885 - KM 14 - TAPANÃ;Belém;PA;66825000;GIANFB@LINAVE.COM.BR;adesao_ao_decreto_1563_278;1100-0820;08/05/2030 00:00:00.000000
BRASIL;Norte Log Ltda.;1,38613E+13;Estrada do Outeiro, s/nº, Setor A,Quadra 01, Lotes 4 e 5 - Campina de Icoaraci;Belém;PA;66813250;assessoria.bel@norteloglogistica.com.br;adesao_ao_decreto_1563_279;0500-0812;08/12/2032 00:00:00.000000
BRASIL;W S MUSAM LOGÍSTICA LTDA;2,82057E+13;Avenida Bernardo Sayão, nº 3224, box 1 ;Belém;PA;66033192;musamlog@gmail.com;adesao_ao_decreto_1563_280;0854-0817;08/22/2027 00:00:00.000000
BRASIL;Rio Matapi Navegação Ltda;1,44945E+13;DISTRITO INDUSTRIAL DE ICOARACI - ESTRADA DA MARACACUERA S/N - KM 5 -;Belém;PA;66815140;SERVIMPE@TERRA.COM.BR;adesao_ao_decreto_1563_281;0545-0313;03/01/2023 00:00:00.000000
BRASIL;Unirios Rodofluvial E Logística Ltda;8,33469E+13;Furo do Pinheiro, S/N, Loteamento Jardim Paissanremo - Distrito de Icoaraci;Belém;PA;66813250;edgar@unirios.com.br;adesao_ao_decreto_1563_282;0609-0214;02/20/2024 00:00:00.000000
BRASIL;Transtemy Navegação E Logística Tnl Ltda;5,35426E+13;Av. Pedro Álvares Cabral, 1323 – Umarizal;Belém;PA;66050400;secretaria@gruposanave.com.br;adesao_ao_decreto_1563_283;0329-0309;03/11/2019 00:00:00.000000
BRASIL;Vale & Vale Serviços De Agenciamento De Cargas Ltda - Epp;1,92551E+13;TV Altamira nº 3271, Sala A, Cj. Bela Vista - Vale Cães;Belém;PA;66617130;ivanetevale.fernet@hotmail.com;adesao_ao_decreto_1563_284;0601-0114;01/24/2024 00:00:00.000000
BRASIL;Trans-Aires Logística Ltda;3,41929E+12;Estrada da Maracacuera, lotes 10, 11 e 12, quadra 01, setor A -  Distrito Industrial de Icoaraci;Belém;PA;66815520;nelson.aires@majonav.com.br;adesao_ao_decreto_1563_285;1140-0121;01/18/2031 00:00:00.000000
BRASIL;Rodobelém Transportes Ltda;5,57332E+12;TRAVESSA MAURITI Nº 178  - PEDREIRA;Belém;PA;66240000;RODOBELEM@HOTMAIL.COM;adesao_ao_decreto_1563_286;0436-0511;05/11/2021 00:00:00.000000
BRASIL;Sabino De Oliveira Comércio E Navegação S.A;4,87216E+12;AV. PEDRO ALVARES CABRAL Nº 1.323 - TELEGRAFO;Belém;PA;66050400;ajuridica@gruposanave.com.br;adesao_ao_decreto_1563_287;0584-0913;09/19/2023 00:00:00.000000
BRASIL;Techlog - Transporte Rodoviário De Carga E Mudança Ltda - Me;1,45457E+13;PASSAGEM COMERCIÁRIOS, Nº 9 - COQUEIRO;Belém;PA;66650550;techlogtransporte@hotmail.com;adesao_ao_decreto_1563_288;0606-0214;02/04/2024 00:00:00.000000
BRASIL;T DE S M MATOS - LTDA;2,06016E+13;Travessa Padre Eutíquio, 2911,;Belém;PA;66045225;TM.LOG@BOL.COM.BR;adesao_ao_decreto_1563_289;0642-1014;05/26/2036 17:11:01.392804
BRASIL;T DE S M MATOS - LTDA;2,06016E+13;Travessa Padre Eutíquio, 2911,;Belém;PA;66045225;tmlog.br@gmail.com;adesao_ao_decreto_1563_290;0642-1014;05/26/2036 17:11:01.392804
BRASIL;World Log Transportes Ltda - Me;3,49311E+13;Estrada do Outeiro, s/n - setor A - Qd 01 - Lotes 4 e 5 - Campina;Belém;PA;66813250;geral@worldlogistica.com.br;adesao_ao_decreto_1563_291;0654-1214;12/23/2024 00:00:00.000000
BRASIL;ECM TRANSPORTES, COMÉRCIO E SERVIÇOS LTDA;5,99281E+13;PASSAGEM GASTÃO, Nº 379 B;Belém;PA;66120310;ecmtransportesmultimodal@gmail.com;adesao_ao_decreto_1563_292;1541-0526;05/26/2036 18:05:44.749245
BRASIL;Train Transportes Inteligentes Ltda - Me;3,41585E+12;Rodovia BR 316, Km 23/24 - Condomínio Alianza Park B - Campestre;Benevides;PA;68795000;matriz@transglobal.com.br;adesao_ao_decreto_1563_293;0815-1216;12/16/2026 00:00:00.000000
BRASIL;Transglobal Norte Transportes Ltda;8,33257E+13;Rodovia BR 316, Km 23/24, s/nº - galpão 2 - Condomínio Alianza Park - Campestre;Benevides;PA;68795000;matriz@transglobal.com.br;adesao_ao_decreto_1563_294;0012-0305;02/04/2025 00:00:00.000000
BRASIL;Transportes Magalhães Benevides Ltda;5,91187E+12;TV PRIMEIRA, ESTRADA DE NEOPOLIS, S/N, GALPAO B - CANUTAMA;Benevides;PA;68795000;contabil@transmagalhaes.com.br;adesao_ao_decreto_1563_295;1401-0124;01/17/2034 00:00:00.000000
BRASIL;Magalhães Logística Ltda;9,23023E+12;ROD. BR 316 Nº 03 KM 22 - CANUTAMA;Benevides;PA;68795000;CARLA@TRANSMAGALHAES.COM.BR;adesao_ao_decreto_1563_296;1001-0719;07/10/2029 00:00:00.000000
BRASIL;Mandacaru Logistica Ltda;4,27341E+13;RUA PROFESSORA LAURENTINA RAMOS, Nº 107, SALA 02, CENTRO;Benevides;PA;68795000;bel-adm3@granero.com.br;adesao_ao_decreto_1563_297;1204-1121;11/23/2031 00:00:00.000000
BRASIL;Manoel Junior Cunha Transportes Eireli;2,47116E+13;Rua Justo Chermont, nº 495 - anexo 1 - Centro;Bragança;PA;68600000;bragancaexpress1@gmail.com;adesao_ao_decreto_1563_298;0780-0716;07/22/2026 00:00:00.000000
BRASIL;Trans Cristal Transportes E Representações Ltda;4,05108E+12;Avenida Presidente Vargas nº 80 Bairro Cristo Redentor;Castanhal;PA;68741000;transcristalltda@yahoo.com.br;adesao_ao_decreto_1563_299;0513-0912;09/05/2022 00:00:00.000000
BRASIL;Ativos Transportes E Logistica Ltda;4,5564E+13;TV CONEGO LUIS LEITAO, Nº 1975 - BOX A - PIRAPORA;Castanhal;PA;68740120;ativostransportes@gmail.com;adesao_ao_decreto_1563_300;1274-0722;07/07/2032 00:00:00.000000
BRASIL;A C Taveira & Cia Ltda;7,91923E+12;Trav. 1º de Maio, nº 2035, Altos, sala B - Nova olinda;Castanhal;PA;66743040;taveira@expressotaveira.com.br;adesao_ao_decreto_1563_301;0778-0716;07/20/2026 00:00:00.000000
BRASIL;Vbs Empreendimentos Ltda;4,28994E+13;RUA ANTAO FERREIRA DO VALLE, S/N, BELA VISTA,Nº 352;Itaituba;PA;68180460;SOUZABEZERRAVITOR@GMAIL.COM;adesao_ao_decreto_1563_302;1337-0323;03/13/2033 00:00:00.000000
BRASIL;R&J Campos Serviços Ltda;1,04478E+13;RUA NOSSA SENHORA DO BOM REMÉDIO Nº 948 - BELA VISTA;Itaituba;PA;68180380;floraagro@hotmail.com;adesao_ao_decreto_1563_303;1340-0323;03/22/2033 00:00:00.000000
BRASIL;Am & Am Transportes Ltda;1,02662E+13;QUADRA QUINZE - FOLHA 30 - S/N - LOTE 07 - SALA F - NOVA MARABÁ;Marabá;PA;68507445;BRAZMENEZES@GRANERO.COM.BR;adesao_ao_decreto_1563_304;1101-0820;08/05/2030 00:00:00.000000
BRASIL;Norte Brasil Logística Ltda;1,08896E+13;R DEZENOVE DE JULHO, N° 19, URIBOCA;Marituba;PA;67202520;qualidade@nbllog.com.br?;adesao_ao_decreto_1563_305;1472-0225;02/18/2035 12:26:39.673870
BRASIL;M. C. Transportes E Locações De Serviços Ltda;3,05232E+13;Rua J2, S/N, Quadra 275, Lote 46, 6 Etapa - Cidade Jardim;Parauapebas;PA;68515000;marceloanjos2010@hotmail.com;adesao_ao_decreto_1563_306;1338-0323;03/14/2033 00:00:00.000000
BRASIL;Borges & Silva Construção Civil E Eletrica Ltda;2,29211E+13;TV MORAES SARMENTO 782 - SANTA CLARA;Santarém;PA;68005360;advmarkao@gmail.com;adesao_ao_decreto_1563_307;1226-0222;02/15/2032 00:00:00.000000
BRASIL;Cianport - Cia Norte De Navegação E Portos;1,47898E+13;Rua Claudio Lucio Monteiro - nº 1380 - Novo Horizonte;Santana;AP;68926000;rafael.esteves@cianport.com.br;adesao_ao_decreto_1563_308;1122-1120;11/11/2030 00:00:00.000000
BRASIL;Atual Cargas Transportes Ltda;8,84823E+12;TO-050, KM 4, SALA 01 -  ZONA RURAL;Palmas;TO;77064596;gleyson.faria@atualcargas.com.br;adesao_ao_decreto_1563_309;0971-0119;01/21/2029 00:00:00.000000
BRASIL;Asa Log Transporte E Logistica Ltda - Me;1,0808E+13;QUADRA 104 NORTE  - RUA-NE 11 - Nº 46 - LOTE 41 - SALA 04A - PLANO DIRETOR NORTE;Palmas;TO;77006030;ADM@GRUPOCONEXAO.COM.BR;adesao_ao_decreto_1563_310;0630-0714;07/16/2024 00:00:00.000000
BRASIL;Cargopag Transportes Ltda;3,58452E+13;Via de acesso A Emiliano Macieira/Acesso a BR 135, nº 100, loja 12 - Vila Maranhão;São Luís;MA;65091320;cargopagotm@gmail.com;adesao_ao_decreto_1563_311;1105-0820;08/20/2030 00:00:00.000000
BRASIL;Entrega Ja Logistica E Servicos Eireli;2,70696E+13;AV SANTOS DUMONT, N° 66, LOJA 01 - ANIL;São Luís;MA;65046660;parafiscal03@gmcontabil.cnt.br;adesao_ao_decreto_1563_312;1268-0622;06/22/2032 00:00:00.000000
BRASIL;D I Logística Eireli;2,61352E+13;AV. BR 135 / ENGENHEIRO EMILIANO MACIEIRA, Nº 2020, KM 12 - RIO GRANDE;São Luís;MA;65095603;murillo@dilogistica.com;adesao_ao_decreto_1563_313;1211-1221;12/16/2031 00:00:00.000000
BRASIL;Intrading Global Ltda;2,45206E+13;AV. COLARES MOREIRA - QUADRA 32, LOTE 03-A. S/N - 12 E 13 - RENASCENÇA II;São Luís;MA;65075441;WANDERSON.MENDES@INTRADINGGLOBAL.COM;adesao_ao_decreto_1563_314;1010-0819;08/16/2029 00:00:00.000000
BRASIL;R V De Sousa Junior Transportes Ltda;3,82275E+13;VIA DE ACESSO À BR 135, AVENIDA EMILIANO MACIEIRA, Nº 1001, SALA 06 -  VILA MARANHÃO;São Luís;MA;65091320;RONALDOVIEIRAVICE@GMAIL.COM;adesao_ao_decreto_1563_315;1322-0123;01/30/2033 00:00:00.000000
BRASIL;Transulog Logística E Transporte Ltda;1,02687E+13;Av. Engenheiro Emiliano Macieira, 2000 - Maracanã;São Luís;MA;65095602;bene@transultransporte.com.br;adesao_ao_decreto_1563_316;0353-1009;03/09/2019 00:00:00.000000
BRASIL;Tsf Transporte E Locação Eireli - Me;1,34378E+13;Av. Engenheiro Emiliano Macieira, nº 215, Km 06, sala 16 A - Maracanã;São Luís;MA;65095602;ivanira@transultratransporte.com.br;adesao_ao_decreto_1563_317;0883-0218;02/02/2028 00:00:00.000000
BRASIL;Transportadora Rodonorte Ltda;1,34316E+12;AV. ENGENHEIRO EMILIANO MACIEIRA, N 2000, COMP: G RODOVIA BR 135 - MARACANA;São Luís;MA;65095602;ivanira@transultransporte.com.br;adesao_ao_decreto_1563_318;0879-0118;01/02/2028 00:00:00.000000
BRASIL;ENTREGA JA MULTIMODAL LTDA;3,78636E+13;Av. Santos Dumont;São Luís;MA;65046660;j.rubim@entregaja.com.br;adesao_ao_decreto_1563_319;1551-0826;08/14/2036 15:47:52.941935
BRASIL;Logicfull Transporte Multimodal Ltda;4,23754E+13;RUA SERGIPE, Nº 814, SALA 2 - PIRAJA;Teresina;PI;64003720;mario@mearimmotos.com.br;adesao_ao_decreto_1563_320;1237-0322;03/30/2032 00:00:00.000000
BRASIL;Jlm De Almeida - Epp;8,69607E+13;AV. CENTENÁRIO Nº 1712. BAIRRO - AEROPORTO;Teresina;PI;64003700;gustavoskiadv@outlook.com;adesao_ao_decreto_1563_321;1103-0820;08/07/2030 00:00:00.000000
BRASIL;Transrápido Logística Ltda Me;6,13559E+12;TV. INTENDENTE BERNADINO PROENÇA, 592 -  BAIRRO CENTRO;Baturité;CE;62760000;cidagomesassis@bol.com.br;adesao_ao_decreto_1563_322;1026-1019;10/08/2029 00:00:00.000000
BRASIL;Tb Transportes Ltda;1,42334E+13;Rua Antero da Costa Gadelha, 10 - Genipapo;Caucaia;CE;61616025;diretoria@tbtransportes.srv.br;adesao_ao_decreto_1563_323;0820-0117;01/23/2027 00:00:00.000000
BRASIL;Tmc - Terminal Multimodal De Cargas E Beneficiamento De Coque Ltda;2,27122E+13;Rod. CE 422, km 17, s/nº - Sítio Salgado;Caucaia;CE;61600970;GERENTEFINANCEIRO@TBTRANSPORTES.SRV.BR;adesao_ao_decreto_1563_324;0945-1018;10/19/2028 00:00:00.000000
BRASIL;C C G DE M TELES DE QUENTAL LTDA;1,67473E+13;Sítio Paraíso, nº 90 ;Crato;CE;63138000;financeiro@ccglog.com.br;adesao_ao_decreto_1563_325;1530-0226;02/26/2036 16:32:32.334655
BRASIL;C C G DE M TELES DE QUENTAL LTDA;1,67473E+13;Sítio Paraíso, nº 90 ;Crato;CE;63138000;faturamento@ccglog.com.br;adesao_ao_decreto_1563_326;1530-0226;02/26/2036 16:32:32.334655
BRASIL;B M Locação E Logística Eireli;3,43146E+13;R. IRMA AMBROSINA Nº 115 - SALA 02  ALTOS - CENTRO;Eusébio;CE;61760000;COPRAL@COPRAL.COM.BR;adesao_ao_decreto_1563_327;1139-0121;01/18/2031 00:00:00.000000
BRASIL;Benel Transportes E Logistica Ltda;4,33328E+13;R VICENTE LINHARES, nº 500, SL. 1402 - ALDEOTA;Fortaleza;CE;60135270;beneltransporte@gmail.com;adesao_ao_decreto_1563_328;1277-0822;08/05/2032 00:00:00.000000
BRASIL;Blt Logística Eireli;2,30684E+13;RUA SANTA CATARINA 437 - PAN AMERICANO;Fortaleza;CE;60440125;kamila@bltagua.com;adesao_ao_decreto_1563_329;1149-0321;03/23/2031 00:00:00.000000
BRASIL;Ar E Mar Assessoria Aduaneira E Logística Internacional Ltda - Me;1,48832E+13;Rua Osvaldo Cruz, nº 1 - sala 409 - Meireles;Fortaleza;CE;60125150;atendimento@aremarcomex.com.br;adesao_ao_decreto_1563_330;0750-0416;04/13/2026 00:00:00.000000
BRASIL;Carlos Alberto Aguiar Gouveia;3,47608E+13;AV SANTOS DUMONT, Nº 2789, SALA 807 - ALDEOTA;Fortaleza;CE;60150165;carlos@cgcomex.com.br;adesao_ao_decreto_1563_331;1248-0522;05/05/2032 00:00:00.000000
BRASIL;Confiança Mudança E Transportes Ltda;7,22388E+12;AV. LUCIANO CARNEIRO, 2255 - A  - BAIRRO VILA UNIÃO;Fortaleza;CE;60410691;decad@confiancabr.com.br;adesao_ao_decreto_1563_332;0398-0710;07/26/2020 00:00:00.000000
BRASIL;Cti - Ceará Transportes Internacionais Ltda - Epp;7,34233E+12;Avenida Desembargador Moreira, nº 2800 salas 603 a 606;Fortaleza;CE;60170172;project@cticargo.com.br;adesao_ao_decreto_1563_333;0695-0715;07/29/2025 00:00:00.000000
BRASIL;Hs Comércio E Logística Eireli;1,09437E+13;RUA OSVALDO CRUZ Nº 01, SALA 301, 3º ANDAR, EDIFÍCIO BEIRA MAR TRADE CENTER - MEIRELES;Fortaleza;CE;60125150;heverson@hstrade.com.br;adesao_ao_decreto_1563_334;0504-0812;08/30/2022 00:00:00.000000
BRASIL;Guanabara Express Transporte De Cargas Ltda;8,70706E+12;Rod. BR 116 - Km 06, nº 2001 - Parque Iracema;Fortaleza;CE;60824115;contabilidade@guanabaraexpress.com.br;adesao_ao_decreto_1563_335;0939-0918;09/21/2028 00:00:00.000000
BRASIL;Ftl - Ferrovia Transnordestina Logística S.A.;1,72342E+13;AV. FRANCISCO SÁ Nº 4829 - ÁLVARO WEYNE;Fortaleza;CE;60335195;ricardo.fernandes@tlsa.com.br;adesao_ao_decreto_1563_336;0597-1213;12/16/2023 00:00:00.000000
BRASIL;Tmn - Terminal Multimodal Do Nordeste;2,49154E+13;Av. Santos Dumont, nº 2828, sala 1506;Fortaleza;CE;60150161;msalazar@tmnordeste.com.br;adesao_ao_decreto_1563_337;0831-0417;04/28/2027 00:00:00.000000
BRASIL;Termaco - Terminais Marítimos De Containers E Serviços Acessórios Ltda;1,15523E+13;Rodovia BR 116, km 4, nº 7250 - Cajazeiras;Fortaleza;CE;60864012;edvar@termaco.com.br;adesao_ao_decreto_1563_338;0789-0816;08/17/2036 17:17:40.981889
BRASIL;T M Cargas Aéreas E Logistica Ltda;1,49107E+12;RUA PERDIGÃO DE OLIVEIRA, Nº 151, LOJA C - PARANGABA;Fortaleza;CE;60720570;tmcargas@tmcargas.com.br;adesao_ao_decreto_1563_339;1395-0124;01/09/2034 00:00:00.000000
BRASIL;Univans Mudanças E Transportes Eirelli-Epp;1,48395E+13;RUA LIVREIRO GUALTER Nº 589 - VILA UNIÃO;Fortaleza;CE;60420130;decad@confiancabr.com.br;adesao_ao_decreto_1563_340;0576-0813;08/14/2023 00:00:00.000000
BRASIL;Transbet Transporte E Logística Ltda;7,37084E+12;RUA VICENTE LINHARES Nº 500 - SALA 1305 - BAIRRO ALDEOTA;Fortaleza;CE;60135270;comercial@transbet.com.br;adesao_ao_decreto_1563_341;1168-0621;06/14/2031 00:00:00.000000
BRASIL;LDI LOGISTICS LTDA;1,87546E+13;Avenida 13 de maio, 1096, sala 501,  bairro Fátima,;Fortaleza;CE;60040530;OPS@LDI-LOGISTICS.COM;adesao_ao_decreto_1563_342;1438-0824;08/16/2034 00:00:00.000000
BRASIL;FORTAL LOG TRANSPORTES E SERVIÇOS LOGISTICOS LTDA;1,5522E+13;RUA MANOEL RODRIGUES, Nº 631;Fortaleza;CE;60861015;zakaria@fortallog.com.br;adesao_ao_decreto_1563_343;1514-0925;09/09/2035 14:21:21.257188
BRASIL;FORTAL LOG TRANSPORTES E SERVIÇOS LOGISTICOS LTDA;1,5522E+13;RUA MANOEL RODRIGUES, Nº 631;Fortaleza;CE;60861015;marcos.masullo@fortallog.com.br;adesao_ao_decreto_1563_344;1514-0925;09/09/2035 14:21:21.257188
BRASIL;Importcargo Multimodal Ltda;6,0742E+13;Avenida Pontes Vieira, nº 2340, Sala 508;Fortaleza;CE;60135238;marcelo@importcargo.com.br;adesao_ao_decreto_1563_345;1503-0625;06/18/2035 13:18:11.942580
BRASIL;ACCESS GLOBAL CHARTERING E TRANSPORTES LTDA;6,01184E+13;AVENIDA WASHINGTON SOARES, N 55;Fortaleza;CE;60811341;G.MARTENDAL@ACCESSLOGISTICS.COM.BR;adesao_ao_decreto_1563_346;1507-0725;07/10/2035 12:29:09.365980
BRASIL;Vip Transporte De Cargas Ltda;5,99612E+12;Rua Cônego Lima Sucupira, 1275 - Serrinha;Fortaleza;CE;60741255;ronaldo@vipcargasaereas.com.br;adesao_ao_decreto_1563_347;1131-1220;12/14/2030 00:00:00.000000
BRASIL;TM EXPERT TRANSPORTE AEREO LTDA;5,14763E+13;Avenida do Anjos nº 1417, lj 01 e 02;Fortaleza;CE;60720605;tmcargas@tmcargas.com.br;adesao_ao_decreto_1563_348;1484-0325;03/31/2035 14:12:41.992405
BRASIL;Skymar Logistics Ltda;2,49101E+13;Av. Presidente Castelo Branco, nº 1940, galpão A, sala 1 - Catole;Horizonte;CE;62880970;jorge.santos@ecxglobal.com.br;adesao_ao_decreto_1563_349;0823-0117;01/25/2027 00:00:00.000000
BRASIL;Copral Comércio E Navegação Ltda;7,26971E+12;VIA DE LIGAÇÃO 3, 331 - DISTRITO INDUSTRIAL III;Maracanaú;CE;61931060;rosanne@copral.com.br;adesao_ao_decreto_1563_350;1125-1120;11/13/2030 00:00:00.000000
BRASIL;Braslog Transporte E Logistica Ltda;3,52852E+13;BR 304, KM 301, Nº 1000 - DISTRITO INDUSTRIAL 1, LOTEAMENTO 9914.0012.6223, SETOR 4;Macaíba;RN;59280000;comercial@brasloger.com.br;adesao_ao_decreto_1563_351;0983-0519;05/08/2029 00:00:00.000000
BRASIL;L’Auto Cargo Transporte Rodoviário S/A;7,18926E+12;RUA ALDO DE MELO FREIRE,1675 - CAPIM MACIO;Natal;RN;59082030;contabilidade@lauto.com.br;adesao_ao_decreto_1563_352;0349-1009;05/18/2033 00:00:00.000000
BRASIL;Rtx Logistics, Consulting, Transport & Projects Ltda;1,45323E+13;Rua Canopus,;Parnamirim;RN;59158775;comercial@rtxlogistics.com;adesao_ao_decreto_1563_353;0470-0112;12/12/2032 00:00:00.000000
BRASIL;Rtx Logistics, Consulting, Transport & Projects Ltda;1,45323E+13;Rua Canopus,;Parnamirim;RN;59158775;adminrtxlogistics@hotmail.com;adesao_ao_decreto_1563_354;0470-0112;12/12/2032 00:00:00.000000
BRASIL;Rtx Transportes & Logística Ltda - Me;7,54337E+12;RUA DOS JURITÍS, Nº 13B, SALA 01, NOVA PARNAMIRIM;Parnamirim;RN;59150210;comercial@rtxlogistics.com;adesao_ao_decreto_1563_355;1279-0822;08/18/2032 00:00:00.000000
BRASIL;Transportes Novo Nordeste Ltda;8,02539E+12;AVENIDA PILOTO PEREIRA TIM, 1890, PARQUE DE EXPOSIÇÕES;Parnamirim;RN;59146480;segundo@novonordeste.com.br;adesao_ao_decreto_1563_356;1018-0919;09/23/2029 00:00:00.000000
BRASIL;Transunião Transportadores Ltda;9,32237E+12;AV. ASSIS CHATEAUBRIAND, Nº 3877, SALA 02 - DISTRITO INDUSTRIAL;Campina Grande;PB;58411450;rmendes@bentonit.com.br;adesao_ao_decreto_1563_357;1174-0621;06/24/2031 00:00:00.000000
BRASIL;Transpinheiro Transportes Ltda;5,99005E+12;AV. PREF. PEDRO EULAMPIO DA SILVA, 3241, BAIRRO SÃO JOÃO;São Bento;PB;58865000;transpinheiro.pb@gmail.com;adesao_ao_decreto_1563_358;1034-1219;12/27/2029 00:00:00.000000
BRASIL;ALÉM-MAR TRANSPORTES E NAVEGAÇÃO LTDA;7,9951E+12;Rua Nice Cordeiro, nº 01;Fernando de Noronha;PE;53990000;pedro@alemmartransportes.com.br;adesao_ao_decreto_1563_359;1515-0925;09/25/2035 19:00:08.562325
BRASIL;Andaluz Logística E Transportes Ltda;6,10147E+12;RODOVIA PE 60, KM 10, S/N  - COMPLEXO INDUSTRIAL PORTUARIO SUAPE;Ipojuca;PE;55590000;eduardo@andaluztransportes.com.br;adesao_ao_decreto_1563_360;0603-0114;01/24/2024 00:00:00.000000
BRASIL;Ciat - Centro Integrado De Armazenagem E Transporte Ltda;1,44087E+13;RUA REPÚBLICA ESLOVACA, 1121 - MURIBECA;Jaboatão dos Guararapes;PE;54350195;comercial@ciatlogistica.com.br;adesao_ao_decreto_1563_361;1014-0919;09/05/2029 00:00:00.000000
BRASIL;Store Logística E Armazéns Gerais Ltda;1,29171E+13;RUA  RIACHÃO, 807,  GALPÃO A, MÓDULO 9 - MURIBECA;Jaboatão dos Guararapes;PE;54355057;comercial@brasmundi.com.br;adesao_ao_decreto_1563_362;1071-0420;04/17/2030 00:00:00.000000
BRASIL;Store Logística E Armazéns Gerais Ltda;1,29171E+13;RUA  RIACHÃO, 807,  GALPÃO A, MÓDULO 9 - MURIBECA;Jaboatão dos Guararapes;PE;54355057; alexandre@brasmundi.com.br;adesao_ao_decreto_1563_363;1071-0420;04/17/2030 00:00:00.000000
BRASIL;Progresso Logística E Transporte Ltda;1,05809E+13;RUA OITENTA, Nº 100, QUADRA B, LOTE 01, ÁREA 08 - CURADO;Jaboatão dos Guararapes;PE;54270165;secretaria@adtsa.com.br;adesao_ao_decreto_1563_364;1323-0123;01/30/2033 00:00:00.000000
BRASIL;Msn Transporte Rodoviario E Logistica Ltda;1,70856E+13;AVENIDA BERNARDO VIEIRA DE MELO, Nº 3462, SALA 1302 - PIEDADE;Jaboatão dos Guararapes;PE;54420010;marcone@hmlog.com.br;adesao_ao_decreto_1563_365;1184-0721;07/26/2031 00:00:00.000000
BRASIL;Universo Empreendimentos Eireli;3,44651E+12;RUA BARÃO DE SÃO BORJA, 493 - JARDIM FRAGOSO;Olinda;PE;53130000;orcamento@universoempreendimentos.com;adesao_ao_decreto_1563_366;1270-0622;06/22/2032 00:00:00.000000
BRASIL;União Multimodal Otm Ltda;2,35945E+12;Rua Visconde de Jequitinhonha, nº 209 - sala 503;Recife;PE;51021190;f.novais@uniaomultimodal.com.br;adesao_ao_decreto_1563_367;0752-0516;05/10/2026 00:00:00.000000
BRASIL;Transagil Transportes De Carga Ltda.;7,19906E+12;R CORONEL ANIZIO RODRIGUES COELHO 464 - SALA 0102;Recife;PE;51021130;laercioneto@grupolos.com.br;adesao_ao_decreto_1563_368;1405-0224;02/05/2034 00:00:00.000000
BRASIL;Souza Comércio Transportes E Serviços Eireli - Epp;8,98518E+12;Avenida Visconde de São Leopoldo, nº 748 - Engenho do Melo;Recife;PE;50730120;coordenacao@souzatransporte.com;adesao_ao_decreto_1563_369;0712-0915;09/22/2025 00:00:00.000000
BRASIL;Ômega Comércio Exterior Eireli;2,92208E+13;Av. Antônio de Goes, 275, sala 2002, Edf. Internacional Trade Center - Pina;Recife;PE;51110000;luiz@omegacomercioexterior.com.br;adesao_ao_decreto_1563_370;1307-1022;10/20/2032 00:00:00.000000
BRASIL;Rn Transporte Rodoviario E Logistica Integrada Ltda;3,52703E+13;AV GAL MAC ARTHUR, 418 SALA 104 - IMBIRIBEIRA;Recife;PE;51160280;ademir@titaniumlog.com.br;adesao_ao_decreto_1563_371;1267-0622;06/21/2032 00:00:00.000000
BRASIL;Rapidão 7 Logística E Transporte S/A;1,09709E+13;Av. Engenheiro Antônio de Góes, nº 60, sala 1.605 - Pina;Recife;PE;51110000;gadotti@rapidaocometa.com.br;adesao_ao_decreto_1563_372;0106-0805;08/18/2015 00:00:00.000000
BRASIL;Lsa Transportes Especializados Ltda;1,53743E+12;Rua Rio Araguaia nº 206 A - Afogados;Recife;PE;50750050;;adesao_ao_decreto_1563_373;0529-1112;11/07/2022 00:00:00.000000
BRASIL;Mota Logistica E Transporte Ltda;2,17651E+13;AV MAL. JUAREZ TÁVORA, 440 - SL9 - BOA VIAGEM;Recife;PE;51130115;joao.mota@ativacargo.com;adesao_ao_decreto_1563_374;1215-1221;12/27/2031 00:00:00.000000
BRASIL;Ampla Logística Ltda;2,92198E+13;Rua Jornalista Edson Regis, 456, Galpão 04 - Ibura;Recife;PE;51220000;MILCA@AMPLALOGISTICA.COM.BR;adesao_ao_decreto_1563_375;1445-0924;09/19/2034 00:00:00.000000
BRASIL;Agemar Transportes E Empreendimentos Ltda;8,74547E+12;AVENIDA RIO BRANCO Nº 243  - 2º ANDAR;Recife;PE;50030310;AGEMAR@AGEMAR.COM.BR;adesao_ao_decreto_1563_376;1376-0923;09/15/2033 00:00:00.000000
BRASIL;Atlantis Logística Importadora E Exportadora Ltda;7,77536E+12;Rua Antônio Lumack do Monte, nº 128, Sala 406 - Boa Viagem;Recife;PE;51020350;logistica@atlantislog.com.br;adesao_ao_decreto_1563_377;0627-0714;07/16/2024 00:00:00.000000
BRASIL;Emmanuel A. Da S. Ramalho Transportes - Me;2,47187E+13;Rua Tenente Portela, nº 165 - Ibura;Recife;PE;51190740;emmanuelramalho@sitlog.com.br;adesao_ao_decreto_1563_378;0958-1218;12/10/2028 00:00:00.000000
BRASIL;Itaguary Agenciamento E Transporte De Cargas Ltda;6,99075E+13;Rua Pintor Lula Cardoso Ayres, 3196;Recife;PE;51200250;neemias.franca@itaguary.com.br;adesao_ao_decreto_1563_379;0984-0519;05/09/2029 00:00:00.000000
BRASIL;ENGEMAN MANUTENCAO DE EQUIPAMENTOS COM E INDUSTRIA LTDA;8,76955E+12;RUA PADRE CARAPUCEIRO;Recife;PE;51020280;junior.beltrao@engeman.net;adesao_ao_decreto_1563_380;1522-1125;11/18/2035 19:01:14.203794
BRASIL;Last Mile Logística Ltda;3,53642E+13;Rua Dom Bosco, 537, Sala 13;Aracaju;SE;49052140;RONTNETO@GMAIL.COM;adesao_ao_decreto_1563_381;1469-0225;02/12/2035 18:31:56.069560
BRASIL;Real Distribuidora Ltda;4,6332E+12;Avenida Presidente Tancredo Neves, nº 4913 Jabotiana Galpão 31 e 32;Aracaju;SE;49095000;viviane@realdistribuidora.com;adesao_ao_decreto_1563_382;0550-0313;03/08/2023 00:00:00.000000
BRASIL;Empresa De Transportes E Logística Paraná Ltda;1,60669E+13;Via Parafuso, Km 13 e 14 - Bairro Industrial Urbano;Camaçari;BA;42800970;qualidade@etp-transparana.com.br;adesao_ao_decreto_1563_383;0863-1017;10/05/2027 00:00:00.000000
BRASIL;RELIMPP SERVIÇOS INDUSTRIAIS LTDA;9,07034E+12;RUA JOSE FLORIANO LAGO,;Catu;BA;48110000;comercial@relimpp.com.br;adesao_ao_decreto_1563_384;1527-0226;02/20/2036 18:21:08.791543
BRASIL;Nacional Transportes E Atacado De Alimentos Ltda;7,37741E+12;Praça Vereador José Adry, nº 26 , sala 01 - Centro;Itajuípe;BA;45600201;nacional.adm1@gmail.com;adesao_ao_decreto_1563_385;0934-0918;09/12/2028 00:00:00.000000
BRASIL;Raidex Express Transportes Ltda;2,97633E+13;RUA BURITIRAMA 88 - QUADRA 28 - LOTE 09 - RECREIO IPITANGA;Lauro de Freitas;BA;42700540;GERENCIA@GRAOSCONSULTORIA.COM;adesao_ao_decreto_1563_386;1347-0523;05/02/2033 00:00:00.000000
BRASIL;ALFATRANS TRANSPORTES E LOGISTICA LTDA;1,34417E+13;Rua G, SN;Luís Eduardo Magalhães;BA;47850000;financeiro@alfatrans.com.br;adesao_ao_decreto_1563_387;1516-0925;09/29/2035 13:31:11.384384
BRASIL;Ls Transportes Ltda Me;2,11901E+13;Caminho 9, nº 07, bairro URBIS;Ruy Barbosa;BA;46800000;santanatransportesltda@hotmail.com;adesao_ao_decreto_1563_388;0714-0915;09/22/2025 00:00:00.000000
BRASIL;Logmaster Logística Integrada Ltda Me;8,3019E+12;RUA VARSÓVIA, Nº 122, GALPÃO A, GRANJAS RURAIS PRESIDENTE VARGAS;Salvador;BA;41230025;lucianocandemil@australlogistica.com.br;adesao_ao_decreto_1563_389;0569-0813;08/01/2023 00:00:00.000000
BRASIL;Rafer - Transporte Rodoviário De Cargas Ltda;1,63148E+13;Rua Silveira Martins nº 17, térreo - Saboeiro;Salvador;BA;41180005;bartolomeu.sousa@rafertransporte.com.br;adesao_ao_decreto_1563_390;0464-1111;11/29/2021 00:00:00.000000
BRASIL;Pronto Express Logística S.A.;3,86758E+12;Estrada Campinas Pirajá, nº 1068,  Edifício Centro Logístico MJA, Galpão 11 - Marechal Rondon;Salvador;BA;41280117;fiscal@grupotpc.com;adesao_ao_decreto_1563_391;0552-0313;01/27/2033 00:00:00.000000
BRASIL;Premier Logistics Assessoria Em Comércio Exterior Ltda -Me;1,05921E+13;Av. Luis Viana, nº 6462, sala 425/426 - Ed. Wall Street - Torre A;Salvador;BA;41730101;marcos.sales@premierlog.com.br;adesao_ao_decreto_1563_392;0907-0718;07/05/2028 00:00:00.000000
BRASIL;Podium Distribuidora Eireli;1,12585E+13;RUA ANTÔNIO DOS SANTOS GOUVEIA Nº 263 -  PORTO SECO PIRAJÁ;Salvador;BA;41233020;podiumpdl@gmail.com;adesao_ao_decreto_1563_393;1073-0420;04/17/2030 00:00:00.000000
BRASIL;Tmar Transportes Ltda - Me;9,65206E+12;AV. ANTONIO CARLOS MAGALHÃES, Nº 3.259, EDFÍCIO AURELIO LEIRO, SALA 208;Salvador;BA;40275000;caitano@tmartransportes.com.br;adesao_ao_decreto_1563_394;0580-0913;09/10/2023 00:00:00.000000
BRASIL;Rodoviário Ramos Ltda;2,51002E+13;ROD. BR 324 KM 7,5 BAIRRO PIRAJA;Salvador;BA;41305280;fiscalbrasil@ramos.srv.br;adesao_ao_decreto_1563_395;0495-0512;05/31/2022 00:00:00.000000
BRASIL;Transpmar Serviços De Apoio Marítmo Ltda;2,26257E+13;RUA DO TANQUE - S/Nº - TERREO - ILHA DE BOM JESUS;Salvador;BA;42510220;EMPRESATRANSPMAR@GMAIL.COM;adesao_ao_decreto_1563_396;1057-0320;03/04/2030 00:00:00.000000
BRASIL;Transpmar Serviços De Apoio Marítmo Ltda;2,26257E+13;RUA DO TANQUE - S/Nº - TERREO - ILHA DE BOM JESUS;Salvador;BA;42510220; JACIBEZERRA472@GMAIL.COM;adesao_ao_decreto_1563_397;1057-0320;03/04/2030 00:00:00.000000
BRASIL;Easy Way Agenciamento De Cargas Internacionais Ltda;2,39094E+13;AV. LUÍS VIANA FILHA Nº 6.462 - TORRE A - SALAS 503/504/505 - PARALELA;Salvador;BA;41730101;SARA.CALAZANS@EASYWAYCARGAS.COM;adesao_ao_decreto_1563_398;1449-1024;10/07/2034 00:00:00.000000
BRASIL;Four Ways Transportes Ltda;4,29947E+13;AV. TANCREDO NEVES Nº 1.543 - SALA 903 - ED. CENTRO COMERCIAL GARCIA DÁVILA;Salvador;BA;41820021;OPERACIONAL@FOURWAYS.COM.BR;adesao_ao_decreto_1563_399;1382-1023;10/26/2033 00:00:00.000000
BRASIL;Intermaritima Terminais Ltda;9,68256E+13;Av. Engenheiro Oscar Pontes, S/N, Água de Meninos, Porto de Salvador.;Salvador;BA;40460130;railton@intermaritima.com.br;adesao_ao_decreto_1563_400;0158-1205;12/28/2015 00:00:00.000000
BRASIL;Hjl Serviços Logísticos Ltda - Epp;1,73276E+13;Rua São Francisco, S/n Lote 53, Galpão 2 - Valéria;Salvador;BA;41301520;administrativo@hjllog.com.br;adesao_ao_decreto_1563_401;0593-1113;11/11/2023 00:00:00.000000
BRASIL;Global Ship Service Eireli;9,44414E+12;AV. TANCREDO NEVES, Nº 274, BLOCO A, SALA 734-A - CAMINHO DAS ÁRVORES;Salvador;BA;41820020;adm@globalship.com.br;adesao_ao_decreto_1563_402;1130-1220;12/14/2030 00:00:00.000000
BRASIL;Brandão Courier Transportes E Kaizen Ensinar Ltda Me;1,55658E+13;Rua Thomaz Gonzaga, nº 115, sala 206 - Edifício Três Nações;Salvador;BA;41100000;brandao.frankle@gmail.com;adesao_ao_decreto_1563_403;0676-0515;05/12/2025 00:00:00.000000
BRASIL;Ccmt Serviços Eireli;2,47179E+13;AVENIDA LUIS VIANA FILHO, Nº 12, LOJA 01 - PARALELA;Salvador;BA;41730101;nelcri1@hotmail.com;adesao_ao_decreto_1563_404;1187-0821;08/04/2031 00:00:00.000000
BRASIL;Wlsp Logística E Construção Eireli;1,29008E+13;Est. da Liberdade, nº 33. lj 02, térreo - Liberdade;Salvador;BA;40375017;wlspltda@gmail.com;adesao_ao_decreto_1563_405;0932-0918;09/12/2028 00:00:00.000000
BRASIL;G3 Polaris Serviços Eireli;2,0156E+13;Rua do DNER, km 22 - Centro;Simões Filho;BA;43700000;g3polaris@gmail.com;adesao_ao_decreto_1563_406;0933-0918;09/12/2028 00:00:00.000000
BRASIL;José Rubem Transportes E Equipamentos Ltda.;3,26257E+13;Via Centro, 3644 - Cia - Caixa Postal 3131;Simões Filho;BA;43700000;jose-rubem@joserubem.com.br;adesao_ao_decreto_1563_407;0093-0805;08/17/2015 00:00:00.000000
BRASIL;Tpc Logística  Nordeste S.A.;1,3332E+13;ACS B. Nº 552 QUADRA 03 - LOTE 01 A 11 - SN - TÉRREO - PQ. INDUSTRIAL CIA SUL;Simões Filho;BA;43700000;fiscal@grupotpc.com;adesao_ao_decreto_1563_408;0997-0619;06/18/2029 00:00:00.000000
BRASIL;Logic Soluções Logísticas Ltda;1,51012E+13;Via Acesso II BR 324, nº 1796 - Cia Sul;Simões Filho;BA;43700000;dmuricy@logiclogistica.com.br;adesao_ao_decreto_1563_409;0960-1218;12/13/2028 00:00:00.000000
BRASIL;Mma Transportes De Cargas Ltda;1,21473E+13;Via Urbana, nº 4466, sala 01, Cia Sul;Simões Filho;BA;43700000;mila@logtrade.com.br;adesao_ao_decreto_1563_410;1330-0223;02/15/2033 00:00:00.000000
BRASIL;Multitex Logística Ltda;2,84925E+13;Avenida Prudente de Morais, nº 287 - Santo Antônio;Belo Horizonte;MG;30350093;adrielle.mairink@multitex.com.br;adesao_ao_decreto_1563_411;0827-0317;03/08/2027 00:00:00.000000
BRASIL;Link Logistic Group Empreendimentos Ltda;8,29486E+12;Rua Desembargador Jorge Fontana, 80/1601 - Belvedere;Belo Horizonte;MG;30320670;Icabrantes@linklogistic.com.br;adesao_ao_decreto_1563_412;0416-0910;09/23/2020 00:00:00.000000
BRASIL;Link Logística E Serviços Ltda;8,77523E+12;Rua Pernambuco, nº 1002 - conjunto 402 - sala 2;Belo Horizonte;MG;30130151;lcabrantes@linklogistic.com.br;adesao_ao_decreto_1563_413;0770-0616;06/28/2026 00:00:00.000000
BRASIL;Power Express Logística E Transportes Ltda - Me;7,11545E+13;RUA TITÂNIO, 123 - CAMARGOS;Belo Horizonte;MG;30520150;comexaereo@yahoo.com.br;adesao_ao_decreto_1563_414;0526-1112;11/07/2022 00:00:00.000000
BRASIL;Quick Delivery Belo Horizonte Entregas Rápidas De Encomendas Ltda-Me;1,19494E+13;Avenida Heraclito Mourão de Miranda, nº 23289 - Santa Terezinha;Belo Horizonte;MG;31365203;edson@quickdelivery.com.br;adesao_ao_decreto_1563_415;0688-0715;07/09/2025 00:00:00.000000
BRASIL;Transcourier Ltda - Me;3,22026E+12;RUA JOSÉ CLETO Nº 1010 - PALMARES;Belo Horizonte;MG;31155290;MAURICIO@TRANSCOURIERBH.COM.BR;adesao_ao_decreto_1563_416;0835-0617;06/08/2027 00:00:00.000000
BRASIL;Transexcedente Ltda;5,76364E+12;RUA GABRIELA DE MELO, 565 – BAIRRO OLHOS D’ÁGUA;Belo Horizonte;MG;30390080;adalcir@transpeciais.com.br;adesao_ao_decreto_1563_417;0216-1106;11/16/2016 00:00:00.000000
BRASIL;Trijay Transportes Aduaneiros Ltda;1,46254E+13;Rua Ministro Orozimbo Nonato, nº 392, galpão 4 - Dona Clara;Belo Horizonte;MG;31260230;operacional01@trijaytransportes.com.br;adesao_ao_decreto_1563_418;0925-0818;08/21/2028 00:00:00.000000
BRASIL;Velox Transportes E Serviços Ltda;3,77736E+12;Avenida Silviano Brandão, nº 1205, sala 01, Sagarda Família;Belo Horizonte;MG;31030105;velox@veloxtrans.com.br;adesao_ao_decreto_1563_419;0605-0114;01/27/2024 00:00:00.000000
BRASIL;Ventana Serra Do Brasil Agenciamento De Cargas Ltda;4,91532E+12;Avenida contorno nº 6.500 - 8º andar - salas 803 e 804 - Savassi;Belo Horizonte;MG;30110044;dfaustino@ventanaserra.com.br;adesao_ao_decreto_1563_420;0758-0616;04/16/2034 00:00:00.000000
BRASIL;Sure Logística Ltda;1,70625E+13;RUA AMOROSO COSTA, Nº 242, SALA 201 A 205 E 301 A 305 - SANTA LUCIA;Belo Horizonte;MG;30350570;qualidade@loglifelogistica.com.br;adesao_ao_decreto_1563_421;0635-0814;08/05/2024 00:00:00.000000
BRASIL;L&T Escritório De Negócios Internacionais Ltda;7,2872E+12;AVENIDA DO CONTORNO, 4.480 - CONJUNTO 1.301 a 1.305, BAIRRO - FUNCIONÁRIOS;Belo Horizonte;MG;30110090;cid@ltcomex.com.br;adesao_ao_decreto_1563_422;0634-0814;08/05/2024 00:00:00.000000
BRASIL;Intertex Operador Multimodal Ltda;2,51033E+13;Avenida Prudente de Morais, nº 287 - sala 304 - Santo Antonio;Belo Horizonte;MG;30350093;adrielle.mairink@multitex.com.br;adesao_ao_decreto_1563_423;0828-0317;03/20/2027 00:00:00.000000
BRASIL;In Time Logística Ltda.;6,05937E+12;Rua Marcos Lopes de Almeida, nº 91 - Santa Branca;Belo Horizonte;MG;31565020;jbatista@intimelogistica.com.br;adesao_ao_decreto_1563_424;0652-1214;12/23/2024 00:00:00.000000
BRASIL;Full Log Transportes Ltda;4,65422E+12;Rua Patolandia, nº 50 - C - Fernão Dias;Belo Horizonte;MG;31170545;fl@fltrans.com.br;adesao_ao_decreto_1563_425;0832-0517;05/10/2027 00:00:00.000000
BRASIL;F.O.Franco Encomendas Expressas;1,83858E+13;RUA JOSE FELIX 713 - MANTIQUEIRA;Belo Horizonte;MG;31660100;felipe.franco@aerominas.com.br;adesao_ao_decreto_1563_426;1465-0125;01/03/2035 00:00:00.000000
BRASIL;Empresa De Transportes Apoteose Ltda;6,64555E+13;RUA PATOLANDIA, Nº 08/50 - BAIRRO FERNÃO DIAS;Belo Horizonte;MG;31170545;emtel@emteltrans.com.br;adesao_ao_decreto_1563_427;0600-0114;01/21/2024 00:00:00.000000
BRASIL;Cousin Solutions Comércio, Distribuição, Serviços E Participações Ltda;9,2613E+12;RUA BARRA LONGA Nº 58 - LOJA Nº 02 - SALGADO FILHO;Belo Horizonte;MG;30550430;COMERCIAL@COUSINSOLUTIONS.COM;adesao_ao_decreto_1563_428;1065-0320;03/20/2030 00:00:00.000000
BRASIL;Av Logística Express Ltda ;3,07546E+13;Rua  Areado, 294 - Carlos Prates;Belo Horizonte;MG;30710530;eversson.senra@avlogexpress.com.br;adesao_ao_decreto_1563_429;0974-0219;02/12/2029 00:00:00.000000
BRASIL;Axis Shipping Agenciamento De Cargas Ltda;7,02233E+12;RUA GONÇALVES DIAS, 2132 SALA 1100 - BAIRRO -  LOURDES;Belo Horizonte;MG;30140092;daniellakassab@axissgipping.com.br;adesao_ao_decreto_1563_430;1050-0120;01/27/2030 00:00:00.000000
BRASIL;Action Agenciamento De Cargas Ltda;7,43365E+12;AV. BARÃO HOMEM DE MELO Nº 3382 - 7º ANDAR (SALAS 701 E 702) E 8º ANDAR (SALA 801) - ESTORIL;Belo Horizonte;MG;30494270;dlegalizacao@escritoriocontabilsc.com.br;adesao_ao_decreto_1563_431;1310-1122;11/17/2032 00:00:00.000000
BRASIL;Vli Multimodal S.A.;4,22769E+13;Rua Sapucaí, nº 383 - Bairro Floresta;Belo Horizonte;MG;30150904;marcos.magirius@vli-logistica.com.br;adesao_ao_decreto_1563_432;0790-0816;06/10/2036 14:41:49.970832
BRASIL;Vli Multimodal S.A.;4,22769E+13;Rua Sapucaí, nº 383 - Bairro Floresta;Belo Horizonte;MG;30150904; regulatorio@vli-logistica.com.br;adesao_ao_decreto_1563_433;0790-0816;06/10/2036 14:41:49.970832
BRASIL;RCL RODE CONCEPT LOGISTICA LTDA;5,08117E+13;AV RAJA GABAGLIA;Belo Horizonte;MG;30494310;marques@rode-concep-logistics.com;adesao_ao_decreto_1563_434;1518-1025;10/21/2035 14:24:27.266453
BRASIL;SUPER URGENTE TRANSPORTE AEREO E RODOVIARIO LTDA;1,36421E+13;Rua NORALDINO LIMA, nª 580;Belo Horizonte;MG;31260250;licitacao2@mixcargo.com.br;adesao_ao_decreto_1563_435;1499-0525;05/13/2035 18:20:06.133358
BRASIL;Ceva Logistics Ltda;4,38541E+13;AVENIDA MIRAFIORI Nº 233 - BLOCO B - SALA A - DISTRITO INDUSTRIAL PAULO CAMILO PENA;Betim;MG;32669154;EDENOR.MAZAIA@CEVALOGISTICS.COM;adesao_ao_decreto_1563_436;1009-0819;08/16/2029 00:00:00.000000
BRASIL;Expresso Minas Frios Ltda;5,15123E+12;Avenida Engenheiro Darcy Nogueira do Pinho, nº 3201, Galpão 2, Módulo 2 - Vila Cristina;Betim;MG;32675515;comercial@emflogistica.com.br;adesao_ao_decreto_1563_437;0527-1112;08/03/2033 00:00:00.000000
BRASIL;TORA RECINTOS ALFANDEGADOS S/A;8,66134E+13;Rodovia Fernão Dias - BR 381 - S/N - Km 490, Jardim Alterosa;Betim;MG;32670790;roberto.farace@tora.com.br;adesao_ao_decreto_1563_438;0133-1005;04/25/2035 20:09:04.588115
BRASIL;TORA RECINTOS ALFANDEGADOS S/A;8,66134E+13;Rodovia Fernão Dias - BR 381 - S/N - Km 490, Jardim Alterosa;Betim;MG;32670790;fiscal@tora.com.br;adesao_ao_decreto_1563_439;0133-1005;04/25/2035 20:09:04.588115
BRASIL;Transportes Pesados Minas S.A.;1,7215E+13;VIA EXPRESSA 15.999 - BAIRRO VILA CRISTINA;Betim;MG;32675005;alfonso@transpes.com.br;adesao_ao_decreto_1563_440;0108-0805;08/15/2034 00:00:00.000000
BRASIL;Bauminas Log E Transportes S.A.;1,44298E+13;Rua João Dias Neto, nº 38, Galpão 01 - Vila Reis;Cataguases;MG;36770228;kassio.correa@bauminas.com.br;adesao_ao_decreto_1563_441;0961-0119;01/08/2029 00:00:00.000000
BRASIL;Biotech Logística Ltda;2,13829E+13;Avenida Sócrates Mariani Bittencourt, número 1050;Contagem;MG;32010010;bruna@biotechlogistica.com.br;adesao_ao_decreto_1563_442;0665-0315;06/09/2035 20:06:30.894841
BRASIL;Biotech Logística Ltda;2,13829E+13;Avenida Sócrates Mariani Bittencourt, número 1050;Contagem;MG;32010010;gustavo.lacerda@biotech-company.com;adesao_ao_decreto_1563_443;0665-0315;06/09/2035 20:06:30.894841
BRASIL;Autolog Transportes  Logística E Armazenagem  Ltda;8,87576E+12;Rua Reginaldo Souza Lima, nº 800, Bairro Bernardo Monteiro;Contagem;MG;32010370;COMERCIAL@GRUPOAUTOLOG.COM.BR;adesao_ao_decreto_1563_444;0300-0608;06/23/2018 00:00:00.000000
BRASIL;Ali-Autolog Logística Integrada Ltda;7,67206E+12;RUA REGINALDO DE SOUZA LIMA - Nº 800 - SALA A - BERNARDO MONTEIRO;Contagem;MG;32010370;OTAVIO@AUTOLOGEXPRESS.COM.BR;adesao_ao_decreto_1563_445;0866-1017;10/05/2027 00:00:00.000000
BRASIL;Bravus Transportes E Logística Ltda;1,4271E+13;Avenida Tomaz Gonzaga, nº 55 - Inconfidentes;Contagem;MG;32260150;halanna@smmconcultoria.com.br;adesao_ao_decreto_1563_446;0573-0813;08/05/2023 00:00:00.000000
BRASIL;Fjr Engenharia E Construções Ltda;1,13128E+13;Praça París, nº 192, Loja 01 - Santa Cruz Industrial;Contagem;MG;32340460;gustavoskiadv@gmail.com;adesao_ao_decreto_1563_447;1188-0821;08/11/2031 00:00:00.000000
BRASIL;Tora Logística Armazéns E Terminais Multimodais S/A;6,67023E+13;Via Ápio Cardoso, nº 20 ;Contagem;MG;32371615;roberto.farace@tora.com.br;adesao_ao_decreto_1563_448;0061-0505;03/10/2035 14:18:49.432680
BRASIL;Tora Logística Armazéns E Terminais Multimodais S/A;6,67023E+13;Via Ápio Cardoso, nº 20 ;Contagem;MG;32371615;fiscal@tora.com.br;adesao_ao_decreto_1563_449;0061-0505;03/10/2035 14:18:49.432680
BRASIL;Tora Transportes Ltda;2,04683E+13;Avenida Ápio Cardoso nº 20 - sala  11 ;Contagem;MG;32371615;roberto.farace@tora.com.br;adesao_ao_decreto_1563_450;0037-0405;04/30/2035 15:19:37.763011
BRASIL;Tora Transportes Ltda;2,04683E+13;Avenida Ápio Cardoso nº 20 - sala  11 ;Contagem;MG;32371615;fiscal@tora.com.br;adesao_ao_decreto_1563_451;0037-0405;04/30/2035 15:19:37.763011
BRASIL;Multiservice Transportes Multimodal Ltda;1,0174E+13;ROD BR-040, S/N, KM 522/523 - MORADA NOVA;Contagem;MG;32145480;eliane@logservicetrans.com.br;adesao_ao_decreto_1563_452;1273-0722;07/07/2032 00:00:00.000000
BRASIL;MOVVI LOGÍSTICA LTDA;2,38648E+13; Rua Dois nº 230;Contagem;MG;32250010;CONTABILIDADE@MOVVI.COM.BR;adesao_ao_decreto_1563_453;1505-0725;07/03/2035 14:05:22.277597
BRASIL;Vito Transportes Ltda.;1,71827E+13;Rua Zeze Camargos, nº 280, Cidade Industrial;Contagem;MG;32210080;vito@vito.com.br;adesao_ao_decreto_1563_454;0009-0305;03/23/2015 00:00:00.000000
BRASIL;Transcota Logística Ltda;2,15457E+13;RUA LAMBARI, 190 - BAIRRO - LOURDES;João Monlevade;MG;35930070;contato@transcota.com;adesao_ao_decreto_1563_455;0838-0617;06/19/2027 00:00:00.000000
BRASIL;Rodoseg Logística Em Transportes Ltda - Me;1,05549E+13;RUA ANTÔNIO SCANAPIECO, 55 - NOVA ERA;Juiz de Fora;MG;36087270;licitacao@rodoseglogistica.com.br;adesao_ao_decreto_1563_456;0687-0715;07/09/2025 00:00:00.000000
BRASIL;Matos E Ribeiro Carga Segura Ltda;4,05799E+13;Rua Zacarias de Lima, nº 130 , Sala 02, Centro;Lagoa Formosa;MG;38720000;matoseribeirocargas@gmail.com;adesao_ao_decreto_1563_457;1160-0521;05/25/2031 00:00:00.000000
BRASIL;Ribeiro Operadora De Cargas Ltda;3,65386E+13;RUA ZACARIAS DE LIMA Nº 120, SALA 04 -  CENTRO;Lagoa Formosa;MG;38720000;rmcargasegura@gmail.com;adesao_ao_decreto_1563_458;1070-0420;04/17/2030 00:00:00.000000
BRASIL;Expresso Log Transporte E Logística Ltda;1,37415E+12;Rua Comandante Soares Júnior, nº 101, Letra A - Artur Bernardes;Lavras;MG;37205034;gustavo@expessolostransportes.com.br;adesao_ao_decreto_1563_459;0954-1018;10/19/2028 00:00:00.000000
BRASIL;Expresso Log Transporte E Logística Ltda;1,37415E+12;Rua Comandante Soares Júnior, nº 101, Letra A - Artur Bernardes;Lavras;MG;37205034;mariacon.fera@gmail.com;adesao_ao_decreto_1563_460;0954-1018;10/19/2028 00:00:00.000000
BRASIL;Arminter Comércio Exterior Ltda.;2,63862E+13;Alameda do Ingá, 95 - 1º Andar - Vale do Sereno;Nova Lima;MG;34000000;rohlfs@arminter.com.br;adesao_ao_decreto_1563_461;0104-0805;08/18/2015 00:00:00.000000
BRASIL;Multicargo Container Service Ltda;6,51531E+13;Rua Wichita, nº 49 - Jardim Canadá;Nova Lima;MG;34000000;cynthia@multicargo.com.br;adesao_ao_decreto_1563_462;0830-0317;03/27/2027 00:00:00.000000
BRASIL;Biologística Soluções Em Logística E Serviços Eireli;7,83732E+12;AV. ADAIR DE SOUZA, Nº 888 - BELO VALE;Santa Luzia;MG;33113010;ricardo.pinheiro@biologistica.com.br;adesao_ao_decreto_1563_463;0484-0412;05/19/2032 00:00:00.000000
BRASIL;Hera Transportes Ltda - Epp;1,15019E+13;Rua Escócia, nº 289 - Jardim Universitário;Sete Lagoas;MG;35702144;hera@heratransportes.com.br;adesao_ao_decreto_1563_464;0919-0818;08/21/2028 00:00:00.000000
BRASIL;SETE LAGOAS TRANSPORTES LTDA;3,09893E+12;AV PREFEITO ALBERTO MOURA ;Sete Lagoas;MG;35702383;CONTATO@EFICAZGESTAOTRIBUTARIA.COM.BR;adesao_ao_decreto_1563_465;1493-0525;05/06/2035 16:40:54.597733
BRASIL;Bravo Serviços Logísticos Ltda;9,50001E+11;BR 050, km 185, sobreloja 08 - Zona Rural;Uberaba;MG;38055010;marcos.ribeiro@bravolog.com.br;adesao_ao_decreto_1563_466;0930-0918;09/12/2028 00:00:00.000000
BRASIL;Cj Logística Do Brasil Ltda;3,04085E+13;Av. Rondon Pacheco - UBT - Uberlândia Business Tower - nº 4600 -  Sala 92 e 93 - 9º andar - Tibery;Uberlândia;MG;38400766;arthur.hong@cj.net;adesao_ao_decreto_1563_467;0959-1218;12/13/2028 00:00:00.000000
BRASIL;Cj Logística Do Brasil Ltda;3,04085E+13;Av. Rondon Pacheco - UBT - Uberlândia Business Tower - nº 4600 -  Sala 92 e 93 - 9º andar - Tibery;Uberlândia;MG;38400766; sinara.baungartencj.net;adesao_ao_decreto_1563_468;0959-1218;12/13/2028 00:00:00.000000
BRASIL;Newlog Logística Ltda;4,752E+13;Avenida Rui de Castro Santos, nº 1991, loja 112 - Glebas;Uberlândia;MG;38406260;izabelcristina@km93log.com;adesao_ao_decreto_1563_469;1305-1022;10/17/2032 00:00:00.000000
BRASIL;Supporte Armazenagem, Vendas E Logística Integrada Ltda;3,44798E+12;BR. 365, KM 622, S/N - ZONA RURAL;Uberlândia;MG;38401730;fiscal@supportelogistica.com.br;adesao_ao_decreto_1563_470;0497-0712;07/17/2022 00:00:00.000000
BRASIL;Lima E Ciacci Encomendas Urgentes Ltda - Me;1,34479E+13;Alameda Miguel Paschoal, nº 110 - Jardim Vale dos Ypes;Varginha;MG;37026590;franco@projetoslogisticos.com.br;adesao_ao_decreto_1563_471;0843-0717;07/04/2027 00:00:00.000000
BRASIL;Cwaduana Log Ltda;2,86543E+13;Avenida Salum Assad David, nº 720, loja 02, Santa Luiza;Varginha;MG;37062650;camila@cwaduana.com.br;adesao_ao_decreto_1563_472;1321-0123;01/30/2033 00:00:00.000000
BRASIL;Cwaduana Log Ltda;2,86543E+13;Avenida Salum Assad David, nº 720, loja 02, Santa Luiza;Varginha;MG;37062650; rosiane.frnacisco@grupocwaduana.com.br;adesao_ao_decreto_1563_473;1321-0123;01/30/2033 00:00:00.000000
BRASIL;Gt Minas Transportes E Distribuidora Ltda;7,27552E+12;RUA ZOROASTRO HENRIQUE AMORIM, 450 - DISTRITO INDUSTRIAL;Varginha;MG;37066415;luciano@gtminas.com.br;adesao_ao_decreto_1563_474;0999-0619;06/19/2029 00:00:00.000000
BRASIL;Gt Minas Transportes E Distribuidora Ltda;7,27552E+12;RUA ZOROASTRO HENRIQUE AMORIM, 450 - DISTRITO INDUSTRIAL;Varginha;MG;37066415; contabil@gtminas.com.br;adesao_ao_decreto_1563_475;0999-0619;06/19/2029 00:00:00.000000
BRASIL;OASIS TRANSPORTES E LOGÍSTICA SA;2,20457E+13;AV. PRINCESA DO SUL Nº 860;Varginha;MG;37026080;DEMERSONSOUZA@OASISLOG.COM.BR;adesao_ao_decreto_1563_476;1510-0725;07/30/2035 13:06:48.110575
BRASIL;Company Life Comércio De Produtos Médicos & Logística Eireli;3,18526E+13;RUA BARBACENA, Nº 79 - SANTA CLARA;Vespasiano;MG;33206004;fernanda@companylogistica.com.br;adesao_ao_decreto_1563_477;1008-0819;08/16/2029 00:00:00.000000
BRASIL;Company Life Comércio De Produtos Médicos & Logística Eireli;3,18526E+13;RUA BARBACENA, Nº 79 - SANTA CLARA;Vespasiano;MG;33206004; wallerson@companylifelog.com.br;adesao_ao_decreto_1563_478;1008-0819;08/16/2029 00:00:00.000000
BRASIL;Carbolog Vespasiano Ltda;3,94889E+13;RUA ANTONIO ARAÚJO DO VALE, Nº 815 B, SALA B - SANTO ANTONIO;Vespasiano;MG;33200412;b.yung@grupounimetal.com.br;adesao_ao_decreto_1563_479;1195-1021;10/08/2031 00:00:00.000000
BRASIL;Simas Logistica Ltda ;1,3361E+13;Av. Tres, 311, Cond. Parque Norte -  Morro Alto;Vespasiano;MG;33200000;simasdaniel@simaslog.com.br;adesao_ao_decreto_1563_480;0968-0119;01/18/2029 00:00:00.000000
BRASIL;Unicarbo Ltda;4,02816E+13;R ANTONIO ARAUJO DO VALE, Nº 815 B - SANTO ANTONIO;Vespasiano;MG;33200412;a.breves@grupounimetal.com.br;adesao_ao_decreto_1563_481;1257-0522;05/19/2032 00:00:00.000000
BRASIL;Multilift Logística Ltda;7,74492E+12;Av. Vale do Rio Doce, s/n - Jardim América;Cariacica;ES;29015140;jcarlos@multilift.com.br;adesao_ao_decreto_1563_482;0850-0717;07/18/2027 00:00:00.000000
BRASIL;Mrd Armazém E Logística Ltda;3,45853E+13;Avenida Vale do Rio Doce, nº  60 - Porto de Santana;Cariacica;ES;29730000;john@mrdlog.com;adesao_ao_decreto_1563_483;1261-0522;05/24/2032 00:00:00.000000
BRASIL;Vix Transportes Dedicados Ltda;9,4529E+12;AV MARIO GURGEL  5030 -  sala 105 - Vila Capixaba;Cariacica;ES;29148901;mara@vix.com.br;adesao_ao_decreto_1563_484;0946-1018;10/19/2028 00:00:00.000000
BRASIL;Zon Logística - Armazêns Gerais E Serviços Ltda;2,74873E+13;ROD BR 259, JOÃO NEIVA, BAIXO GUANDU, KM 50,3, S/N,  ARMAZÉM - SANTA HELENA;Colatina;ES;29705760;marco.zon@grupozon.com.br;adesao_ao_decreto_1563_485;1002-0719;07/11/2029 00:00:00.000000
BRASIL;NIMBUS EXPRESS TRANSPORTES LTDA;1,39025E+13;Rua Rio de Janeiro, nº 373;Serra;ES;29167032;FATURAMENTO@NIMBUSEXPRESS.COM.BR;adesao_ao_decreto_1563_486;1471-0225;02/14/2035 17:16:16.430785
BRASIL;TRANSUIÇA LOCAÇÃO E PRESTAÇÃO DE SERVIÇOS LTDA;3,24667E+13;Rua Francisco Sousa dos Santos, nº 891;Serra;ES;29164153;juliano@transuica.com.br;adesao_ao_decreto_1563_487;1538-0526;05/04/2036 13:08:43.653363
BRASIL;Velten Logistica E Transporte Ltda;5,59315E+12;RUA 6 D, Nº 688, LOTE 1, 2, 3 ENGLOBADOS, QUADRA 13 D - CIVIT II;Serra;ES;29168070;contratos2@contabilservice.com.br;adesao_ao_decreto_1563_488;1178-0621;06/25/2031 00:00:00.000000
BRASIL;Transporte Excelsior Ltda;3,24924E+13;Avenida Copacabana S/N - Morada de Laranjeiras;Serra;ES;29166820;psimoes@transporteexcelsior.com.br;adesao_ao_decreto_1563_489;0392-0610;06/30/2020 00:00:00.000000
BRASIL;Transportes Excelsior Ltda;3,24294E+13;Avenida Copacabana S/N - Morada de Laranjeiras;Serra;ES;29166820;contabilidade@grupoloureiro.com.br;adesao_ao_decreto_1563_490;0004-0205;07/13/2030 00:00:00.000000
BRASIL;Rrs Transportes E Logística Eireli;1,88998E+13;Avenida Eldes Scherrer Souza, 2230, sala 804 - Colina de Laranjeiras;Serra;ES;29167080;gerencia@rrsexpress.com.br;adesao_ao_decreto_1563_491;0989-0519;05/31/2029 00:00:00.000000
BRASIL;Br Samor Logistica Express Ltda;1,07503E+13;RUA PORTO ALEGRE Nº 307 GALPAO 002 ARMZ 01 - NOVA ZELÂNDIA;Serra;ES;29175706;bruno@eteccontabilidade.com.br;adesao_ao_decreto_1563_492;1436-0824;08/07/2034 00:00:00.000000
BRASIL;Gaier Veículos Eireli;1,75243E+13;AV. ELDES SCHERRER SOUZA, 1025, SALA 1115 - PARQUE RESIDENCIAL LARANJEIRAS;Serra;ES;29165680;gaier@gaierlocadora.com.br;adesao_ao_decreto_1563_493;1007-0819;08/14/2029 00:00:00.000000
BRASIL;Enivix Ltda;4,8387E+12;AV. 100 -  S/N - QUADRA 01 - MÓDULOS 10 A 17 - SETOR INDUSTRIAL TIMS;Serra;ES;29161384;agiusfiscal2@agiuscontabil.com.br;adesao_ao_decreto_1563_494;1123-1120;11/11/2030 00:00:00.000000
BRASIL;Fortcargo Transportes Ltda;1,78033E+13;RUA 6 D, Nº 68, SALA 03, BOX 04 - CIVIT II;Serra;ES;29168070;contratos2@contabilservice.com.br;adesao_ao_decreto_1563_495;1177-0621;06/25/2031 00:00:00.000000
BRASIL;Superior Transportes Locação E Logística Ltda - Me;1,93525E+13;Rod. BR 262, s/n, km 10 - salas 1, 12, 13 - Parque Industrial;Viana;ES;26136522;ewerton@superiortransportes.com.br;adesao_ao_decreto_1563_496;0785-0716;07/28/2026 00:00:00.000000
BRASIL;T S Quintão Aviva Logistica;5,41779E+13;RUA MARIA DE OLIVEIRA MARES, Nº 2 - ITAPARICA;Vila Velha;ES;29102245;tiagosoaresquintao@gmail.com;adesao_ao_decreto_1563_497;1417-0424;04/11/2034 00:00:00.000000
BRASIL;Multirail Serviços Empresariais Ltda Epp;2,90903E+13;AVENINDA HENRIQUE MOSCOSO Nº 717 SALA 801 - CENTRO DE VILA VELHA;Vila Velha;ES;29100021;angelo.baptista@uol.com.br;adesao_ao_decreto_1563_498;0885-0218;02/06/2028 00:00:00.000000
BRASIL;Liman Consultoria E Logistica Ltda Me;2,10993E+13;RUA LUCIO BACELAR 513  APT 202  - PRAIA DA COSTA;Vila Velha;ES;29101030;angelo.baptista@uol.com.br;adesao_ao_decreto_1563_499;0882-0218;02/02/2028 00:00:00.000000
BRASIL;Sl Soluções Logísticas S/A;2,83271E+13;Rua Padre Antônio Ribeiro Pinto, nº 195, sl. 605 - Praia do Sua;Vitória;ES;29052290;fernandoleite@slsl.com.br;adesao_ao_decreto_1563_500;0938-0918;09/21/2028 00:00:00.000000
BRASIL;Slv Solucoes Logisticas Veicular Ltda;4,3456E+13;R PADRE ANTONIO RIBEIRO PINTO, Nº 195, SALA 603, ED. GUIZZARDI CENTER - PRAIA DO SUA;Vitória;ES;29052290;fernandoleite@slsl.com.br;adesao_ao_decreto_1563_501;1250-0522;05/09/2032 00:00:00.000000
BRASIL;MBO CARGO TRANSPORTES LTDA;4,47592E+12;Rua Trancredo de Almeida Neves, Nº 80, Sala 101;Vitória;ES;29070508;FISCAL@CONTROLTECH.COM.BR;adesao_ao_decreto_1563_502;1550-0826;08/06/2036 14:24:18.048170
BRASIL;BTG PACTUAL COMMODITIES SERTRADING S.A.;4,62643E+12;Av. Nossa Senhora da Penha, 1.495 - ;Vitória;ES;4626426;ol-tax-commodities-brazil@btgpactual.com;adesao_ao_decreto_1563_503;1474-0225;02/20/2035 20:13:01.027430
BRASIL;Vix Logística S.A.;3,26814E+13;avenida Jeronimo Vervloet, nº 345 - Goiabeiras;Vitória;ES;29075140;mara@vix.com.br;adesao_ao_decreto_1563_504;0947-1018;10/19/2028 00:00:00.000000
BRASIL;Irb Logística Ltda;4,19052E+13;RUA BARROS VIANA, Nº 530 - FLORIANO;Barra Mansa;RJ;27365020;contato@riosolutions.srv.br;adesao_ao_decreto_1563_505;1199-1021;10/27/2031 00:00:00.000000
BRASIL;Irb Logística Ltda;4,19052E+13;RUA BARROS VIANA, Nº 530 - FLORIANO;Barra Mansa;RJ;27365020; luclouro@hotmail.com;adesao_ao_decreto_1563_506;1199-1021;10/27/2031 00:00:00.000000
BRASIL;Aeroporto Cabo Frio, Logística, Armazém Geral E Transporte Multimodal Ltda;7,8951E+12;EST VELHA DE ARRAIAL DO CABO, S/N,  PARTE CAIXA POSTAL 111685 - PRAIA DO SUDOESTE;Cabo Frio;RJ;28905970;kleber.meira@cabofrioairport.com.br;adesao_ao_decreto_1563_507;1033-1119;11/06/2029 00:00:00.000000
BRASIL;Alfar Comércio, Logística E Manutenções Ltda;5,55188E+12;Estr. do Pilar, nº 126, Qd 29, Lt 13 - Chácara Rio-Petrópolis;Duque de Caxias;RJ;25230270;comercial@xamegolog.com.br;adesao_ao_decreto_1563_508;0731-1215;12/02/2025 00:00:00.000000
BRASIL;Rodolog Transportes Multimodais Eireli;5,21477E+12;Rua Ilhéus, nº 230 - Bairro: Jardim Gramacho;Duque de Caxias;RJ;25055150;joel.barros@rodofly.com.br;adesao_ao_decreto_1563_509;0711-0915;09/21/2025 00:00:00.000000
BRASIL;Transportes Carvalho Ltda;3,35708E+13;Rodovia Washington Luiz, nº 5.049 ;Duque de Caxias;RJ;25055009;secdir@carvalho.com.br;adesao_ao_decreto_1563_510;0034-0305;07/02/2035 18:09:07.609643
BRASIL;Transportes Carvalho Ltda;3,35708E+13;Rodovia Washington Luiz, nº 5.049 ;Duque de Caxias;RJ;25055009;contabil@carvalho.com.br;adesao_ao_decreto_1563_511;0034-0305;07/02/2035 18:09:07.609643
BRASIL;Maxpesa Construções Transportes Locações E Montagens Eireli;1,11798E+12;AVENIDA EMÍLIO DE MENEZES, S/N - QUADRA 11 - LOTE 10 - JARDIM PRIMAVERA;Duque de Caxias;RJ;25215255;comercial@maxpesa.com.br;adesao_ao_decreto_1563_512;1175-0621;06/25/2031 00:00:00.000000
BRASIL;Rio Brazil Transportes E Representações Ltda-Me;3,79784E+12;Rua Gregório de Matos, nº 65 - Circular;Duque de Caxias;RJ;25070120;riobrazil@ig.com.br;adesao_ao_decreto_1563_513;0755-0516;05/10/2026 00:00:00.000000
BRASIL;Matrix Log International Ltda;2,56596E+12;RUA GENERAL EUCLIDES DE FIGUEIREDO, S/N, QD 46, LT 52 - BRISA MAR;Itaguaí;RJ;23825450;leonardo@matrix.log.br;adesao_ao_decreto_1563_514;1415-0424;04/09/2034 00:00:00.000000
BRASIL;Sepetiba Tecon S.A.;2,39428E+12;Estrada Prefeito Wilson Pedro Francisco, s/nº , Porto de Itaguai - Ilha da Madeira;Itaguaí;RJ;23826600;cesar.maas@csn.com.br;adesao_ao_decreto_1563_515;0767-0616;06/22/2026 00:00:00.000000
BRASIL;Sva Macaé Cargas Expressas Ltda;4,48326E+13;Rua Teixeira de Gouvêa, nº 1.727, Lojas 11 e 12, Cajueiros;Macaé;RJ;27916000;meaf1@azulcargo.com.br;adesao_ao_decreto_1563_516;1387-1123;11/07/2033 00:00:00.000000
BRASIL;Granihc Services S.A.;1,10105E+13;ESTRADA HILDEBRANDO ALVES BARBOSA, S/N, KM 06, ST. SÃO J. E ITAPARICA - BAIRRO - PARQUE AEROPORTO;Macaé;RJ;27963506;clarice.garcia@granihc.com;adesao_ao_decreto_1563_517;1041-1119;11/26/2029 00:00:00.000000
BRASIL;Granihc Services S.A.;1,10105E+13;ESTRADA HILDEBRANDO ALVES BARBOSA, S/N, KM 06, ST. SÃO J. E ITAPARICA - BAIRRO - PARQUE AEROPORTO;Macaé;RJ;27963506; rodrigo.dantas@granihc.com.br;adesao_ao_decreto_1563_518;1041-1119;11/26/2029 00:00:00.000000
BRASIL;Transportes São Geraldo Ltda;2,52845E+13;Rodovia Presidente Dutra nº 10501 - Rocha Sobrinho;Mesquita;RJ;26550150;tsg@tsg.com.br;adesao_ao_decreto_1563_519;0190-0606;06/26/2016 00:00:00.000000
BRASIL;Pvax Consultoria E Logistica Ltda;1,21174E+13;Rua Monsenhor Raeder, nº 25, complemento 01 - Barreto;Niterói;RJ;24110814;comercial@pvax.com.br;adesao_ao_decreto_1563_520;1253-0522;05/18/2032 00:00:00.000000
BRASIL;Empresa Brasileira De Transportes Ltda;1,51268E+12;Rua Tenório Cavalcante nº. 47 – Vila Catia;Nova Iguaçu;RJ;26010340;ebt@oi.com.br;adesao_ao_decreto_1563_521;0231-0207;02/23/2017 00:00:00.000000
BRASIL;Elta Log Logística De Empresas Ltda;3,08409E+13;Estrada Bougainville nº 442 - Bloco F - Casa 06 - Jacarepaguá;Rio de Janeiro;RJ;22753210;comercial@eltalog.com.br;adesao_ao_decreto_1563_522;1380-0923;09/25/2033 00:00:00.000000
BRASIL;D0 Logistics Ltda;2,71136E+13;EST RIO DOURO -  00801 BLC 1 ARM 10 BLC 1,ARM 11 BLC 1 ARM 12 BLC 1 ARM 13 - PARQUE COLUMBIA;Rio de Janeiro;RJ;21535030;REGULARIZACAO@FLRANGEL.COM.BR;adesao_ao_decreto_1563_523;1404-0224;02/05/2034 00:00:00.000000
BRASIL;Data Certa Entregas Rápidas Ltda - Me;3,68692E+12;Rua Cuba, 228 - Penha;Rio de Janeiro;RJ;21020160;datacerta@datacertabrasil.com;adesao_ao_decreto_1563_524;0991-0619;06/12/2029 00:00:00.000000
BRASIL;Despachos E Transportes Dms Ltda;3,1864E+13;RUA MAGALHÃES CORREIA, Nº 112 - HIGIENOPOLIS;Rio de Janeiro;RJ;21051510;marco.bilonia@dmslog.com;adesao_ao_decreto_1563_525;1173-0621;06/24/2031 00:00:00.000000
BRASIL;G. Silva Transportes E Logística Ltda;3,34894E+13;Avenida Brasil, nº 11.727 e 11.875, com entrada suplementar pela rua Castelo Branco, s/nº - Penha;Rio de Janeiro;RJ;21012351;belacap@belacap.com.br;adesao_ao_decreto_1563_526;0760-0616;06/06/2026 00:00:00.000000
BRASIL;Excommerce Assessoria Internacional Ltda-Epp;5,75327E+12;Rua Anfilofio de Carvalho, 29 - 605 a 610 - Centro;Rio de Janeiro;RJ;20030060;julio.dantas@excomrio.com.br;adesao_ao_decreto_1563_527;0587-1013;10/17/2023 00:00:00.000000
BRASIL;Gol Linhas Aéreas S.A;7,57565E+12;PRAÇA SENADOR SALGADO FILHO S/Nº - TÉRREO - ÁREA PÚBLICA ENTRE OS EIXOS 46-48/O-P - SALA DE GERÊNCIA BACK OFFICE - CENTRO;Rio de Janeiro;RJ;20021340;tjimenez@voegol.com.br;adesao_ao_decreto_1563_528;1074-0420;04/17/2030 00:00:00.000000
BRASIL;Gefco Logística Do Brasil Ltda;3,09466E+12;Praça Quinze de Novembro, nº 20, sala 402 - Centro;Rio de Janeiro;RJ;20010010;dl-brasil-rio-fiscal-contact@gefco.com.br;adesao_ao_decreto_1563_529;0913-0718;07/24/2028 00:00:00.000000
BRASIL;Gávea Logística Ltda;1,20646E+13;AVENIDA RIO BRANCO, Nº1, SALA 1301 PARTE - CENTRO;Rio de Janeiro;RJ;20090003;guilherme@gavealog.com;adesao_ao_decreto_1563_530;1110-0920;09/18/2030 00:00:00.000000
BRASIL;HulkS Internacional Carga Ltda;3,08703E+13;Rua Coimbra, 68/78, Penha;Rio de Janeiro;RJ;21011620;hulks@domain.com.br;adesao_ao_decreto_1563_531;0124-0905;09/27/2015 00:00:00.000000
BRASIL;Interoceanica Chartering & Logistic Ltda;5,11945E+12;RUA VISCONDE DE INHAÚMA Nº 37 - SALA 2001 - CENTRO;Rio de Janeiro;RJ;20091007;CARLOS@CSCCONTABIL.COM.BR;adesao_ao_decreto_1563_532;1035-1119;11/08/2029 00:00:00.000000
BRASIL;Integra Soluções De Logística Integrada Ltda;1,43111E+13;RUA MAJOR SUCKOW, Nº 30,  LOTE 2 PAL 46855 -  ROCHA;Rio de Janeiro;RJ;20975005;valeriabetania@integralogistica.com.br;adesao_ao_decreto_1563_533;1414-0424;04/08/2034 00:00:00.000000
BRASIL;Integral Transporte E Agenciamento Marítimo Ltda;4,31459E+13;Rua São Bento, 8 - 12º andar (parte);Rio de Janeiro;RJ;20090010;renata_farina@lachmann.com.br;adesao_ao_decreto_1563_534;0080-0605;06/22/2015 00:00:00.000000
BRASIL;Interferro Serviços E Logística Ltda;5,30326E+12;Rua Miguel Couto 105 17º Andar Centro;Rio de Janeiro;RJ;20071000;interferro@interferro.com.br;adesao_ao_decreto_1563_535;0509-0812;08/31/2022 00:00:00.000000
BRASIL;Krw Atlantis Transportes E Mudanças Ltda;3,98936E+13;ESTRADA DA PEDRA 3520, SANTA CRUZ;Rio de Janeiro;RJ;23520395;karlwollny@atlanstisbrazil.com;adesao_ao_decreto_1563_536;1056-0220;02/11/2030 00:00:00.000000
BRASIL;Kalahari Assessoria E Serviços Aduaneiros Ltda.;7,33694E+12;Rua Visconde de Inhaúma, nº 50, Sala 614 - Centro;Rio de Janeiro;RJ;20091007;andreia@kalahari-a.com.br;adesao_ao_decreto_1563_537;0143-1005;10/25/2015 00:00:00.000000
BRASIL;Albar Logistics Ltda;4,21036E+12;Avenida Evandro Lins e Silva, 840, salas 1814 e 1815 -  Barra da Tijuca;Rio de Janeiro;RJ;22631470;lilianbarreiros@albar.com.br;adesao_ao_decreto_1563_538;0369-0210;12/20/2029 00:00:00.000000
BRASIL;Airsealog Logística Integrada S/S Ltda;7,04774E+12;Rua Visconde de Inhaúma nº 58 - sala 201 - Centro;Rio de Janeiro;RJ;20091007;ricardo.garlope@airsealog.com.br;adesao_ao_decreto_1563_539;0196-0706;08/03/2016 00:00:00.000000
BRASIL;Ambientis Radioproteção Ltda;7,80616E+11;Avenida Carlos Chagas Filho, nº 791 - Bio Rio (Parte) - Ilha do Fundão;Rio de Janeiro;RJ;21941904;financeiro@ambientis.com.br;adesao_ao_decreto_1563_540;0719-1015;10/20/2025 00:00:00.000000
BRASIL;Agaé Transportes E Comércio Ltda;4,39985E+13;AVENIDA FERNANDO MATOS, Nº  270, BARRA DA TIJUCA;Rio de Janeiro;RJ;22621090;thales@agaetransportes.com.br;adesao_ao_decreto_1563_541;0498-0712;07/18/2022 00:00:00.000000
BRASIL;Agmsbs Transportes Ltda;3,11344E+12;RUA PEDRO ERNESTO Nº 120 - PARTE - GAMBOA;Rio de Janeiro;RJ;20220350;FISCAL@AGMLOGISTICA.COM.BR;adesao_ao_decreto_1563_542;0582-0913;09/17/2023 00:00:00.000000
BRASIL;2 Alianças Transporte E Logística Ltda;1,15672E+13;Rua da Quitanda, nº 52 - andar 17 - parte - Centro;Rio de Janeiro;RJ;20011030;rbs@2aliancas.com.br;adesao_ao_decreto_1563_543;0901-0418;04/11/2028 00:00:00.000000
BRASIL;Bayeux Logistics Ltda;4,19394E+12;Av. das Américas, nº 3500, bloco7, sala 104, 105 e 138 - Barra da Tijuca;Rio de Janeiro;RJ;22640102;pbayeux@bayeux.com.br;adesao_ao_decreto_1563_544;0099-0805;09/08/2025 00:00:00.000000
BRASIL;Barbosa E Amorim Agenciamento De Cargas Ltda;1,08038E+13;Av. Venezuela nº 27 - Salas 607 e 609 - Saúde;Rio de Janeiro;RJ;20081311;valeria.barbosa@bealogistica.com.br;adesao_ao_decreto_1563_545;0519-0912;11/01/2033 00:00:00.000000
BRASIL;Ativa Logística Internacional S/S Ltda;5,67949E+12;Rua Mayrink da Veiga, nº 6 – 9º andar;Rio de Janeiro;RJ;20090050;mcarlos@ativa.net;adesao_ao_decreto_1563_546;0237-0407;04/24/2017 00:00:00.000000
BRASIL;Ativa Comércio Exterior S/S Ltda;4,04117E+13;Rua Mayrink Veiga nº. 6 – 9º andar;Rio de Janeiro;RJ;20090050;mcarlos@ativa.net;adesao_ao_decreto_1563_547;0232-0207;02/23/2017 00:00:00.000000
BRASIL;Br Mobility International Transportes Ltda;3,43521E+13;RUA CASTELO BRANCO, Nº 67 - PENHA CIRCULAR;Rio de Janeiro;RJ;21012000;FINANCEIRO@BRMOBILITYINTL.COM;adesao_ao_decreto_1563_548;1332-0223;02/16/2033 00:00:00.000000
BRASIL;Brazil Link Mudanças Ltda;1,91428E+13;Av. Pastor Martin Luther King Jr, nº 5335 A - Vicente de Carvalho;Rio de Janeiro;RJ;21370541;renata@brazillinkmudancas.com.br;adesao_ao_decreto_1563_549;0908-0718;07/10/2028 00:00:00.000000
BRASIL;Brazil Log Agenciamento E Logística De Cargas Nacionais E Internacionais Ltda;1,10794E+13;RUA PATURI Nº 831 - TANQUE;Rio de Janeiro;RJ;22730270;RBARROS@BRAZIL-LOG.COM;adesao_ao_decreto_1563_550;1127-1120;11/20/2030 00:00:00.000000
BRASIL;C&T Logistics Agente De Carga E Transporte Ltda;6,18574E+12;Rua Visconde de Inhaúma, 37, 16º andar - Centro;Rio de Janeiro;RJ;20091007;trucking.division@cet-logistics.com;adesao_ao_decreto_1563_551;0970-0119;01/21/2029 00:00:00.000000
BRASIL;Canal Verde Consultoria E Comércio Exterior Ltda;3,64534E+12;Avenida Rio Branco, 18, 7º andar - Centro;Rio de Janeiro;RJ;20090000;canalverde@canalverderj.com.br;adesao_ao_decreto_1563_552;0176-0206;01/12/2031 00:00:00.000000
BRASIL;Cargo Onix Rio Logística De Transporte De Cargas Ltda;7,24418E+12;RUA VISCONDE DE INHAÚMA, Nº 134, SALA 2121 - CENTRO;Rio de Janeiro;RJ;20091007;diretoria.financeiro@cargoonix.com.br;adesao_ao_decreto_1563_553;0592-1113;07/16/2034 00:00:00.000000
BRASIL;Companhia De Navegação Norsul;3,3127E+13;Avenida Presidente Wilson, 231, 3º andar;Rio de Janeiro;RJ;20030905;rodrigo.cuesta@norsul.com;adesao_ao_decreto_1563_554;0321-1208;08/23/2029 00:00:00.000000
BRASIL;Companhia Vale Do Rio Doce;3,35925E+13;Av. Graça Aranha, 26 - 12º Andar;Rio de Janeiro;RJ;20030900;jorge.luis@vale.com;adesao_ao_decreto_1563_555;0001-0205;02/02/2015 00:00:00.000000
BRASIL;Codebras - Comissária De Despachos Do Brasil Ltda;4,09545E+12;Rua Leandro Martins, Nº 22, Sala 801 - Centro;Rio de Janeiro;RJ;20080070;codebras@despachoaduaneiro.com.br;adesao_ao_decreto_1563_556;0310-1108;11/19/2018 00:00:00.000000
BRASIL;Comissaria Fastport Ltda;7,367E+13;Av. Teixeira de Castro nº. 689 - Ramos;Rio de Janeiro;RJ;21040113;uln@fastport.com.br;adesao_ao_decreto_1563_557;0269-0108;01/29/2018 00:00:00.000000
BRASIL;Costa Porto Despachos Aduaneiros Ltda;2,95487E+13;Avenida Marechal Floriano, nº 45 - 7º andar - Centro;Rio de Janeiro;RJ;20080004;magdaadm@costaporto.com.br;adesao_ao_decreto_1563_558;0746-0316;03/28/2026 00:00:00.000000
BRASIL;Costa Porto Logística Internacional Ltda;2,56719E+12;Avenida Marechal Floriano, nº 45 - 7º andar - Centro;Rio de Janeiro;RJ;20080004;magdaadm@costaporto.com.br;adesao_ao_decreto_1563_559;0747-0316;03/28/2026 00:00:00.000000
BRASIL;Crane Worldwide Logística Do Brasil Ltda;4,39336E+12;Avenida Rio Branco, nº 26, 11º andar - Centro;Rio de Janeiro;RJ;20090001;eduardo.miyagi@craneww.com;adesao_ao_decreto_1563_560;0914-0818;08/01/2028 00:00:00.000000
BRASIL;Consultoria Em Projetos Logísticos - Incopro Do Brasil Ltda;7,38197E+12;Rua Visconde de Inhaúma, nº 77, Sala 2001 - Centro;Rio de Janeiro;RJ;20091007;financeiro@grifuron.com.br;adesao_ao_decreto_1563_561;0186-0506;10/03/2027 00:00:00.000000
BRASIL;Psn Transportes Ltda;3,67682E+12;Rua Carlos Seidl nº 321 - Caju;Rio de Janeiro;RJ;20931002;psntransportes@yahoo.com.br;adesao_ao_decreto_1563_562;0194-0706;07/20/2026 00:00:00.000000
BRASIL;Rd Expresso Transportes Ltda Me;1,49777E+13;Rua Pedro Alves, nº 14 - Santo Cristo;Rio de Janeiro;RJ;20220281;edson@quickdelivery.com.br;adesao_ao_decreto_1563_563;0686-0715;07/09/2025 00:00:00.000000
BRASIL;Rhana Carga Internacional Ltda Epp;2,86758E+13;Rua Alice de freitas nº 189 - Vaz Lobo;Rio de Janeiro;RJ;21371220;lcm@ehana.com.br;adesao_ao_decreto_1563_564;0476-0212;02/09/2022 00:00:00.000000
BRASIL;Rhana Carga Internacional Ltda Epp;2,86758E+13;Rua Alice de freitas nº 189 - Vaz Lobo;Rio de Janeiro;RJ;21371220; trivelli@rhana.com.br;adesao_ao_decreto_1563_565;0476-0212;02/09/2022 00:00:00.000000
BRASIL;Rhana Transportes Internacionais Ltda;2,95086E+13;Rua Alice de Freitas, nº 189 - Vaz Lobo;Rio de Janeiro;RJ;21371220;lcm@rhana.com.br;adesao_ao_decreto_1563_566;1205-1221;12/02/2031 00:00:00.000000
BRASIL;Rhana Transportes Internacionais Ltda;2,95086E+13;Rua Alice de Freitas, nº 189 - Vaz Lobo;Rio de Janeiro;RJ;21371220;lcm@rhana.com.br;adesao_ao_decreto_1563_567;1205-1221;12/02/2031 00:00:00.000000
BRASIL;Ncx Cargo Transportes Internacionais Ltda;4,25843E+13;Rua Mayrink Veiga, nº 6 - sala 401, 601 e 801 - Centro;Rio de Janeiro;RJ;20090050;guilherme.c@nicomex.com.br;adesao_ao_decreto_1563_568;0956-1118;11/22/2028 00:00:00.000000
BRASIL;Norsulcargo Navegação S.A.;1,39204E+12;AV. Augusto Severo nº 8, 7 andar - Sala 702 - parte - Gloria;Rio de Janeiro;RJ;20021040;ANGELO.BARONCINI@NORSUL.COM;adesao_ao_decreto_1563_569;0556-0413;04/03/2023 00:00:00.000000
BRASIL;Norsulmax Navegação S.A.;4,25989E+13;Avenida Augusto Severo nº 8, 7º andar, sala 701 - parte;Rio de Janeiro;RJ;20021040;a.baroncini@norsulmax.com;adesao_ao_decreto_1563_570;0554-0413;04/01/2023 00:00:00.000000
BRASIL;Novo Horizonte Jacarepaguá Importação E Exportação Ltda;1,85997E+11;Av. Brasil nº. 4880 – Rua 11 – Vila do João nº. 95 – Manguinhos;Rio de Janeiro;RJ;21040361;dtra@nhjdobrasil.com.br;adesao_ao_decreto_1563_571;0207-1106;11/07/2016 00:00:00.000000
BRASIL;Oceanpact Logistica Ltda;2,6096E+13;RUA DA GLÓRIA, Nº 122 - SALAS 801 E 802 - 10 PAVIMENTO E SALAS 901 E 902 11 PAVIMENTO - GLÓRIA;Rio de Janeiro;RJ;20241180;filipe.lima@oceanpact.com;adesao_ao_decreto_1563_572;1210-1221;12/16/2031 00:00:00.000000
BRASIL;Petrobras Transporte S/A - Transpetro;2,70945E+12;Av. Presidente Vargas, nº 328, 11º andar -Centro;Rio de Janeiro;RJ;20091060;pedromodenesi@transpetro.com.br;adesao_ao_decreto_1563_573;0147-1105;08/25/2025 00:00:00.000000
BRASIL;Megatruck Transportes E Locações Ltda;4,02614E+13;Rua do Arroz, nº 90, sala 419 - Penha Circular;Rio de Janeiro;RJ;21011070;comercial@megatrucktransportes.com.br;adesao_ao_decreto_1563_574;1297-0922;09/29/2032 00:00:00.000000
BRASIL;Meta Cargo Serviços E Transporte Aéreos Ltda;6,86883E+13;AV. HENRIQUE VALADARES Nº 23 - SALA 302 - CENTRO;Rio de Janeiro;RJ;20231030;MARCELO@METACARGO.COM.BR;adesao_ao_decreto_1563_575;1314-1222;12/12/2032 00:00:00.000000
BRASIL;MULTITERMINAIS ALFANDEGADOS DO BRASIL S.A.;3,10961E+13;RUA ANÍBAL DE MENDONÇA, 132, 4º Andar;Rio de Janeiro;RJ;20020100;ricardo.vega@multiterminais.com.br;adesao_ao_decreto_1563_576;0067-0505;05/21/2035 13:38:44.494505
BRASIL;Mto Serviços Logística Ltda;1,85276E+13;Rua Monsenhor Manoel Gomes, nº 370 - São Cristovão;Rio de Janeiro;RJ;20931670;vinicius.patel@mtologistica.com;adesao_ao_decreto_1563_577;0649-1114;11/14/2024 00:00:00.000000
BRASIL;Mrs Logística S/A;1,41722E+12;PRAIA DE BOTAFOGO Nº 228 - SALA 707 - ALA B  - BOTAFOGO;Rio de Janeiro;RJ;22250040;DANIELA.JUNQUEIRA@MRS.COM.BR;adesao_ao_decreto_1563_578;1467-0823;08/28/2033 00:00:00.000000
BRASIL;Mk3 Operações Em Comércio Exterior Ltda;8,87226E+12;Av. José Silva de Azevedo Neto, nº 200, bloco 06, sala 334, 335 e 336 - Barra da Tijuca;Rio de Janeiro;RJ;22775056;maffra@makeconsultores.com.br;adesao_ao_decreto_1563_579;0726-1115;11/04/2025 00:00:00.000000
BRASIL;Liga Logística, Óleo E Gás Ltda;1,94652E+13;Av. Churchil, 60 - sala 701 - Centro;Rio de Janeiro;RJ;20020050;filipe.lima@ligaog.com.br;adesao_ao_decreto_1563_580;0975-0419;04/01/2029 00:00:00.000000
BRASIL;Link Logística Rj Ltda;9,53478E+12;Avenida Rio Branco, nº 45 / 5º andar - sala 505 - Centro;Rio de Janeiro;RJ;20090003;lcabrantes@linklogistic.com.br;adesao_ao_decreto_1563_581;0743-0216;02/16/2026 00:00:00.000000
BRASIL;Lcw Assessoria E Logística Em Comércio Exterior Ltda;1,57168E+13;Estrada do Tindiba, 2733, sala 220 - Taquara;Rio de Janeiro;RJ;22725421;fraga@lcwlogistica.com.br;adesao_ao_decreto_1563_582;0571-0813;08/05/2023 00:00:00.000000
BRASIL;Logimex Comércio Exterior Ltda;2,15541E+12;Avenida Presidente Vargas, nº 290 gr.708 - Centro;Rio de Janeiro;RJ;20071003;otaviogr@logimex.com.br;adesao_ao_decreto_1563_583;0693-0715;07/29/2025 00:00:00.000000
BRASIL;Log-In Logística Intermodal S/A;4,22783E+13;RUA DO PASSEIO, Nº  00078, SALA 1201, CONDOMÍNIO BVEP NIGRI PLAZA - CENTRO;Rio de Janeiro;RJ;22250040;rl.institucional@loginlogistica.com.br;adesao_ao_decreto_1563_584;0530-1112;09/20/2032 00:00:00.000000
BRASIL;Log-In Logística Intermodal S/A;4,22783E+13;RUA DO PASSEIO, Nº  00078, SALA 1201, CONDOMÍNIO BVEP NIGRI PLAZA - CENTRO;Rio de Janeiro;RJ;22250040;rl.institucional@loginlogistica.com.br;adesao_ao_decreto_1563_585;0230-0107;01/18/2017 00:00:00.000000
BRASIL;Logum Logística S.A.;9,58494E+12;PRAIA DO FLAMENGO, N° 154, SALAS 601, 602 E 604, FLAMENGO;Rio de Janeiro;RJ;22210906;rafael.bassalo@logum.com.br;adesao_ao_decreto_1563_586;0544-0213;10/01/2034 00:00:00.000000
BRASIL;Logitrade Serviços E Comércio Exterior Ltda;3,00487E+12;Av. Ataulfo de Paiva nº 135 sala 718 - Leblon;Rio de Janeiro;RJ;22440032;c.hirsch@logitradeserv.com.br;adesao_ao_decreto_1563_587;0456-0911;09/09/2021 00:00:00.000000
BRASIL;Tranziran Transportes Ltda;4,68285E+11;Rua do Alho, nº 1129, Galpão 2 - Penha Circular;Rio de Janeiro;RJ;21011000;donizeti@tranziran.com.br;adesao_ao_decreto_1563_588;0312-1108;12/28/2028 00:00:00.000000
BRASIL;Triunfo Logística Ltda.;2,93553E+13;Avenida Cidade de Lima, 86, sala 201/202 - Santo Cristo;Rio de Janeiro;RJ;20220710;rodrigo.salles@triunfologistica.com.br;adesao_ao_decreto_1563_589;0373-0410;05/15/2030 00:00:00.000000
BRASIL;Utc Overseas Do Brasil Ltda.;2,61223E+12;Avenida Rio Branco, nº 26 Pavimento 02;Rio de Janeiro;RJ;20090001;armandinabe@utcoverseas.com.br;adesao_ao_decreto_1563_590;0164-1205;10/14/2025 00:00:00.000000
BRASIL;Value Logistic, Tour & Business Ltda Me;2,28868E+13;Rua da Quitanda, nº 86, salas 201 e 203 - Centro;Rio de Janeiro;RJ;20091005;diretoria@valuelog.com.br;adesao_ao_decreto_1563_591;0797-1016;10/18/2026 00:00:00.000000
BRASIL;Superpesa Cia De Transportes Especiais E Intermodais;4,24158E+13;Av. Brasil, nº 42.301  - Campo Grande;Rio de Janeiro;RJ;23078002;gisousa@superpesa.com.br;adesao_ao_decreto_1563_592;0011-0305;08/18/2025 00:00:00.000000
BRASIL;Superpesa Marítima Ltda;2,02759E+11;Avenida Brasil, nº 42.301 - Campo Grande;Rio de Janeiro;RJ;23078002;gisousa@superpesa.com.br;adesao_ao_decreto_1563_593;0713-0915;09/26/2035 17:49:13.441893
BRASIL;Superpesa Marítima Ltda;2,02759E+11;Avenida Brasil, nº 42.301 - Campo Grande;Rio de Janeiro;RJ;23078002;deta@superpesa.com.br;adesao_ao_decreto_1563_594;0713-0915;09/26/2035 17:49:13.441893
BRASIL;Stratégica Cargas E Encomendas Ltda;6,18475E+12;Av Lisboa, 75 Penha Circular;Rio de Janeiro;RJ;21011540;strategica@strategica.com.br;adesao_ao_decreto_1563_595;1124-1120;11/12/2030 00:00:00.000000
BRASIL;Sky Despachos Aduaneiros E Transportes Ltda.;2,93804E+13;Rua Visconde de Inhaúma, nº 58, grupo 401, Centro;Rio de Janeiro;RJ;20091007;gpc@skylog.com.br;adesao_ao_decreto_1563_596;0155-1105;12/09/2015 00:00:00.000000
BRASIL;Sacamarzenagem E Modais Consultoria Empresarial Ltda - Me;2,17471E+13;Rua Clóvis Bevilaqua, nº 246/205 - Tijuca;Rio de Janeiro;RJ;20520160;sergio@sacarmazenagem.com.br;adesao_ao_decreto_1563_597;0683-0615;06/26/2025 00:00:00.000000
BRASIL;Vip Logistics Br Agenciamento E Transportes Ltda;1,6832E+13;RUA VISCONDE DE INHAÚMA, 134, SALA 801-804 - CENTRO;Rio de Janeiro;RJ;20091007;raphael.lyrio@viplogbr.com;adesao_ao_decreto_1563_598;0561-0613;03/01/2034 00:00:00.000000
BRASIL;Wilport Operadores Portuários Ltda;5,10776E+13;Rua da Quitanda, nº 86, 5º andar - sala 501 - Centro;Rio de Janeiro;RJ;20091005;planfical@wilsonsons.com.br;adesao_ao_decreto_1563_599;0670-0415;04/23/2025 00:00:00.000000
BRASIL;Wilson Sons Terminais E Logística Ltda;3,85297E+12;PRAIA DE BOTAFOGO, Nº 186 - SALA 301 - BOTAFOGO;Rio de Janeiro;RJ;22250145;TAXCOMPLIANCEMATRIZ.PARALEGAL@WILSONSONS.COM.BR;adesao_ao_decreto_1563_600;0893-0318;03/29/2028 00:00:00.000000
BRASIL;Wilson, Sons Logística Ltda;3,852E+12;Av. Rio Branco nº 25, 4º andar, Centro;Rio de Janeiro;RJ;20090902;andrea.ruas@wilsonsons.com.br;adesao_ao_decreto_1563_601;0181-0406;04/12/2016 00:00:00.000000
BRASIL;GOLDEN BRAZIL LOGÍSTICA E TRANSPORTES LTDA;2,17806E+13;Avenida Ator Jose Wilker nº 605, Bloco 1, Sala 862;Rio de Janeiro;RJ;22775024;redenschirenato@goldenlogbrazil.com.br;adesao_ao_decreto_1563_602;1498-0525;05/13/2035 18:05:26.915517
BRASIL;GLOG TRANSPORTES LTDA;2,36717E+13;RUA DO ARROZ, Nº 90, ;Rio de Janeiro;RJ;21011900;tavarespro@hotmail.com;adesao_ao_decreto_1563_603;1537-0426;04/15/2036 13:41:19.803257
BRASIL;ASIGNAR CUSTOMS CLEARANCE LTDA;3,92311E+13;Av. Rio Branco, 26 ;Rio de Janeiro;RJ;20090001;augusto@asignar.com.br;adesao_ao_decreto_1563_604;1523-1125;11/26/2035 17:55:02.243894
BRASIL;Zemax Serviços Marítimos Ltda;2,97645E+13;Rua Cruzeiro do Sul, 153 - Bairro Gradim;São Gonçalo;RJ;24430620;nfe@zemaxlog.com.br;adesao_ao_decreto_1563_605;1118-1020;10/09/2030 00:00:00.000000
BRASIL;FLEXBASE SERVIÇOS LTDA;3,43927E+13;Fazenda Saco Dantas, s/n;São João da Barra;RJ;28200000;LEGAL@GRANENERGIA.COM.BR;adesao_ao_decreto_1563_606;1547-0726;07/15/2036 17:01:45.787535
BRASIL;DOME SERVIÇOS INTEGRADOS;2,84831E+13;Fazenda Saco Dantas, S/N;São João da Barra;RJ;28200000;diego.mendonca@dome.services;adesao_ao_decreto_1563_607;1544-0726;07/08/2036 20:12:03.526614
BRASIL;Rei De Ouro Mudanças E Transportes Eireli;1,07814E+13;RUA GOIÁS, 386 - BEIRA RIO;São João de Meriti;RJ;25555770;gestor@reideouro.com;adesao_ao_decreto_1563_608;1128-1220;12/01/2030 00:00:00.000000
BRASIL;Haja Representações Comerciais Ltda;1,11172E+13;Rua Segisfredo Bravo 105 Sala 104 Bacaxá;Saquarema;RJ;28993000;roseni.haja@hotmail.com;adesao_ao_decreto_1563_609;0522-0912;09/27/2022 00:00:00.000000
BRASIL;Ricardo Matarazzo Cargas Ltda;7,23161E+13;Av. Lucio Meira, 260, sl. 203 - Várzea;Teresópolis;RJ;25953001;MIXDOCUMENTOS@GMAIL.COM;adesao_ao_decreto_1563_610;0378-0410;10/18/2034 00:00:00.000000
BRASIL;Duo Multimodal Ltda;3,73676E+13;AV. PAULO DE FRONTIN Nº 590 - SALA 911 COND. 139 - ATERRADO;Volta Redonda;RJ;27213270;SYMARAHS@HOTMAIL.COM;adesao_ao_decreto_1563_611;1385-1123;11/01/2033 00:00:00.000000
BRASIL;Keloz Transportes E Encomendas Ltda;1,1441E+13;AVENIDA LUIZ CARLOS TUNES, Nº 2347 - TERRAS DE CAROLINA;Araras;SP;13607814;keloz@keloz.com.br;adesao_ao_decreto_1563_612;1190-0821;08/20/2031 00:00:00.000000
BRASIL;Hosplog Logística Ltda;3,22409E+13;Av. Aruanã, 280/352 , Galpões 3 e 4 - Tamboré;Barueri;SP;6460010;marcos.cavequi@unihealth.com.br;adesao_ao_decreto_1563_613;1146-0321;03/11/2031 00:00:00.000000
BRASIL;Id Do Brasil Logística Ltda;4,41685E+12;Alameda Mamore, nº 503, 4º andar, conj 1,2,3,4 - Alphaville;Barueri;SP;6454040;lmendes@id-logistics.com.br;adesao_ao_decreto_1563_614;0666-0315;03/12/2025 00:00:00.000000
BRASIL;Id Transportes Do Brasil Ltda;2,5209E+13;Al. Mamore, nº 503 - 4º andar - Parte conj.1, 2, 3 e 4 - Alphaville;Barueri;SP;6454040;lmendes@id-logistics.com.br;adesao_ao_decreto_1563_615;0801-1016;10/19/2026 00:00:00.000000
BRASIL;G-Inter Transportes Ltda;5,33226E+12;RUA VICTORINO, Nº 134 - JARDIM MUTINGA;Barueri;SP;6463290;mariacon.fera@gmail.com;adesao_ao_decreto_1563_616;0515-0912;09/20/2033 00:00:00.000000
BRASIL;Golden Cargo Transportes E Logística Ltda;1,63083E+11;Estrada dos Alpes, nº 855, 2º andar , Jardim Belval;Barueri;SP;6423080;ronilson.oliveira@goldencargo.com.br;adesao_ao_decreto_1563_617;0819-0117;01/23/2027 00:00:00.000000
BRASIL;E.G.A. Assessoria Em Comércio Exterior Ltda;1,70162E+12;Rua Caldas Novas, nº 50, Sala 79 - Bairro Bethaville I;Barueri;SP;6404301;juridico@egasolutions.com.br;adesao_ao_decreto_1563_618;0586-0913;04/25/2033 00:00:00.000000
BRASIL;E7 Logistica Ltda;2,48752E+13;AV ANDROMEDA, Nº 723, 2º ANDAR, ESCRITORIO 206 - GREEN VALLEY ALPHAVILLE;Barueri;SP;6473000;wagner.feitosa@e7log.com;adesao_ao_decreto_1563_619;1255-0522;05/18/2032 00:00:00.000000
BRASIL;Elog S.A.;6,0527E+13;Avenida Tamboré, nº 1400 - 2º andar - Alphaville;Barueri;SP;6460000;rodrigo.roson@eloglogistica.com.br;adesao_ao_decreto_1563_620;0892-0318;03/29/2028 00:00:00.000000
BRASIL;Digital Transportes E Logística Ltda - Me;1,20558E+13;Rua Caldas Nova , nº 50, sala 137 - Bethaville I;Barueri;SP;6404301;contato.digitaltrans@gmail.com;adesao_ao_decreto_1563_621;0802-1016;10/19/2026 00:00:00.000000
BRASIL;G2L Logística Ltda;2,90813E+13;Alameda Tocantins, 75 -  Alphaville;Barueri;SP;6455020;fiscal@logisticag2l.com.br;adesao_ao_decreto_1563_622;1136-0121;01/13/2031 00:00:00.000000
BRASIL;Celistics Barueri Transportadora Ltda;1,19642E+13;Alameda Araguaia, nº 2104, conj.53 e 54, 5º andar - Alphaville Industrial;Barueri;SP;6455000;oferreira@celistics.com;adesao_ao_decreto_1563_623;0858-0817;08/31/2027 00:00:00.000000
BRASIL;Apoio Comércio E Transportes Ltda;1,20656E+13;Rua Jussara  nº 1250 - Sala 10 - Jardim Santa Cecília;Barueri;SP;6465070;BRESSANIM@GRUPOENAR.COM.BR;adesao_ao_decreto_1563_624;0575-0813;08/08/2023 00:00:00.000000
BRASIL;Bk Consultoria E Serviços Ltda;3,02212E+12;RUA BONNARD Nº 980 - BLOCO 09 - NÍVEL 07 - GREEN VALLEY - ALPHAVILLE;Barueri;SP;6465134;LICITA@BKCONSULTORIA.COM.BR;adesao_ao_decreto_1563_625;1432-0724;07/17/2034 00:00:00.000000
BRASIL;Afr Logística E Transporte Ltda;2,76414E+13;AV. ANDROMEDA, Nº 885 - CONJUNTO 709 - ALPHAVILLE EMPRESARIAL;Barueri;SP;6473000;martinsassessoria@uol.com.br;adesao_ao_decreto_1563_626;1206-1221;12/02/2031 00:00:00.000000
BRASIL;Pitney Bowes Brasil Equipamentos E Serviços Ltda;6,98082E+12;Alameda Tocantins, nº 630, galpão 3, Bl. Tocantins, Condomínio Múltiplo Tocantins 3 - Alphaville - Centro Industrial e Empresarial;Barueri;SP;6455020;marta.silva@pb.com;adesao_ao_decreto_1563_627;0812-1216;12/12/2026 00:00:00.000000
BRASIL;Pitney Bowes Brasil Equipamentos E Serviços Ltda;6,98082E+12;Alameda Tocantins, nº 630, galpão 3, Bl. Tocantins, Condomínio Múltiplo Tocantins 3 - Alphaville - Centro Industrial e Empresarial;Barueri;SP;6455020; maria.freire@pb.com;adesao_ao_decreto_1563_628;0812-1216;12/12/2026 00:00:00.000000
BRASIL;O Primo Logística Eireli;2,15572E+13;Alameda Mamoré, 535, sala 907 - Alphaville Centro Industrial e Empresarial;Barueri;SP;6454040;augusto@oprimolog.com.br;adesao_ao_decreto_1563_629;1303-1022;10/07/2032 00:00:00.000000
BRASIL;Modern Transporte Aéreo De Cargas S.A.;3,88783E+12;Calçada das Primeveras, nº 31, 1º andar, Centro Comercial Alphaville;Barueri;SP;6453046;JOICE.DOUTEL@MODERN.COM.BR;adesao_ao_decreto_1563_630;0685-0715;07/09/2025 00:00:00.000000
BRASIL;S. Paulo Distribuição E Logística Ltda;4,75783E+12;Al. Tocantins, nº 125, 29° andar, sala 2901 - Alphaville Industrial;Barueri;SP;6455931;ines.leme@uol.com.br;adesao_ao_decreto_1563_631;0920-0818;08/21/2028 00:00:00.000000
BRASIL;Segura Transportes E Logística S/A ;3,14721E+12;Av. Marginal projetada, 1810 - Galpão 04 - Fazenda Tambore;Barueri;SP;6460200;veronica.chagas@yexux.com.br;adesao_ao_decreto_1563_632;0973-0219;02/12/2029 00:00:00.000000
BRASIL;Stark Cargo Do Brasil Ltda;4,04019E+13;AV ARUANÃ, 280, GP. EUROPA, SL2 - TAMBORÉ;Barueri;SP;6406010;gustavo.galvão@stark-4pl.com;adesao_ao_decreto_1563_633;1242-0422;04/20/2032 00:00:00.000000
BRASIL;Tex Courier Ltda. - Em Recuperação Judicial;7,39394E+13;Av. Piracema, 155, galpão 1 - Sítio Tamboré;Barueri;SP;6460030;cpfiscal@totalexpress.com.br;adesao_ao_decreto_1563_634;1097-0720;07/30/2030 00:00:00.000000
BRASIL;Unihealth Logística Ltda;7,31222E+12;Av. Aruanã, nº 280/352, Galpões 3 e 4, 1º Andar, Sala 3 - Tamboré;Barueri;SP;6460010;domingos@unihealth.com.br;adesao_ao_decreto_1563_635;0862-1017;10/03/2027 00:00:00.000000
BRASIL;Unihealth Logística Ltda;7,31222E+12;Av. Aruanã, nº 280/352, Galpões 3 e 4, 1º Andar, Sala 3 - Tamboré;Barueri;SP;6460010; marcos.cavequi@unihealth.com.br;adesao_ao_decreto_1563_636;0862-1017;10/03/2027 00:00:00.000000
BRASIL;Uht Logística S.A.;2,43033E+13;Av. Aruana 280 - GALPAO/352 GP 3 E4 ANDAR 1 TERREO GP 4 PARTE A - Tambore;Barueri;SP;6460010;marcos.cavequi@unihealth.com.br;adesao_ao_decreto_1563_637;1159-0521;05/24/2031 00:00:00.000000
BRASIL;Única Volo Armazenagem E Logística Ltda.;1,36552E+13;Av. Doutor Marcos Penteado de Ulhoa Rodrigues nº 1.119 - 22º andar, conj. 2209 - Tambore;Barueri;SP;6460040;edu.leonel@volologistica.com.br;adesao_ao_decreto_1563_638;0549-0313;03/08/2023 00:00:00.000000
BRASIL;Transbritto Express Ltda;1,14414E+13;ALAMEDA INAJÁ, Nº 10, SALA 01 - TAMBORÉ;Barueri;SP;6460055;djalma@trbexpress.com;adesao_ao_decreto_1563_639;1461-1224;12/30/2034 00:00:00.000000
BRASIL;Transfolha - Transportes E Distribuição Ltda;5,8818E+13;Alameda Xingú, nº 1.230 - Alphaville;Barueri;SP;6455030;1-fin-fiscal@grupofolha.com.br;adesao_ao_decreto_1563_640;0839-0617;06/20/2027 00:00:00.000000
BRASIL;NFC SOLUCOES LOGISTICAS LTDA;4,89005E+13;R ADELINO CARDANA Nº 293;Barueri;SP;6401147;CONTATO@NFCLOGISTICA.COM;adesao_ao_decreto_1563_641;1525-1225;12/19/2035 12:34:58.473692
BRASIL;Z7 Logistics Ltda;4,41599E+13;Alameda Rio Negro, nº 503, sala 2020 - Alphaville;Barueri;SP;6454000;contact@z7logistics.com;adesao_ao_decreto_1563_642;1428-0624;06/25/2034 00:00:00.000000
BRASIL;Z7 Logistics Ltda;4,41599E+13;Alameda Rio Negro, nº 503, sala 2020 - Alphaville;Barueri;SP;6454000; gustavoskiadv@outlook.com;adesao_ao_decreto_1563_643;1428-0624;06/25/2034 00:00:00.000000
BRASIL;COMANDO LOG TRANSPORTES LTDA;2,43159E+13;ROD JOSE SARTORELLI Nº 2105;Boituva;SP;18555225;DAIANI@COMANDOLOGISTICA.COM.BR;adesao_ao_decreto_1563_644;1520-1025;10/31/2035 16:03:08.471839
BRASIL;Indaia Tanktainer Logística Transportes E Comércio Ltda;1,07614E+13;Rodovia Gastão Dal Farra, S/N, KM 4, Condomínio Verbena - Jardim Aeroporto;Botucatu;SP;18605525;raphael@indaiatanktainer.com;adesao_ao_decreto_1563_645;1369-0823;08/31/2033 00:00:00.000000
BRASIL;One Moving & Logistics Eireli;9,07061E+12;Rua José Lopes, 284, Parque Industrial Araucária;Caieiras;SP;7747150;thais.adm@bazaldocontabil.com.br;adesao_ao_decreto_1563_646;1132-1220;12/16/2030 00:00:00.000000
BRASIL;Rbm - Recuperadora Brasileira De Metais Ltda;1,26988E+13;Rua Ictiolo Augustinelli,  Nº 563, Parque Industrial Araucárea - Laranjeiras;Caieiras;SP;7747050;contabilidade@rbm.net.br;adesao_ao_decreto_1563_647;0795-1016;10/10/2026 00:00:00.000000
BRASIL;Fast Shop Logistics Ltda;4,16025E+13;V AC RODOVIA ANHHANGUERA, KM 37,5 (VIA DE ACESSO NORTE, KM 38, 420) S/N GALPAO 01 MODULO 10 BLOCO B FUNDO - BAIRRO EMPRESARIAL GATO PRETO (JORDANÉSIA);Cajamar;SP;7789100;paralegal@fastshop.com.br;adesao_ao_decreto_1563_648;1240-0422;04/20/2032 00:00:00.000000
BRASIL;Future Cargo Transporte Ltda;1,37198E+13;RUA PEDRO STANCATO, 941, CONJ. B. BAIRRO -  CHACARAS CAMPOS DOS AMARAIS;Campinas;SP;13082050;felipe.reginaldo@futurecargo.com.br;adesao_ao_decreto_1563_649;1043-1119;11/27/2029 00:00:00.000000
BRASIL;Future Otm Ltda;3,94316E+13;RUA PEDRO STANCATO Nº 941 - CONJUNTO D - CH. CAMPOS DOS AMARAIS;Campinas;SP;13082050; felipe.reginaldo@futurelog.com.br;adesao_ao_decreto_1563_650;1134-1220;12/31/2030 00:00:00.000000
BRASIL;Flexitank Logística Do Brasil Ltda;3,393E+13;Av. Antonio Artioli, 570,  Edifício Andermatt, salas 210/212 - Bairro Swiss Park;Campinas;SP;13049900;newton.righi@flexitank.com;adesao_ao_decreto_1563_651;1095-0720;07/30/2030 00:00:00.000000
BRASIL;Intertransfruit Cargas Nacionais E Internacionais Ltda;3,30431E+12;Rua Dr. José Pinto de Moura, nº 80, sl. 84 - Jardim Novo Botafogo;Campinas;SP;13070210;marcelo@intertransfruit.com.br;adesao_ao_decreto_1563_652;0953-1018;10/19/2028 00:00:00.000000
BRASIL;Air Express Fermac Assessoria E Consultoria Em Logística E Transportes Ltda;1,79804E+13;Rua Barão Geraldo de Rezende, nº 295 - Vila Itapura;Campinas;SP;13020440;ceidi@contabilidadeprime.com.br;adesao_ao_decreto_1563_653;0769-0616;06/24/2026 00:00:00.000000
BRASIL;BASKA ASSESSORIA SERVIÇOS E COMISSÁRIOS ADUANEIROS LTDA;5,46692E+13;Rua Doutor Pinto Ferraz, nº 1000;Campinas;SP;13030500;ramos@baska.com.br;adesao_ao_decreto_1563_654;0060-0505;08/24/2036 18:10:09.712609
BRASIL;Bvt Cargo - Logística E Desembaraço Aduaneiro Ltda;4,3616E+12;RUA BARÃO DE PARANAPANEMA, 146 BL. B SALA .21 E 22  BAIRRO - BOSQUE;Campinas;SP;13026010;is@bvtcargo.com.br;adesao_ao_decreto_1563_655;0647-1014;10/13/2024 00:00:00.000000
BRASIL;Bvt Cargo - Transporte Rodoviário Ltda;3,13898E+13;Rua Uruguaiana, 1440, sala 21/22 - Bosque;Campinas;SP;13026010;fs@bvtcargo.com.br;adesao_ao_decreto_1563_656;0992-0619;06/12/2029 00:00:00.000000
BRASIL;Camp-Frio Transportes Ltda.;5,482E+13;Rua Erasmo Braga, nº 1211 -  Castelo;Campinas;SP;13070147;administrativo@campfrete.com.br;adesao_ao_decreto_1563_657;0097-0805;08/17/2015 00:00:00.000000
BRASIL;Cronos Logística Ltda;3,84441E+13;Rua Doutor Alberto Franco Lamunier, nº 1584, Parque Via Norte;Campinas;SP;13065531;gustavoskiadv@gmail.com;adesao_ao_decreto_1563_658;1318-0123;01/05/2033 00:00:00.000000
BRASIL;Moeda Agenciamento De Cargas Ltda;7,98527E+12;Rua Barão de Paranapanema nº. 146 - Conjunto A/34 - Bosque;Campinas;SP;13026900;internacional@moeda.com.br;adesao_ao_decreto_1563_659;0252-0807;07/30/2028 00:00:00.000000
BRASIL;Mc Tech Transporte Rodoviário De Cargas Ltda;9,35114E+12;Avenida John Dalton, nº 92 - Módulo 03 sala 01 - condomínio Techno Park;Campinas;SP;13069330;ruijr@mctech-trans.com.br;adesao_ao_decreto_1563_660;0739-0116;01/22/2026 00:00:00.000000
BRASIL;M&S Logistics Do Brasil Organização Logística De Transporte De Carga Ltda;3,73543E+13;AV. ANTONIO ARTIOLI, Nº 570, SALA 13 E 15, ED. FILMES B1 - SWISS PARK;Campinas;SP;13049900;evandro.correa@mslogisticsltd.com;adesao_ao_decreto_1563_661;1165-0521;05/26/2031 00:00:00.000000
BRASIL;Levu Transporte Aéreo E Logística De Cargas S/A;4,64165E+13;RODOVIA SANTOS DUMONT, KM 66 S/N, PARQUEE VIRACOPOS;Campinas;SP;13052901;R.PACHECO@LEVUAIRCARGO.COM;adesao_ao_decreto_1563_662;1361-0723;07/10/2033 00:00:00.000000
BRASIL;Tradeways Ace Serviços E Transportes Ltda;7,46494E+13;Rua Barão de Paranapanema, 146, Bloco A, 9º andar, Conj. 93/94 - Bosque;Campinas;SP;13026010;estevam@acetradeways.com.br;adesao_ao_decreto_1563_663;0235-0407;09/13/2029 00:00:00.000000
BRASIL;Trans War Transportes Ltda;5,76954E+13;Av. Ricardo Bassoli Cezare - nº 3.850 - Jardim das Bandeiras;Campinas;SP;13050080;ssoave@transwar.com.br;adesao_ao_decreto_1563_664;0786-0716;07/28/2026 00:00:00.000000
BRASIL;Transportadora Barbarense Ltda;5,71894E+13;RUA MÁRIO ERBOLATO, Nº 684, PARQUE SANTA BARBARA;Campinas;SP;13064620;juscelino.martins@tblogistica.com.br;adesao_ao_decreto_1563_665;0457-1011;10/06/2021 00:00:00.000000
BRASIL;Tms Galdino Transportes Ltda - Epp;1,52743E+13;Rua Francisco Ceará Barbosa nº 260 - Chácara Campos dos Amarais;Campinas;SP;13082030;gilberto.junior@tmsgaldino.com.br;adesao_ao_decreto_1563_666;0663-0215;02/11/2025 00:00:00.000000
BRASIL;BASKA SOLUÇÕES DE COMÉRCIO EXTERIOR & LOGISTICA GERAL LTDA;2,21363E+13;RUA BENIGNO RIBEIRO, Nº 586;Campinas;SP;13030600;RAMOS@BASKA.COM.BR;adesao_ao_decreto_1563_667;1553-0826;08/28/2036 18:29:10.477420
BRASIL;AMALOG SOLUÇÕES LOGÍSTICAS LTDA;3,43818E+13;RUA LAZARO BIBIANO DA SILVA Nº 87;Campinas;SP;13069101;contato@amalog.com.br;adesao_ao_decreto_1563_668;1482-0325;03/27/2035 19:47:52.189440
BRASIL;Wv Log Transporte De Cargas Eireli;3,78044E+13;RUA JOSE LUIZ CAMARGO MOREIRA, 33, APTO.51, BLOCO 2  - BAIRRO MANSÕES SANTO ANTONIO;Campinas;SP;13087511;gcabau@gmail.com;adesao_ao_decreto_1563_669;1111-0920;09/18/2030 00:00:00.000000
BRASIL;JOSÉ ZANETTI JUNIOR;1,92153E+13;Rua Dino Boldrini, nº 388;Cordeirópolis;SP;13490174;jr.zanetti@grupozanetti.com.br;adesao_ao_decreto_1563_670;0692-0715;06/16/2035 17:45:46.796581
BRASIL;Veríssimo Logística Ltda;1,14288E+12;Rua Philip Leiner, nº 100 - Parque Alexandre;Cotia;SP;6714285;rosi@verissimologistica.com.br;adesao_ao_decreto_1563_671;0853-0817;08/03/2027 00:00:00.000000
BRASIL;Partumlog Transportes E Logística Ltda;3,28187E+13;Rua Santa Mônica, 281, bloco C - Parque Industrial San José;Cotia;SP;6715865;paulo.gasparo@paxbr.com.br;adesao_ao_decreto_1563_672;1021-0919;09/24/2029 00:00:00.000000
BRASIL;Mtf Transportes E Terminais Ltda;2,24573E+12;Rua José Vicente nº 183 - Sítio Cafezal;Cubatão;SP;11505019;h.rolan@mtf.com.b;adesao_ao_decreto_1563_673;0128-1005;12/02/2025 00:00:00.000000
BRASIL;Mtf Transportes E Terminais Ltda;2,24573E+12;Rua José Vicente nº 183 - Sítio Cafezal;Cubatão;SP;11505019; juridico@mtf.com.br;adesao_ao_decreto_1563_674;0128-1005;12/02/2025 00:00:00.000000
BRASIL;Mtf Transportes E Terminais Ltda;2,24573E+12;Rua José Vicente nº 183 - Sítio Cafezal;Cubatão;SP;11505019; s.thomz@mtf.com.br;adesao_ao_decreto_1563_675;0128-1005;12/02/2025 00:00:00.000000
BRASIL;Mtf Transportes E Terminais Ltda;2,24573E+12;Rua José Vicente nº 183 - Sítio Cafezal;Cubatão;SP;11505019; Alessandro@mtf.com.br;adesao_ao_decreto_1563_676;0128-1005;12/02/2025 00:00:00.000000
BRASIL;Via Mestra Intermodal Ltda;1,03442E+13;Travessa José Vicente, nº 13 - sala 2 - Sítio Cafezal;Cubatão;SP;11505019;deise.jenny@mtf.com.br;adesao_ao_decreto_1563_677;0674-0515;05/12/2025 00:00:00.000000
BRASIL;Santos Logistics Brasil Eireli;4,35682E+12;Rua Jose Maria Ruivo, s/n - Jardim Casqueiro;Cubatão;SP;11533070;financeiro@slblogistics.com.br;adesao_ao_decreto_1563_678;0962-0119;01/09/2029 00:00:00.000000
BRASIL;Cesari Empresa Multimodal De Movimentação De Materiais Ltda;1,52733E+12;Av. Plínio de Queiróz s/nº - Jardim São Marcos;Cubatão;SP;11570000;augusto.amatussi@cesari.com.br;adesao_ao_decreto_1563_679;0359-1209;12/04/2019 00:00:00.000000
BRASIL;Cesari Empresa Multimodal De Movimentação De Materiais Ltda;1,52733E+12;Av. Plínio de Queiróz s/nº - Jardim São Marcos;Cubatão;SP;11570000; francisco.amatussi@cesari.com.br;adesao_ao_decreto_1563_680;0359-1209;12/04/2019 00:00:00.000000
BRASIL;Ceslog - Cesari Logística Ltda;6,23581E+12;Rua Claudino Domingues Graça, nº 831 - Jardim das Indústrias;Cubatão;SP;11570100;francisco@cesari.com.br;adesao_ao_decreto_1563_681;0813-1216;12/16/2026 00:00:00.000000
BRASIL;Veloce Logistica S.A.;1,02996E+13;AV. LUIG PAPAIZ, 239 - BLOCO ADMINISTRATIVO 1º PISO - JARDIM DAS NAÇÕES;Diadema;SP;9931610;mirella@ntc.org.br;adesao_ao_decreto_1563_682;1013-0919;09/04/2029 00:00:00.000000
BRASIL;Transyoki - Transportes Yoki Ltda;6,20873E+13;Avenida Presidente Juscelino, nº 1256, Pátio - Bairro:Piraporinha;Diadema;SP;9950370;jursbc1@yoki.com.br;adesao_ao_decreto_1563_683;0541-0113;01/15/2023 00:00:00.000000
BRASIL;Neves Transportes E Logistica Ltda;5,61342E+12;RUA MANOEL DA NOBREGA N.735 CONJ 206 -  BAIRRO/DISTRITO CENTRO;Diadema;SP;9910720;qualidade@nevestransportes.com.br;adesao_ao_decreto_1563_684;1398-0124;01/15/2034 00:00:00.000000
BRASIL;Nexus Armazenagem E Serviços Ltda - Epp;1,02334E+13;Avenida Deputado Oswaldo Morais e Silva, 55, G01 - Centro Empresarial ACTA - Imigrantes - Vila Conceição;Diadema;SP;9991190;paulo@nexuslog.com.br;adesao_ao_decreto_1563_685;0717-1015;10/08/2025 00:00:00.000000
BRASIL;MABIMASTER TRANSPORTES LTDA;3,34494E+12;R AIMORES;Diadema;SP;9990310;FINANCEIRO@MASTERMIDIA.NET;adesao_ao_decreto_1563_686;1545-0726;07/13/2036 22:57:30.899714
BRASIL;MABIMASTER TRANSPORTES LTDA;3,34494E+12;R AIMORES;Diadema;SP;9990310;antric.assessoria@gmail.com;adesao_ao_decreto_1563_687;1545-0726;07/13/2036 22:57:30.899714
BRASIL;L&J MASTER CARGAS EXPRESS LTDA;9,3502E+12;RUA AIMORES, Nº 206, SALA 1;Diadema;SP;9990310;antric.assessoria@gmail.com;adesao_ao_decreto_1563_688;1546-0726;07/14/2036 11:52:50.203494
BRASIL;Tpc Logistica Sudeste S.A;1,5442E+12;Rua Pasadena, 104, Condomínio San Jose -  Bosque Capuava;Embu das Artes;SP;6846095;fiscal@grupotpc.com;adesao_ao_decreto_1563_689;0995-0619;06/18/2029 00:00:00.000000
BRASIL;Tecmar Transportes Ltda;1,6108E+12;RUA DA CONGREGAÇÃO, Nº 206 - GRAMADO;Embu das Artes;SP;6816005;mariacon.fera@gmail.com;adesao_ao_decreto_1563_690;1325-0123;01/31/2033 00:00:00.000000
BRASIL;Tecmar Transportes Ltda;1,6108E+12;RUA DA CONGREGAÇÃO, Nº 206 - GRAMADO;Embu das Artes;SP;6816005; caio.pena@tecmartransportes.com.br;adesao_ao_decreto_1563_691;1325-0123;01/31/2033 00:00:00.000000
BRASIL;Tag Mensageria Transportes E Serviçoes Ltda -Me;1,39708E+13;RUA JOSÉ SEMIÃO RODRIGUES AGOSTINHO N º 1.370 GALPÃO 14 E 15;Embu das Artes;SP;6833370;EDILAINE.SALES@TAGSERVICOS.COM.BR;adesao_ao_decreto_1563_692;0865-1017;10/05/2027 00:00:00.000000
BRASIL;Camila H.D. Martins Transportes - Me;2,32663E+13;Rua Júpiter, nº 120 - Jardim Novo Embu;Embu das Artes;SP;6840100;glaubertogdosreis@hotmail.com;adesao_ao_decreto_1563_693;0798-1016;10/18/2026 00:00:00.000000
BRASIL;Dalga Logística E Transportes Ltda - Me;4,54787E+12;AVENIDA JORGE ALFREDO CAMASMIE, Nº 441, PARQUE INDUSTRIAL RAMOS DE FREITAS;Embu das Artes;SP;6816050;fernando@rodogarcia.com.br;adesao_ao_decreto_1563_694;0516-0912;09/05/2022 00:00:00.000000
BRASIL;Alexandre De Souza Costa;3,84817E+13;RUA LUIZ DEL NERO Nº 129 - APT. 12 - VILA LUIS ANTONIO;Guarujá;SP;11420300;alexandre.costa@asturiascargas.com.br;adesao_ao_decreto_1563_695;1154-0421;04/07/2031 00:00:00.000000
BRASIL; MEATIMPEX LOGÍSTICA LTDA;4,19476E+13;AVENIDA AUREA GONZALEZ DE CONDE;Guarujá;SP;11454540;contabilidade@rasio.com.br;adesao_ao_decreto_1563_696;1508-0725;07/10/2035 12:51:38.615262
BRASIL;INTER EXPRESSA TRANSPORTE MULTIMODAL LTDA;3,9446E+13;RUA XAPURI, Nº 1498 ;Guarulhos;SP;7240030;FJCONTAB@UOL.COM.BR;adesao_ao_decreto_1563_697;1511-0825;08/01/2035 17:12:03.995051
BRASIL;Viktoria Cargas E Despachos Ltda;1,41876E+13;Rua Bezerra de Menezes, nº 581 - Jardim Tranquilidade;Guarulhos;SP;7051160;senadorcontabil@senadorcontabil.com.br;adesao_ao_decreto_1563_698;0774-0716;07/04/2026 00:00:00.000000
BRASIL;BRASPRESS TRANSPORTES URGENTES LTDA;4,87404E+13;RODOVIA PRESIDENTE DUTRA, KM 222, 500, S/Nº;Guarulhos;SP;7180903;CONTABILIDADE@BRASPRESS.COM;adesao_ao_decreto_1563_699;1480-0325;03/24/2035 16:41:00.130087
BRASIL;BRASPRESS TRANSPORTES URGENTES LTDA;4,87404E+13;RODOVIA PRESIDENTE DUTRA, KM 222, 500, S/Nº;Guarulhos;SP;7180903;brasilia@ntc.org.br;adesao_ao_decreto_1563_700;1480-0325;03/24/2035 16:41:00.130087
BRASIL;GESANI POGGIANELLA TRANSPORTE DE CARGAS LTDA;7,57711E+12;Cidade de Guarulhos, Estado de São Paulo, na Av. Monteiro Lobato n° 4.550, Galpão n° 03, Asa 04;Guarulhos;SP;7180000;fernando.20091969@gmail.com;adesao_ao_decreto_1563_701;1483-0325;03/31/2035 13:31:04.499963
BRASIL;Allores Logistica Multimodal Eireli;3,38102E+13;RUA JAGUARIUVA, 160 -  BAIRRO - CONJUNTO RESIDENCIAL PAES DE BARROS;Guarulhos;SP;7182170;andantlog@gmail.com;adesao_ao_decreto_1563_702;1077-0520;05/15/2030 00:00:00.000000
BRASIL;Andant Logística Multimodal Ltda - Me;5,50387E+12;Rua Sargento da Aeronáutica Manoel Dias da Silva, nº 43 B - Cumbica;Guarulhos;SP;7181090;andantlog@gmail.com;adesao_ao_decreto_1563_703;0728-1115;11/04/2025 00:00:00.000000
BRASIL;Aeroflex Cargo E Logística Eireli - Me;5,52993E+12;RUA JOAQUIM MIRANDA, Nº 90 - VILA AUGUSTA.;Guarulhos;SP;7023051;luisfernando@aeroflex-cargo.com;adesao_ao_decreto_1563_704;0650-1114;11/14/2024 00:00:00.000000
BRASIL;Benfica Cargas E Logística Ltda;2,03828E+12;RUA CAMPOS SALES, Nº 100 - JARDIM CUMBICA;Guarulhos;SP;7180060;benficagru@benficacargas.com.br;adesao_ao_decreto_1563_705;0558-0513;05/20/2023 00:00:00.000000
BRASIL;Amz Cargo Brasil Logistics Ltda;1,15663E+13;Rua Jamil João Zarif, nº 684, Galpão 03, Sala 02 - Jardim Santa Vicência;Guarulhos;SP;7143000;alberto@amzcargo.com.br;adesao_ao_decreto_1563_706;1334-0323;03/03/2033 00:00:00.000000
BRASIL;Asian Company Transportes Ltda;3,42434E+12;AV. DIORAMA Nº 305 - CIDADE INDÚSTRIAL SATÉLITE DE SÃO PAULO;Guarulhos;SP;7223180;administracao@asiancompany.com.br;adesao_ao_decreto_1563_707;0324-0209;10/07/2029 00:00:00.000000
BRASIL;Asn Brasil Logistica Ltda;7,42717E+13; AV MONTEIRO LOBATO 4550 - GALPAO 06 ASA 06 ANDA R 2 - CIDADE JARDIM CUMBICA;Guarulhos;SP;7180000;daniela.miller@asnbrasil.com.br;adesao_ao_decreto_1563_708;1368-0823;08/28/2033 00:00:00.000000
BRASIL;At Transporte E Logística Ltda;2,0611E+13;Rua João Veloso da Silva, nº 839, sala 1 - Jardim Cumbica;Guarulhos;SP;7180010;vagner.tostes@webencomendas.com.br;adesao_ao_decreto_1563_709;0672-0415;04/29/2025 00:00:00.000000
BRASIL;Aviat Cargo Express Transportes Ltda;1,74529E+13;AV. BOM CLIMA, 684 - JARDIM BOM CLIMA;Guarulhos;SP;7196220;EASANTOS.CONT@GMAI LCOM;adesao_ao_decreto_1563_710;1068-0320;04/03/2030 00:00:00.000000
BRASIL;C Cargo Logística E Transportes Ltda;7,54615E+12;Rua Buritama, nº 117, Cidade Jardim Cumbica;Guarulhos;SP;7180170;cristianesoares1208@gmail.com;adesao_ao_decreto_1563_711;1437-0824;08/15/2034 00:00:00.000000
BRASIL;Cargo Fly Transportes Multimodais Ltda;7,15737E+12;Rua Souza, 220, Jardim Santa Beatriz;Guarulhos;SP;7121170;fabio@cargofly.com.br;adesao_ao_decreto_1563_712;1374-0923;09/11/2033 00:00:00.000000
BRASIL;Cargologis Soluções Logisticas Ltda;4,2221E+13;RUA ARI BARROSO, Nº 166, SALA 211 - JARDIM PINHAL;Guarulhos;SP;7120040;renato.feitoza@costabrasil.com.br;adesao_ao_decreto_1563_713;1231-0322;03/14/2032 00:00:00.000000
BRASIL;Costeira Transportes E Serviços Ltda;4,80603E+13;Av. Lauro de Gusmão Silveira, 941 - Taboão;Guarulhos;SP;7140010;qualidade2@costeira.com.br;adesao_ao_decreto_1563_714;0053-0505;05/26/2025 00:00:00.000000
BRASIL;Custom Brasil Transportes Multimodal Ltda;4,47971E+13;AV. NOVA TABOÃO, 427 - JARDIM NOVA TABOÃO;Guarulhos;SP;7141040;laercio@custombrasil.com;adesao_ao_decreto_1563_715;1265-0622;06/21/2032 00:00:00.000000
BRASIL;Delphi Fretes Internacionais Eireli;2,4768E+13;RUA DO ROSARIO, Nº 260, SALA 91 - VILA CAMARGOS;Guarulhos;SP;7111080;felipe.teles@delphiforwarding.com;adesao_ao_decreto_1563_716;1251-0522;05/09/2032 00:00:00.000000
BRASIL;Delphi Fretes Internacionais Eireli;2,4768E+13;RUA DO ROSARIO, Nº 260, SALA 91 - VILA CAMARGOS;Guarulhos;SP;7111080; contato@delphiforwarding.com;adesao_ao_decreto_1563_717;1251-0522;05/09/2032 00:00:00.000000
BRASIL;Demmel Transportes E Logística Ltda;2,89851E+13;AV. PAPA JOÃO PAULO I - S/N LOTE GLEBA C - MODULO F DO GALPÃO 300 - RES. PARQUE CUMBICA;Guarulhos;SP;7174005;farmacia@spfly.com.br;adesao_ao_decreto_1563_718;1213-1221;12/17/2031 00:00:00.000000
BRASIL;Doxs Logística Integrada Ltda;1,03291E+13;RUA ALMERIM, 100 - GALPÃO 10 E 11 - CIDADE TUPINAMBÁ;Guarulhos;SP;7263190;vanderlei@dox.com.br;adesao_ao_decreto_1563_719;1049-0120;01/27/2030 00:00:00.000000
BRASIL;Dux Trucking Transportes E Logística Ltda;1,21364E+13;Estrada da Olária, 600 - Vila Pires;Guarulhos;SP;7271360;tammy.jimenez@go-dux.com;adesao_ao_decreto_1563_720;1342-0323;03/23/2033 00:00:00.000000
BRASIL;Fintrans Transportes Ltda;8,09821E+12;RUA SARGENTO DA AERONÁUTICA SAMUEL RIBEIRO DE OLIVEIRA, Nº 132, FUNDOS - JARDIM CUMBICA;Guarulhos;SP;7182060;jneto@fintrans.com.br;adesao_ao_decreto_1563_721;1420-0524;05/14/2034 00:00:00.000000
BRASIL;Fiorde Transportes E Armazéns Gerais Ltda;6,11028E+13;Rua Landri Sales, nº 893 - Cidade Aracilia;Guarulhos;SP;7250130;mauro@fiorde.com.br;adesao_ao_decreto_1563_722;1464-1224;12/30/2034 00:00:00.000000
BRASIL;Fast Solution Logística Ltda;1,34075E+13;RUA ALMERIM, Nº 100, GALPÃO Nº 13, BAIRRO CIDADE TUPINANAMBÁ;Guarulhos;SP;7263190;eliseu@mtendolini.com.br;adesao_ao_decreto_1563_723;1430-0724;07/09/2034 00:00:00.000000
BRASIL;Fast Solution Transportes Ltda;8,97546E+12;Rua Almerim, nº 100, Galpão 12 - Cidade Tupinambá;Guarulhos;SP;7263190;eliseu@mtendolini.com.br;adesao_ao_decreto_1563_724;1388-1123;11/09/2033 00:00:00.000000
BRASIL;Fc Logistics & Transportes - Eireli;3,42922E+13;AV NATALIA ZARIF,660 - GALPAO08 SETOR C , BAIRRO JARDIM SAO GERALDO;Guarulhos;SP;7140040;freddy.cardenas@expressosofia.com.br;adesao_ao_decreto_1563_725;1276-0722;07/26/2032 00:00:00.000000
BRASIL;Expresso Mirassol Ltda;5,24381E+13;Rua José Campanella, nº 578, Bairro Macedo;Guarulhos;SP;7112100;ricardo@rgem.com.br;adesao_ao_decreto_1563_726;0553-0313;04/18/2033 00:00:00.000000
BRASIL;Expresso Mirassol Ltda;5,24381E+13;Rua José Campanella, nº 578, Bairro Macedo;Guarulhos;SP;7112100; fiscal@expressomirassol.com.br;adesao_ao_decreto_1563_727;0553-0313;04/18/2033 00:00:00.000000
BRASIL;Extra Logística E Distribuição Ltda;2,89596E+12;RUA MANOEL ALONSO ALMENDRA, Nº 210, CONJUNTO RESIDENCIAL PAES DE BARROS - JARDIM CUMBICA;Guarulhos;SP;7182120;ricarevoredo@gmail.com;adesao_ao_decreto_1563_728;0422-1210;08/05/2034 00:00:00.000000
BRASIL;Expresso Fiel Ltda;1,37629E+13;RUA DUQUE DE CAXIAS, Nº 64 - VILA NOSSA SENHORA DE FÁTIMA;Guarulhos;SP;9171010;qualidade@expressofiel.com.br;adesao_ao_decreto_1563_729;1232-0322;03/21/2032 00:00:00.000000
BRASIL;Jomed Transportes E Logística Eireli;6,032E+13;RUA JOÃO ALFREDO, Nº 70 - CIDADE INDUSTRIAL SATÉLITE DE SÃO PAULO;Guarulhos;SP;7224120;comercial@jomedlog.com.br;adesao_ao_decreto_1563_730;1217-1221;12/30/2031 00:00:00.000000
BRASIL;Jomed Transportes E Logística Eireli;6,032E+13;RUA JOÃO ALFREDO, Nº 70 - CIDADE INDUSTRIAL SATÉLITE DE SÃO PAULO;Guarulhos;SP;7224120; farmaceutica@jomedlog.com.br;adesao_ao_decreto_1563_731;1217-1221;12/30/2031 00:00:00.000000
BRASIL;Jwm Soluções Logísticas Ltda;9,09998E+11;RUA QUELUZ, N 211 - CIDADE INDUSTRIAL SATÉLITE DE SÃO PAULO;Guarulhos;SP;7220050;eduardo@jwmlogistica.com.br;adesao_ao_decreto_1563_732;1411-0324;03/14/2034 00:00:00.000000
BRASIL;Jwm Soluções Logísticas Ltda;9,09998E+11;RUA QUELUZ, N 211 - CIDADE INDUSTRIAL SATÉLITE DE SÃO PAULO;Guarulhos;SP;7220050;daniele.biage@jwmtransportes.com.br;adesao_ao_decreto_1563_733;1411-0324;03/14/2034 00:00:00.000000
BRASIL;Km Cargo Multimodal E Logística Ltda;5,34238E+12;Rua Estrela DOeste - nº 124 - módulos C1, C2 e C3 do bloco C - Jardim São Geraldo;Guarulhos;SP;7140030;marco.antonio@kmcargo.com.br;adesao_ao_decreto_1563_734;0374-0410;04/15/2031 00:00:00.000000
BRASIL;Km Multimodal Transportadora E Logistica Ltda;1,05245E+13;AVENIDA MONTEIRO LOBATO Nº 4.550 - GALPÕES 04/05 - ASA 6 - CUMBICA;Guarulhos;SP;7180000;marco.antonio@kmcargo.com.br;adesao_ao_decreto_1563_735;0567-0713;07/17/2023 00:00:00.000000
BRASIL;Intermodal Brasil Logística Ltda;3,55806E+12;Rua Manoel Borba Gato, nº 100 - Ed. I - Vila Sayago;Guarulhos;SP;7044220;debora.morais@ibllogistica.com.br;adesao_ao_decreto_1563_736;0806-1116;11/22/2026 00:00:00.000000
BRASIL;Intermodal Future Logistica Ltda;1,47024E+13;RUA MANOEL BORBA GATO, 100 - SALA 30 - VILA SAYAGO;Guarulhos;SP;7044220;leila.lima@ibllogistica.com.br;adesao_ao_decreto_1563_737;0837-0617;06/19/2027 00:00:00.000000
BRASIL;Jatex Transportes Ltda;3,91248E+13;Rua Angatuba, nº 119, antigo 135 - Cidade Industrial Satélite;Guarulhos;SP;7220030;gestão@jatex.com.br;adesao_ao_decreto_1563_738;0784-0716;07/28/2026 00:00:00.000000
BRASIL;Haidar Transportes E Logística Ltda;8,45521E+12;Avenida Venturosa, 1143 Jardim Cumbica;Guarulhos;SP;7240000;fhf@haidar.com.br;adesao_ao_decreto_1563_739;1372-0923;09/08/2033 00:00:00.000000
BRASIL;Gat Logística Ltda;8,16564E+12;Estrada Velha Guarulhos-São Miguel, 3.241 - Galpão 1, box 55 a 81, galpaõ 2, box 82 a 108 -  Jardim Arapongas;Guarulhos;SP;7210250;fiscal@gatlogistica.com.br;adesao_ao_decreto_1563_740;1052-0120;01/28/2030 00:00:00.000000
BRASIL;G-Con Transportes E Logística Eireli;1,05295E+13;RODOVIA FERNÃO DIAS, 201, KM 88,5, BLOCO 03, GALPÃO 10 - VI, SÃO RAFAEL;Guarulhos;SP;7053171;lucas@contabilidadetotal.com;adesao_ao_decreto_1563_741;1192-0821;08/23/2031 00:00:00.000000
BRASIL;Taglit Locações De Veículos Eireli;2,30189E+13;RUA PRESIDENTE PRUDENTE, Nº 271, CONJ. 04, SALA 3, ANDAR 2 - JARDIM SÃO PAULO;Guarulhos;SP;7110140;qualidade@kgtlog.com.br;adesao_ao_decreto_1563_742;1153-0421;04/06/2031 00:00:00.000000
BRASIL;Tecnolog Transporte Rodo Aéreo E Logística Ltda;6,05412E+13;Rua Sisa nº 178 - Cidade Industrial;Guarulhos;SP;7221030;contabilidade@tecnolog.com.br;adesao_ao_decreto_1563_743;0841-0617;06/27/2027 00:00:00.000000
BRASIL;T.H.S Transporte E Logística Ltda;7,89023E+12;RUA SISA, Nº 178, CONJUNTO 01 - SALA 08 - CIDADE INDUSTRIAL SATÉLITE DE;Guarulhos;SP;7221030;FISCAL@THSCARGO.COM.BR;adesao_ao_decreto_1563_744;1022-0919;09/30/2029 00:00:00.000000
BRASIL;S.P. Cargo Transportes E Depósito De Materiais Ltda;1,32067E+12;Av. Monteiro Lobato, 4550, Galpão 20B - ASA 01, Airport Town Business Park - Cidade Jardim Cumbica;Guarulhos;SP;7180000;alexandre.henrique@sgulmarcontabilidade.com.br;adesao_ao_decreto_1563_745;1141-0221;02/05/2031 00:00:00.000000
BRASIL;Sorela Cdb Ltda;5,45565E+13;RUA LAGOA Nº 511 - CIDADE INDUSTRIAL SATÉLITE DE SÃO PAULO;Guarulhos;SP;7232152;sorela.adm@gmail.com;adesao_ao_decreto_1563_746;1434-0724;07/26/2034 00:00:00.000000
BRASIL;Sabugi Logística Ltda;4,48042E+13;Rua Urbano Santos, 387 - Jardim Castanha;Guarulhos;SP;7182320;ulisses@sabugi.com.br;adesao_ao_decreto_1563_747;1292-0922;09/20/2032 00:00:00.000000
BRASIL;Rodoviario Shalloon De Guarulhos Logistica E Transportes Ltda;1,95588E+13;AV NOVO BRASIL 861 - LOTE 1/2/P22 QUADRA 11 - CIDADE INDUSTRIAL SATÉLITE DE SÃO PAULO;Guarulhos;SP;7221010;FRANCISCO.CALIXTO@SHLOGTRANSPORTES.COM.BR;adesao_ao_decreto_1563_748;1367-0823;08/18/2033 00:00:00.000000
BRASIL;Rodoviario Shalloon De Guarulhos Logistica E Transportes Ltda;1,95588E+13;AV NOVO BRASIL 861 - LOTE 1/2/P22 QUADRA 11 - CIDADE INDUSTRIAL SATÉLITE DE SÃO PAULO;Guarulhos;SP;7221010;FRANCISCO.CALIXTO@SHLOGTRANSPORTES.COM.BR;adesao_ao_decreto_1563_749;1367-0823;08/18/2033 00:00:00.000000
BRASIL;Trans - Lume Transporte E Logística Ltda;6,23558E+13;RUA ESTRELA DO OESTE Nº 124 - GALPÃO 18 - JARDIM SÃO GERALDO;Guarulhos;SP;7140030;GUILHERME.MARQUES@TRANSLUME.COM.BR;adesao_ao_decreto_1563_750;1038-1119;11/20/2029 00:00:00.000000
BRASIL;Transportadora Belmok Ltda.;3,59602E+13;Avenida Lindomar Gomes de Oliveira nº 1143 - Cidade Ind. Sat. de São Paulo;Guarulhos;SP;7232150;belmok@belmok.com.br;adesao_ao_decreto_1563_751;0548-0313;03/08/2023 00:00:00.000000
BRASIL;Unicargo Transportes E Cargas Ltda;3,27185E+12;Rua Sanclerlandia, nº 167 - Cidade Indl Satélite;Guarulhos;SP;7224140;fiscal@unicargo.com.br;adesao_ao_decreto_1563_752;0648-1114;11/13/2024 00:00:00.000000
BRASIL;Via Mundo Transaéreo Transportes Ltda;1,89976E+13;Rua Brazapolis, nº 60, Cidade Industrial Satélite de São Paulo;Guarulhos;SP;7223090;GRIS@VIAMUNDOTRANSPORTES.COM.BR;adesao_ao_decreto_1563_753;1458-1224;12/13/2034 00:00:00.000000
BRASIL;Versa Logistica Integrada Ltda;8,0314E+12;Rua Italiana, 77 - Vila Endres;Guarulhos;SP;7043050;railton@versalogistica.com.br;adesao_ao_decreto_1563_754;1055-0220;02/05/2030 00:00:00.000000
BRASIL;Vcl Serviços, Transportes E Logística Ltda;2,68628E+13;AVENIDA NATÁLIA ZARIF, Nº 660, GALPÃO 5, SALA 2 - JARDIM SÃO GERALDO;Guarulhos;SP;7140040;mariacon.fera@gmail.com;adesao_ao_decreto_1563_755;1406-0224;02/06/2034 00:00:00.000000
BRASIL;Vcl Serviços, Transportes E Logística Ltda;2,68628E+13;AVENIDA NATÁLIA ZARIF, Nº 660, GALPÃO 5, SALA 2 - JARDIM SÃO GERALDO;Guarulhos;SP;7140040;DAVIDSON@FCBLOG.COM.BR;adesao_ao_decreto_1563_756;1406-0224;02/06/2034 00:00:00.000000
BRASIL;Mundial Logística Integrada Ltda;5,07515E+12;ESTRADA VELHA GUARULHOS - SÃO MIGUEL - Nº 1971 - JD. ARAPONGAS;Guarulhos;SP;7210250;JURIDICO@MUNDIALLOGISTICS.COM.BR;adesao_ao_decreto_1563_757;1413-0424;04/02/2034 00:00:00.000000
BRASIL;Pizzato & Pizzato Transportes De Cargas Ltda;1,01987E+13;RUA GUAPORE, Nº 190 - VILA IZINHA;Guarulhos;SP;7044230;ludian@grupogiacomazzi.com.br;adesao_ao_decreto_1563_758;1185-0721;07/26/2031 00:00:00.000000
BRASIL;Parcel Handling Express Agenciamento De Cargas Brasil Ltda;2,91877E+13;Rua Itaverava, 84, Térreo - Camargos;Guarulhos;SP;7111040;flavia.ora@phxclinical.com;adesao_ao_decreto_1563_759;1029-1019;10/11/2029 00:00:00.000000
BRASIL;Petony Transportes Ltda - Me;8,37524E+12;Rua Conego Valadão, nº 884 - Gopouva;Guarulhos;SP;7040000;diniz2010@terra.com.br;adesao_ao_decreto_1563_760;0955-1118;11/22/2028 00:00:00.000000
BRASIL;R.V. Ímola Transportes E Logística Ltda;5,36644E+12;AVENIDA LAURO DE GUSMÃO SILVEIRA, 479 - JARDIM SÃO GERALDO;Guarulhos;SP;7140010;rvtransportes@rvimola.com.br;adesao_ao_decreto_1563_761;0372-0310;05/18/2030 00:00:00.000000
BRASIL;Pronto Cargo Rodo Ltda;5,07919E+13;RUA ESTRELA DO OESTE Nº 124, SALA 7 - BAIRRO JD SÃO GERALDO;Guarulhos;SP;7140030;CESAR@ACCONFISN.COM.BR;adesao_ao_decreto_1563_762;1459-1224;01/02/2035 00:00:00.000000
BRASIL;Rgf Cargo Express Transportes Ltda - Me;2,36419E+13;Rua José Bonifácio, 147 - Vila Renata;Guarulhos;SP;7056020;roseli@rgfcargo.com.br;adesao_ao_decreto_1563_763;0979-0419;04/18/2029 00:00:00.000000
BRASIL;RDP TRANSPORTES E LOGÍSTICA LTDA;9,49834E+12;RODOVIA PRESIDENTE DUTRA;Guarulhos;SP;7210000;nilsontazinazo@cnlog.com.br;adesao_ao_decreto_1563_764;1244-0422;04/28/2032 00:00:00.000000
BRASIL;RDP TRANSPORTES E LOGÍSTICA LTDA;9,49834E+12;RODOVIA PRESIDENTE DUTRA;Guarulhos;SP;7210000;rosana@cnlog.com.br;adesao_ao_decreto_1563_765;1244-0422;04/28/2032 00:00:00.000000
BRASIL;Restitui Logística E Transportes Eireli;7,78232E+12;Rua Jamil João Zarif, 684, Unidade 10 -  Jardim Santa Vicência;Guarulhos;SP;7143000;rogerio@restituitransp.com.br;adesao_ao_decreto_1563_766;1054-0220;02/05/2030 00:00:00.000000
BRASIL;Mrf Logística E Transportes Ltda;3,93663E+13;RUA PAULO STEOLA Nº 150 - GALPÃO 7 - SALA 1 - JARDIM SANTA FRANCISCA;Guarulhos;SP;7034040;raquel@mrflogistica.com.br;adesao_ao_decreto_1563_767;1454-1124;11/25/2034 00:00:00.000000
BRASIL;Mirassol Logística Ltda;1,49373E+13;RUA JOSÉ CAMPANELLA Nº 578 - AREA UNE 80 PA - MACEDO;Guarulhos;SP;7112100;celso.filho@grupomirassol.com.br;adesao_ao_decreto_1563_768;1343-0323;03/31/2033 00:00:00.000000
BRASIL;Leadership Freight Do Brasil Agenciamento Logistico Ltda;3,77609E+12;Rua Barão de Mauá, nº 450, Sala 508 - Centro;Guarulhos;SP;7012040;juridico@fcnaccounting.com;adesao_ao_decreto_1563_769;0867-1017;10/26/2027 00:00:00.000000
BRASIL;Lfg Do Brasil Ltda;1,18072E+13;Avenida Carmela Dutra, 180, Bloco: unidade 17-  Galpão: CLG Centro Logístico Guarulhos - Jardim Presidente Dutra;Guarulhos;SP;7170150;fiscal@leadershipfreight.com;adesao_ao_decreto_1563_770;1053-0220;02/03/2030 00:00:00.000000
BRASIL;Langbehn Log Transportes E Logística Ltda;2,46204E+13;AVENIDA NATÁLIA ZARIF, 660, GALPÃO 5, SALA 03,  JARDIM SÃO GERALDO;Guarulhos;SP;7140040;viviane.castelan@fcblog.com.br;adesao_ao_decreto_1563_771;1403-0124;01/29/2034 00:00:00.000000
BRASIL;Langbehn Log Transportes E Logística Ltda;2,46204E+13;AVENIDA NATÁLIA ZARIF, 660, GALPÃO 5, SALA 03,  JARDIM SÃO GERALDO;Guarulhos;SP;7140040; mariacon.fera@gmail.com;adesao_ao_decreto_1563_772;1403-0124;01/29/2034 00:00:00.000000
BRASIL;Life Cargo Transporte E Logística Ltda;1,18351E+13;RUA ESTRELA DO OESTE, Nº 124, BLOCO D4 / D5;Guarulhos;SP;7140030;saude@lifecargo.com.br;adesao_ao_decreto_1563_773;0725-1115;08/05/2036 18:51:42.393902
BRASIL;Life Cargo Transporte E Logística Ltda;1,18351E+13;RUA ESTRELA DO OESTE, Nº 124, BLOCO D4 / D5;Guarulhos;SP;7140030;financeiro3@lifecargo.com.br;adesao_ao_decreto_1563_774;0725-1115;08/05/2036 18:51:42.393902
BRASIL;LOCAR GUINDASTES E TRANSPORTES INTERMODAIS S.A.;4,33684E+13;Rua João Pedro Blumenal, nº 300 ;Guarulhos;SP;7224150;claudia.antonio@locar.com.br;adesao_ao_decreto_1563_775;0899-0418;04/05/2028 00:00:00.000000
BRASIL;LOCAR GUINDASTES E TRANSPORTES INTERMODAIS S.A.;4,33684E+13;Rua João Pedro Blumenal, nº 300 ;Guarulhos;SP;7224150;jose.martines@locar.com.br;adesao_ao_decreto_1563_776;0899-0418;04/05/2028 00:00:00.000000
BRASIL;LSLOG ARMAZENAGEM  E LOGISTICA LTDA;7,25934E+12;Avenida Julia Gaiolli, nº 740, Galpão T 400;Guarulhos;SP;7251500;mauricio@lslog.com.br;adesao_ao_decreto_1563_777;1163-0521;05/26/2031 00:00:00.000000
BRASIL;LSLOG ARMAZENAGEM  E LOGISTICA LTDA;7,25934E+12;Avenida Julia Gaiolli, nº 740, Galpão T 400;Guarulhos;SP;7251500;tatiane@lslog.com.br;adesao_ao_decreto_1563_778;1163-0521;05/26/2031 00:00:00.000000
BRASIL;Logservice Brasil Transportes Ltda;3,17505E+13;RUA SIMÃO PEREIRA, 131 - CID. IND. SATÉLITE DE SÃO PAULO;Guarulhos;SP;7233140;comercial@logservicebrasil.com.br;adesao_ao_decreto_1563_779;1017-0919;09/23/2029 00:00:00.000000
BRASIL;Shiplog Transportes Ltda;3,00102E+13;RUA CEARÁ Nº 334 - JARDIM SÃO JORGE;Hortolândia;SP;13183310;EVANDRO@SHIPLOG.COM.BR;adesao_ao_decreto_1563_780;1126-1120;11/20/2030 00:00:00.000000
BRASIL;Ever Express Transportes E Armazéns Gerais Ltda;1,39823E+13;Rua Pérola, nº  200 - Galpão 01 - Módulo 04B - Jardim Santa Esmeralda;Hortolândia;SP;13186546;eliane.lima@everexpress.com.br;adesao_ao_decreto_1563_781;1143-0221;02/24/2031 00:00:00.000000
BRASIL;Farma Logística E Armazéns Gerais Ltda;4,01948E+12;Avenida Portugual, nº 1.100, Parte A-2 - Itaqui;Itapevi;SP;6696060;paralegal.corporativo@luft.com.br;adesao_ao_decreto_1563_782;0626-0714;07/16/2024 00:00:00.000000
BRASIL;Intec - Integração Nacional De Transportes De Encomendas E Cargas Ltda;5,21348E+13;Avenida Portugal, nº 1100, Parte B2 - Itaqui;Itapevi;SP;6696060;paralegal.corporativo@luft.com.br;adesao_ao_decreto_1563_783;0737-0116;01/22/2026 00:00:00.000000
BRASIL;Lotte Comercial E Logística Ltda;4,21222E+12;RODOVIA CEL. PM. NELSON TRANCHESI, 1730, ARMAZEM 9,  SALA 2, ITAQUI;Itapevi;SP;6696110;edu@lottelogistics.com.br;adesao_ao_decreto_1563_784;1400-0124;01/17/2034 00:00:00.000000
BRASIL;Buick Logística E Transportes Ltda;7,30896E+13;RODOVIA PRESIDENTE CASTELO BRANCO  - KM 79,3 - S/N - GALPÃO 1 - PARTE- CITY CASTELLO;Itu;SP;13308700;MARCOSVARELAS@CONCEITOSCONSULTORES.COM.BR;adesao_ao_decreto_1563_785;1004-0719;07/11/2029 00:00:00.000000
BRASIL;Expresso Fiel Ltda ;1,37629E+13;AVENIDA JOSÉ PEREIRA DE ANDRADE, Nº 507;Jacareí;SP;12328290;qualidade@expressofiel.com.br;adesao_ao_decreto_1563_786;1148-0321;03/23/2031 00:00:00.000000
BRASIL;Orionx Transportes E Logística Ltda;4,2971E+13;RUA ORLANDO MOTTA, Nº 150 - JARDIM ALVORADA;Jandira;SP;6612260;gustavoskiadv@outlook.com;adesao_ao_decreto_1563_787;1233-0322;03/21/2032 00:00:00.000000
BRASIL;Newport Do Brasil Ltda.;4,65499E+12;Av. Prefeito Luiz Latorre, 4042, 2º andar - Bairro Vila das Hortências;Jundiaí;SP;13209430;newton.righi@newporttank.com;adesao_ao_decreto_1563_788;0442-0711;07/04/2021 00:00:00.000000
BRASIL;United World Line Do Brasil Operadora Multimodal Ltda;1,3E+13;Avenida Prefeito Luis Latorre, nº 4043;Jundiaí;SP;13209430;adm.sam@shipuwl.com;adesao_ao_decreto_1563_789;0829-0317;03/27/2027 00:00:00.000000
BRASIL;Expresso Jundiaí São Paulo Ltda;5,09354E+13;Avenida Antonio Frederico Ozanam, nº 6.200, Vila Rio Branco;Jundiaí;SP;13215276;diretoria@expressojundiai.com.br;adesao_ao_decreto_1563_790;0115-0805;08/23/2015 00:00:00.000000
BRASIL;Glencane Bioenergia S.A.;6,83168E+13;ESTRADA MUNICIPAL JUNQUEIRÓPOLIS- SALGADO FILHO, S/Nº - TAQUARUSSU;Junqueirópolis;SP;17890000;evelin.estrambek@usinariovermelho.com.br;adesao_ao_decreto_1563_791;0590-1013;10/25/2023 00:00:00.000000
BRASIL;Empresa De Transportes Covre Ltda;5,14853E+13;Rod. Anhanguera Km 147,5 - Bairro do Ferrão;Limeira;SP;13486199;adm@covre.com.br;adesao_ao_decreto_1563_792;0145-1005;10/25/2015 00:00:00.000000
BRASIL;LOGPLAN LOGÍSTICA E PLANEJAMENTO LTDA;3,21584E+11;Rodovia Deputado João Hermann Neto, nº 705 - lado esquerdo;Limeira;SP;13480000;marcio@logplan.com.br;adesao_ao_decreto_1563_793;0051-0405;05/08/2035 17:11:45.572515
BRASIL;LOGPLAN LOGÍSTICA E PLANEJAMENTO LTDA;3,21584E+11;Rodovia Deputado João Hermann Neto, nº 705 - lado esquerdo;Limeira;SP;13480000;comercial@sbdespachos.com.br;adesao_ao_decreto_1563_794;0051-0405;05/08/2035 17:11:45.572515
BRASIL;Send Express Entregas Rápidas Ltda;6,71742E+13;Rua Reverendo José Teixeira Rego nº 73 - Jardim Bógus;Mauá;SP;9340270;comercial@sendexpresstransportes.com.br;adesao_ao_decreto_1563_795;1418-0424;04/15/2034 00:00:00.000000
BRASIL;BRASMEG ARMAZEM GERAL LTDA;1,95046E+13;AV PAPA JOAO XXIII 3114;Mauá;SP;9370800;MARCOS@BRASMEG.COM.BR;adesao_ao_decreto_1563_796;1539-0526;05/11/2036 14:02:39.201757
BRASIL;BRASMEG TRANSPORTES LTDA;1,35208E+13;AV PAPA JOAO XXIII, 3114 - GALPAO01 SALA 01;Mauá;SP;9370800;MARCOS@BRASMEG.COM.BR;adesao_ao_decreto_1563_797;1540-0526;05/13/2036 18:45:04.258861
BRASIL;Bureau Brasil Consultoria Ltda;1,51361E+13;RUA CAROLINA PERNA ANDREOZZI, 44 - VILA DA PRATA;Mogi das Cruzes;SP;8725405;itaIo@bbrad.com.br;adesao_ao_decreto_1563_798;1048-0120;01/27/2030 00:00:00.000000
BRASIL;Strategic Transportes Multimodais & Logística Ltda;1,8024E+13;Estrada Municipal Elvira Martinez Canales - nº 701 - Jardim Chapadão;Monte Mor;SP;13190000;celson@strategiclog.com.br;adesao_ao_decreto_1563_799;0840-0617;06/27/2027 00:00:00.000000
BRASIL;Aerosoft Cargas Aéreas Ltda;1,01437E+12;Rua Amadeu Consolin nº 104 - Jardim Primavera;Morungaba;SP;13260000;airton@aerosoftcargas.com.br;adesao_ao_decreto_1563_800;0088-0605;01/23/2027 00:00:00.000000
BRASIL;Click - Rodo Entregas Ltda;1,51215E+13;AVENIDA HENRY FORD Nº 643 - GALPÃO B - PRESIDENTE ALTINO;Osasco;SP;6210108;ICO@ZRADV.COM.BR;adesao_ao_decreto_1563_801;1284-0822;08/23/2032 00:00:00.000000
BRASIL;Emj Transportes E Logística Ltda;7,28404E+12;Avenida Luis Rink, nº 200/220 - Ayrosa;Osasco;SP;6290150;evenor@emjtransportes.com.br;adesao_ao_decreto_1563_802;0722-1015;10/26/2025 00:00:00.000000
BRASIL;Direct Express Logística Integrada S.A;5,88661E+12;Av. Henry Ford, 643,  Parte - Presidente Altino;Osasco;SP;6210108;adriana.msilva@b2wdigital.com;adesao_ao_decreto_1563_803;0886-0218;02/07/2028 00:00:00.000000
BRASIL;Séculos Transportes Sensíveis Ltda;6,69395E+11;RUA ERASMO BRAGA Nº 498 - PRESIDENTE ALTINO;Osasco;SP;6213005;J.SIDNEY@SECULOSTRANSPORTES.COM.BR;adesao_ao_decreto_1563_804;0583-0913;09/17/2023 00:00:00.000000
BRASIL;Transparaguay Transportes Rodoviários Ltda;6,09108E+13;RUA ÁGUAS DA PRATA 519 - ROCHDALE;Osasco;SP;6223200;saopaulo@transparaguay.com;adesao_ao_decreto_1563_805;0295-0508;03/22/2028 00:00:00.000000
BRASIL;Mercado Envios Serviços De Logística Ltda;2,01219E+13;Av. das Nações Unidas, nº 3000-3003, parte C - Bonfim;Osasco;SP;6233903;bruno.mathias@mercadolivre.com;adesao_ao_decreto_1563_806;0918-0818;08/21/2028 00:00:00.000000
BRASIL;Ramos & Ribeiro Comercio Exterior Ltda;3,6674E+13;RUA ANISIO BERNIZ - 212 - PESTANA;Osasco;SP;6122050;CONTATO@RERCOMEX.COM.BR;adesao_ao_decreto_1563_807;1092-0720;07/17/2030 00:00:00.000000
BRASIL;Almeida Silva Do Brasil Eireli;2,94251E+13;RUA DOUTOR CAIO MIZUBUTI, Nº 551 - BAIRRO VILA SOARES;Ourinhos;SP;19906520;presidencia@sindicamourinhos.com.br;adesao_ao_decreto_1563_808;1107-0920;09/04/2030 00:00:00.000000
BRASIL;Bortolini Transportes Ltda - Epp;9,5583E+12;Via Antonio de Oliveira nº 359 - Paulas e Mendes;Piedade;SP;18170000;transportes@grupobortolini.com;adesao_ao_decreto_1563_809;0540-0113;01/11/2023 00:00:00.000000
BRASIL;Ynova Soluções Multimodais Ltda;4,69613E+13;AV DOUTOR FRANCISCO LESSA JUNIOR Nº 1900 SALA 15 PAVMTO1 - BAIRRO/DISTRITO JARDIM RESIDENCIAL DOUTOR LESSA;Pindamonhangaba;SP;12422531;qualidade.sgi@ynova.com.br;adesao_ao_decreto_1563_810;1346-0423;04/19/2033 00:00:00.000000
BRASIL;Ynova Transportes E Logistica Ltda;2,133E+13;AV. INDEPENDENCIA, Nº 1089 - CIDADE NOVA;Pindamonhangaba;SP;12414240;qualidade.sgi@ynova.com.br;adesao_ao_decreto_1563_811;1164-0521;05/26/2031 00:00:00.000000
BRASIL;Glovis Brail Logística Ltda;1,32722E+13;AV. HYUNDAI, Nº 905 - ÁGUA SANTA;Piracicaba;SP;13413500;marcio.rodarte@glovis.com.br;adesao_ao_decreto_1563_812;1202-1121;11/16/2031 00:00:00.000000
BRASIL;Martins Despachos E Assessoria Em Logística Eireli;9,34129E+12;Rua Foz do Iguaçu, n.º 351, 1º Andar - Bairro Vila Lúcia;Poá;SP;8557710;antoniofu@martinslog.com;adesao_ao_decreto_1563_813;1129-1220;12/10/2030 00:00:00.000000
BRASIL;Martins Despachos E Assessoria Em Logística Eireli;9,34129E+12;Rua Foz do Iguaçu, n.º 351, 1º Andar - Bairro Vila Lúcia;Poá;SP;8557710; sabrina.santos@martinslog.com;adesao_ao_decreto_1563_814;1129-1220;12/10/2030 00:00:00.000000
BRASIL;Mlog Armazém Geral Ltda.;5,11727E+12;Av. 80-A, 777, Setor FDC/B - Bairro Distrito Industrial;Rio Claro;SP;13506095;GCG-TAX_INDIRETOS-USP@WHIRLPOOL.COM;adesao_ao_decreto_1563_815;0964-0119;04/06/2036 17:03:44.280094
BRASIL;Fischer & Rechsteiner Do Brasil Logística S.A;2,20731E+13;RUA 07, Nº 192, SALA 01 - CENTRO;Rio Claro;SP;13500143;l.fagan@ferfreigtht.com.br;adesao_ao_decreto_1563_816;1138-0121;01/13/2031 00:00:00.000000
BRASIL;Fast Airlog Transportes E Logística Ltda;3,55472E+13;Rua Rússia, n°494, Sala 04 - Jardim Planalto;Salto;SP;13322230;financeiro@fastairlog.com.br;adesao_ao_decreto_1563_817;1336-0323;03/10/2033 00:00:00.000000
BRASIL;M.R.T. Sistemas Logísticos Ltda;3,00671E+12;Rua Japão, nº 280, sala 07 - Jardim São Luiz;Santana de Parnaíba;SP;6502345;manueldias@mrtlogistica.com.br;adesao_ao_decreto_1563_818;0943-1018;10/17/2028 00:00:00.000000
BRASIL;Pontocom Services Ltda;4,02052E+12;Rua Lua Crescente, n° 121 - sala 08;Santana de Parnaíba;SP;6529017;ricardocaldeira@aerosoftcargas.com.br;adesao_ao_decreto_1563_819;0721-1015;10/22/2025 00:00:00.000000
BRASIL;LISBETEL TRANSPORTES E LOGÍSTICA LTDA;3,49633E+12;RUA VEREDA TROPICAL, Nº 186;Santana de Parnaíba;SP;6513100;LISBETEL@LISBETEL.COM.BR;adesao_ao_decreto_1563_820;1543-0626;06/24/2036 16:55:00.848077
BRASIL;LISBETEL TRANSPORTES E LOGÍSTICA LTDA;3,49633E+12;RUA VEREDA TROPICAL, Nº 186;Santana de Parnaíba;SP;6513100;antric.assessoria@gmail.com;adesao_ao_decreto_1563_821;1543-0626;06/24/2036 16:55:00.848077
BRASIL;TORKS TRANSPORTES LTDA;4,18418E+12;RUA VEREDA TROPICAL, 186 ;Santana de Parnaíba;SP;6513100;antric.assessoria@gmail.com;adesao_ao_decreto_1563_822;1542-0626;06/01/2036 13:33:31.339967
BRASIL;Logfarma Distribuição E Serviços Ltda.;2,37638E+12;Rua Araçatuba nº 426 - Santa Maria;Santo André;SP;9071310;documentacao@logfarma.com.br;adesao_ao_decreto_1563_823;0871-1117;11/06/2027 00:00:00.000000
BRASIL;Limaport Soluções Em Logistica Ltda;2,84923E+13;PRAÇA DO BARÃO DO RIO BRANCO - 14 CONJUNTO 23 SALA 01 - CENTRO;Santos;SP;11010040;OPERATIONS@LIMAPORT.COM;adesao_ao_decreto_1563_824;0870-1117;11/01/2027 00:00:00.000000
BRASIL;Libra Terminal Valongo S.A.;8,80929E+12;RUA CAIS DO VALONGO , S/Nº - VALONGO;Santos;SP;11090000;gr.intermodal@grupolibra.com.br;adesao_ao_decreto_1563_825;0560-0513;05/23/2023 00:00:00.000000
BRASIL;Logline Soluções Logísticas Integradas Ltda - Epp;1,97623E+13;Rua Alexandre Herculano, nº 197 - salas 906/907 - Gonzaga;Santos;SP;11050031;fmagalhaes@loglinelogistica.com.br;adesao_ao_decreto_1563_826;0912-0718;07/24/2028 00:00:00.000000
BRASIL;M. Muniz Logística Ltda;5,92237E+12;Rua Doutor Manoel Tourinho, nº 26 - Macuco;Santos;SP;11015030;marcos@mmuniz-log.com.br;adesao_ao_decreto_1563_827;0616-0414;05/08/2034 00:00:00.000000
BRASIL;Mariel Logística Ltda Epp;1,10055E+13;Rua João Paulo Deales Bernardo 107-A - Jardim Castelo;Santos;SP;11084440;claudileneburgos@grupomariel.com.br;adesao_ao_decreto_1563_828;0506-0812;08/31/2022 00:00:00.000000
BRASIL;Maersk Logistics & Services Brasil Ltda;3,59852E+12;Av. Ana Costa, nº 288, Sala 132/133 141 a 144, Conj. 151 a 154;Santos;SP;11060000;fernando.camargo@maersk.com;adesao_ao_decreto_1563_829;0187-0506;12/10/2026 00:00:00.000000
BRASIL;Maersk Logistics & Services Brasil Ltda;3,59852E+12;Av. Ana Costa, nº 288, Sala 132/133 141 a 144, Conj. 151 a 154;Santos;SP;11060000;TAX-BR@MAERSK.COM;adesao_ao_decreto_1563_830;0187-0506;12/10/2026 00:00:00.000000
BRASIL;Mercosul Line Navegação E Logística Ltda;1,34178E+12;Alameda Armênio Mendes,  nº 66, 21º andar, salas 2104/2105/2106/2107;Santos;SP;11035260;mline@mercosul-line.com.br;adesao_ao_decreto_1563_831;0180-0406;03/31/2036 18:57:25.383248
BRASIL;Msc Mediterranean Logística Ltda;8,68089E+12;Av. Ana Costa, 291, 2º andar, sala 21, Edifício Pallazo - Gonzaga;Santos;SP;11060917;br241-corporate@msc.com;adesao_ao_decreto_1563_832;0254-0807;07/14/2027 00:00:00.000000
SUÍÇA;Msc Mediterranean Shipping Company S.A.;40410; Av. Ana Costa, 291, salas 11-12-21-22-31-41-42-51 e  52 - Ed. Palazzo (Filial Brasil);Santos;SP;11060917;mkt.spo@mscbr.com.br;adesao_ao_decreto_1563_833;0404-0810;04/17/2030 00:00:00.000000
BRASIL;Msc Mediterranean Shipping Do Brasil Ltda;2,37878E+12;Avenida Ana Costa, nº 291- 4º andar - Gonzaga;Santos;SP;11060917;corporate@mscbr.com.br;adesao_ao_decreto_1563_834;0191-0606;05/05/2036 13:34:53.799630
BRASIL;Msc Mediterranean Shipping Do Brasil Ltda;2,37878E+12;Avenida Ana Costa, nº 291- 4º andar - Gonzaga;Santos;SP;11060917;BR241-ADMLEGAL@MSC.COM;adesao_ao_decreto_1563_835;0191-0606;05/05/2036 13:34:53.799630
BRASIL;Mshift System Gestão Logística E Assessoria Multimodal Ltda;1,35915E+13;Avenida Senador Feijó nº 686, Conjunto 623, Sala 15 - Vila Mathias - Caixa Postal nº 12;Santos;SP;11015504;washingtonsoares@mshiftsystem.com;adesao_ao_decreto_1563_836;0528-1112;05/13/2032 00:00:00.000000
BRASIL;Mtf Consultoria E Assessoria Em Comércio Exterior Ltda;2,13499E+12;Rua Riachuelo, 66 conjunto 51 sala 01 - Centro;Santos;SP;11020010;deise@mtf.com.br;adesao_ao_decreto_1563_837;0082-0605;06/22/2015 00:00:00.000000
BRASIL;Multifretes Transportes Ltda;4,27493E+13;RUA VISCONDE DO RIO BRANCO, Nº 02, SALA 91 B -  CENTRO;Santos;SP;11013030;martinsassessoria@uol.com.br;adesao_ao_decreto_1563_838;1366-0823;08/14/2033 00:00:00.000000
BRASIL;Premium Logistics And Cargo Ltda - Epp;4,19068E+12;Praça Dom Idílio José Soares, 42 - conjunto 23 - Centro;Santos;SP;11013170;noschese@premiumlog.com.br;adesao_ao_decreto_1563_839;0100-0805;08/17/2015 00:00:00.000000
BRASIL;Prime Br Transportes Ltda;4,55226E+13;RUA. VISCONDE DO EMBARÉ, Nº 230 CONJ.1611 - VALONGO;Santos;SP;11010240;adm@primessz.com.br;adesao_ao_decreto_1563_840;1349-0523;05/05/2033 00:00:00.000000
BRASIL;Ram Multimodal Ltda - Me;1,54384E+12;RUA AMADOR BUENO Nº 152 CONJUNTO 25/26;Santos;SP;11013150;PROJAS32@IG.COM.BR;adesao_ao_decreto_1563_841;0525-1012;10/08/2022 00:00:00.000000
BRASIL;Rg Log Santos Transportes Ltda;1,36921E+13;RUA RIACHUELO 121 -  7º ANDAR - SALA 71 - CENTRO;Santos;SP;11010911;martinsassessoria@uol.com.br;adesao_ao_decreto_1563_842;1208-1221;12/08/2031 00:00:00.000000
BRASIL;Nadim Gannoum Fernandes - Me;2,33237E+13;Rua Júlia Ferreira de Carvalho, nº 65 - Chico de Paula;Santos;SP;11090050;ubirajara@fernandesassessoria.com.br;adesao_ao_decreto_1563_843;0857-0817;08/22/2027 00:00:00.000000
BRASIL;Planim Assessoria Em Comércio Exterior E Logística Ltda.;6,41582E+13;Rua Brás Cubs, 9 - 5º Andar - Centro;Santos;SP;11013161;antonio@planim.com.br;adesao_ao_decreto_1563_844;0110-0805;08/18/2015 00:00:00.000000
BRASIL;Pgl Express Service Ltda;1,66921E+13;Rua Guaió, nº 66, conjunto 1303 -  Aparecida;Santos;SP;11035260;fabio.cotrim@pglbr.com.br;adesao_ao_decreto_1563_845;1304-1022;10/17/2032 00:00:00.000000
BRASIL;Phoenix Despachos Aduaneiros Ltda;6,89814E+13;Praça da República NR 87 Cj 84;Santos;SP;11010000;marcoantonio@phoenixltda.com.br;adesao_ao_decreto_1563_846;0161-1205;12/28/2015 00:00:00.000000
BRASIL;Transmodal Logística Eireli;4,91924E+13;Avenida Dr. Albert Schweitzer nº. 1901 - Quadra 57 Lote 63 - Alemoa;Santos;SP;11095520;qualidade@transmodal.com.br;adesao_ao_decreto_1563_847;0220-1206;01/26/2027 00:00:00.000000
BRASIL;Transcargo Internacional Desconsolidação E Transportes Ltda;2,57058E+11;Rua XV de Novembro, nº. 65, Cj. 62 - Centro;Santos;SP;11010151;francisco@transcargo.com.br;adesao_ao_decreto_1563_848;0249-0807;08/03/2017 00:00:00.000000
BRASIL;Transbrasa - Transitaria Brasileira Ltda;4,5557E+13;RUA JOAQUIM TÁVORA, Nº 500 - MARAPÉ;Santos;SP;11065908;bayardf@transbrasa.com.br;adesao_ao_decreto_1563_849;1320-0123;01/19/2033 00:00:00.000000
BRASIL;Vertrans Serviços Logisticos Ltda - Epp;1,052E+13;RUA AUGUSTO SEVERO, 7 - 7º ANDAR - CONJ. 7 A SALA 1 - CENTRO;Santos;SP;11010050;humberto@dcasantos.com.br;adesao_ao_decreto_1563_850;0380-0510;05/10/2020 00:00:00.000000
BRASIL;Santos Brasil Logística S.A.;5,81803E+13;Avenida Marginal Via Anchieta, nº 820 - Alemoa;Santos;SP;11095000;juridico.corporativo@santosbrasil.com.br;adesao_ao_decreto_1563_851;0036-0405;05/14/2025 00:00:00.000000
BRASIL;Sanz Chemical Transportes Internacionais Ltda;3,66288E+13;RUA TORRES HOMEM, 255 - APTO 21 - BOQUEIRÃO;Santos;SP;11025020;VINICIUS.MONTEIRO@SANZCHEMICAL.COM;adesao_ao_decreto_1563_852;1147-0421;04/06/2031 00:00:00.000000
BRASIL;Sincrolog Logística Ltda;7,0566E+12;Rua Vasconcelos Tavares, 19 - conj.63/64 - centro;Santos;SP;11010110;financeiro@sincrolog.com.br;adesao_ao_decreto_1563_853;0240-0507;05/30/2017 00:00:00.000000
BRASIL;Servimex Logística Ltda;5,81498E+13;Rua Augusto Severo, 7 - 5º Andar - Centro;Santos;SP;11010919;clarissa.bernardi@servimex.com.br;adesao_ao_decreto_1563_854;0056-0505;06/07/2015 00:00:00.000000
BRASIL;Rumo Logística Operadora Multimodal S.A.;7,15504E+13;Av. Candido Gaffrée s/nº. entre armazéns V e 19 - Docas;Santos;SP;11013240;israel.souza@rumologistica.com.br;adesao_ao_decreto_1563_855;0263-1107;11/12/2017 00:00:00.000000
BRASIL;Rodocarga Operadora Portuária E Transporte S.A.;9,73599E+13;Rua Professor José Olivar, nº 158, 1º andar, Estuário;Santos;SP;11020450;marcos.medeiros@grupolibra.com.br;adesao_ao_decreto_1563_856;0330-0309;03/24/2019 00:00:00.000000
BRASIL;Rodocarga Operadora Portuária E Transporte S.A.;9,73599E+13;Rua Professor José Olivar, nº 158, 1º andar, Estuário;Santos;SP;11020450; carla.gomes@grupolibra.com.br;adesao_ao_decreto_1563_857;0330-0309;03/24/2019 00:00:00.000000
BRASIL;Rodocarga Operadora Portuária E Transporte S.A.;9,73599E+13;Rua Professor José Olivar, nº 158, 1º andar, Estuário;Santos;SP;11020450; marcio.bravo@grupolibra.com.br;adesao_ao_decreto_1563_858;0330-0309;03/24/2019 00:00:00.000000
BRASIL;Rodotech Remessas E Transportes Ltda;4,17141E+12;PRAÇA DA REPÚBLICA Nº 69 - SALA 05 - CENTRO;Santos;SP;11013010;financeiro.bsk@baska.com.br;adesao_ao_decreto_1563_859;0608-0214;04/15/2034 00:00:00.000000
BRASIL;S. Magalhães S.A. Logística Em Comércio Exterior;5,81301E+13;Praça da República, 62 - 1º e 2º Andar - Centro;Santos;SP;11013921;roberta.tavares@smagalhaes.com.br;adesao_ao_decreto_1563_860;0096-0805;08/17/2015 00:00:00.000000
BRASIL;Sszlog Transportes Ltda - Epp;2,52058E+13;Rua Dr. Emílio Ribas, nº 94, apto. 181-B, (Ponto de referência) - Vila Mathias;Santos;SP;11015070;tyrone@sszlog.com.br;adesao_ao_decreto_1563_861;1137-0121;01/13/2031 00:00:00.000000
BRASIL;Sulamericana - Logística Internacional Ltda;8,21842E+12;Rua Amador Bueno, 171, Sala 62 - Centro;Santos;SP;11013151;julio@dcasantos.com.br;adesao_ao_decreto_1563_862;0595-1213;12/11/2023 00:00:00.000000
BRASIL;Tecsider Transportes E Serviços Ltda;5,77373E+13;Rua Ana Santos, nº 55 - Chico de Paula;Santos;SP;11085350;comercial@tecsider.com.br;adesao_ao_decreto_1563_863;0591-1113;11/05/2023 00:00:00.000000
BRASIL;Terra & Mar Transportes E Cabotagem;1,13161E+13;Rua Amador Bueno, nº 64 sala 01 - Centro;Santos;SP;11013150;ubirajara@fernandesassessoria.com.br;adesao_ao_decreto_1563_864;0856-0817;08/22/2027 00:00:00.000000
BRASIL;Fideliter Multimodal Ltda.;4,75744E+12;Praça da República, 62 - Sala 131 - Centro;Santos;SP;11013010;rivaldo@fideliter.com.br;adesao_ao_decreto_1563_865;0079-0605;06/22/2015 00:00:00.000000
BRASIL;Euromar Transportes E Logística Eireli;2,383E+13;Rua Itororo, 3, sala 62 - Centro;Santos;SP;11010070;enoc@euromartransportes.com.br;adesao_ao_decreto_1563_866;1060-0320;03/17/2030 00:00:00.000000
BRASIL;Essemaga Logística e Transportes Ltda;5,4834E+13;Rua Dr. Albert Schweitzer, nº 2.650;Santos;SP;11095520;madalena.correa@essemaga.com.br;adesao_ao_decreto_1563_867;0098-0805;09/01/2035 13:37:58.888555
BRASIL;Essemaga Logística e Transportes Ltda;5,4834E+13;Rua Dr. Albert Schweitzer, nº 2.650;Santos;SP;11095520;adm.tr@smagalhaes.com.br;adesao_ao_decreto_1563_868;0098-0805;09/01/2035 13:37:58.888555
BRASIL;D&G Logística E Transportes Ltda;1,9356E+13;Praça Visconde de Maua, nº 29 - conjunto 323 - Centro;Santos;SP;11010000;thais.simoesgomes@gmail.com;adesao_ao_decreto_1563_869;0902-0418;04/11/2028 00:00:00.000000
BRASIL;Embraport - Empresa Brasileira De Terminais Portuários S.A.;2,80561E+12;Praça Antônio Telles, nº 12, 7º andar - Centro;Santos;SP;11013020;rishii@terminalembraport.com.br;adesao_ao_decreto_1563_870;0735-0116;01/22/2026 00:00:00.000000
BRASIL;Ecolog Transportes Nacionais E Internacionais Ltda-Me;2,8037E+13;Rua Alexandre Gusmão, 11, 7º andar, sala 701 - Valongo;Santos;SP;11010340;fiscal@ecologlogistica.com;adesao_ao_decreto_1563_871;1421-0524;05/27/2034 00:00:00.000000
BRASIL;Duane Customs & Freight Solutions Eireli - Epp;2,38964E+13;Avenida Ana Costa, nº 146, conjunto 2101, Vila Mathias;Santos;SP;11060000;wagner.ribeiro@duanesolutions.com;adesao_ao_decreto_1563_872;1331-0223;02/15/2033 00:00:00.000000
BRASIL;Globetrans Logística, Transporte E Distribuição Ltda -  Epp;8,97363E+12;RUA RIACHUELO, 121, CONJUNTO 51 - CENTRO;Santos;SP;11010021;operacional@globetrans.com.br;adesao_ao_decreto_1563_873;0385-0610;04/26/2031 00:00:00.000000
BRASIL;Global Freight - Agenciamento De Carga Ltda;4,94879E+12;Rua XV de Novembro, 65 - sala 91 - Centro;Santos;SP;11010161;Augusto@globalfreight.com.br;adesao_ao_decreto_1563_874;0116-0805;08/23/2015 00:00:00.000000
BRASIL;Global Truck Transportes & Logística Ltda - Epp;8,61114E+12;RUA BITENCOURT Nº 141, CONJUNTO 58 - VILA NOVA;Santos;SP;11013300;thiago@globalgsl.com.br;adesao_ao_decreto_1563_875;0623-0614;06/24/2024 00:00:00.000000
BRASIL;Green  Light Agenciamento De Cargas E Transportes Ltda;9,42322E+12;Av. são Francisco, nº 65, 9º andar, cj. 94 - Centro;Santos;SP;11013201;nilson@greenlightlogistics.com.br;adesao_ao_decreto_1563_876;0941-0918;09/26/2028 00:00:00.000000
BRASIL;Granport Multimodal Ltda;4,50774E+12;Rua Júlia Ferreira de Carvalho, 65 A - Chico de Paula;Santos;SP;11090050;marcelo@granport.com.br;adesao_ao_decreto_1563_877;0185-0406;09/29/2027 00:00:00.000000
BRASIL;Granport Transporte E Cabotagem Ltda;1,977E+13;RUA JULIA FERREIRA DE CARVALHO Nº 65 B - CHICO DE PAULA;Santos;SP;11090050;IVAM@GRANPORT.COM.BR;adesao_ao_decreto_1563_878;0645-1014;10/07/2024 00:00:00.000000
BRASIL;Innova Solution Consultoria E Gestão De Negócios Eireli - Epp;2,65787E+13;AV SENADOR FEIJÓ, Nº 686, CONJUNTO 908 E 909 - VILA MATHIAS;Santos;SP;11015504;pmartins@innovasolution.com.br;adesao_ao_decreto_1563_879;1025-1019;10/07/2029 00:00:00.000000
BRASIL;Inport Despachos Aduaneiros Ltda;4,00156E+12;Praça da República, nº 62 cj 52 - Centro;Santos;SP;11013010;genar@inport.com.br;adesao_ao_decreto_1563_880;0179-0406;06/21/2026 00:00:00.000000
BRASIL;Indaiá Logística Internacional Ltda;5,81561E+13;Av. Senador Feijó, 14 - 7º  andar - Centro;Santos;SP;11015500;fabricio.paulella@myindaia.com.br;adesao_ao_decreto_1563_881;0055-0505;04/29/2025 00:00:00.000000
BRASIL;Iberico Transportes & Logistica Ltda;3,36111E+13;AV SENADOR FEIJO 686 CONJ 1207 E 1208 - VILA MATHIAS;Santos;SP;11015504;leonardo@transportesiberico.com.br;adesao_ao_decreto_1563_882;1460-1224;12/23/2034 00:00:00.000000
BRASIL;Hipercon Terminais De Cargas Ltda;5,72463E+13;RUA AUGUSTO SCARABOTO S/Nº , BAIRRO ALEMOA;Santos;SP;11095906;controladoriaadmin@hiperconterminais.com.br;adesao_ao_decreto_1563_883;0403-0710;07/30/2020 00:00:00.000000
BRASIL;ITRI RODOFERROVIA E SERVIÇOS LTDA;4215000180;Praça da República, nº 87, 8º andar, conjunto 82;Santos;SP;11013010;maurilio@itri.com.br;adesao_ao_decreto_1563_884;0144-1005;10/22/2035 20:45:04.995454
BRASIL;Br Line Multimodal Ltda;2,44782E+13;AV. ANA COSTA Nº 100 - SALA 42 - VILA MATHIAS;Santos;SP;11060000;ADM@BRLINEMULTIMODAL.COM.BR;adesao_ao_decreto_1563_885;1062-0320;03/18/2030 00:00:00.000000
BRASIL;Borealis Serviços Logisticos Eireli;3,14486E+13;AV. ANA COSTA, Nº 61 CONJUNTO 91 - VILA MATHIAS;Santos;SP;11060000;francisco.araujo@borealis-logistics.com;adesao_ao_decreto_1563_886;1166-0521;05/26/2031 00:00:00.000000
BRASIL;Bracenter Centro Brasileiro De Armazenagem E Distribuição Ltda;7,15367E+12;Rua Dr. Manoel Tourinho nº. 48/66 - Macuco;Santos;SP;11015030;migueljur@biellamiguel.com.br;adesao_ao_decreto_1563_887;0253-0807;08/31/2017 00:00:00.000000
BRASIL;Bunge Alimentos S.A.;8,40461E+13;PRAÇA GUILHERME ARALHE Nº 20 - BAIRRO MACUCO;Santos;SP;11015305;fiscalizacao.fiscal@bunge.com;adesao_ao_decreto_1563_888;0542-0113;01/15/2023 00:00:00.000000
BRASIL;Cargolog -Operadora De Transportes Multimodais S/A;9,56633E+11;Rua General Camara, nº 110/112 - Centro;Santos;SP;11010120;martin@t37.com.br;adesao_ao_decreto_1563_889;0165-0206;02/13/2016 00:00:00.000000
BRASIL;Cargo Ship Transportes E Assessoria Ltda;5,92671E+13;Rua General Câmara, 141, conjunto 22 - Centro;Santos;SP;11010121;FINANCIAL@CARGOSHIP.COM.BR;adesao_ao_decreto_1563_890;0988-0519;05/14/2029 00:00:00.000000
BRASIL;CARPO LOGISTICS LTDA;7,35361E+12;Praça Barão do Rio Branco, nº 14;Santos;SP;11010040;ornellas@carpolog.com.br;adesao_ao_decreto_1563_891;0089-0605;07/27/2036 13:58:31.507451
BRASIL;CARPO LOGISTICS LTDA;7,35361E+12;Praça Barão do Rio Branco, nº 14;Santos;SP;11010040;ADM@CARPOLOG.COM.BR;adesao_ao_decreto_1563_892;0089-0605;07/27/2036 13:58:31.507451
BRASIL;Caf Transportes Internacionais Ltda;27096000181;Av. Senador Feijó, 14 - 6º andar - Conj. 62;Santos;SP;11015500;;adesao_ao_decreto_1563_893;0157-1205;12/28/2015 00:00:00.000000
BRASIL;Ccis Brasil Ltda;5,22474E+13;Alameda Armênio Mendes, nº 66 - Andar 21, Conj. 2108 - Aparecida;Santos;SP;11035260;bma.legal@cma-cgm.com;adesao_ao_decreto_1563_894;1419-0424;04/22/2034 00:00:00.000000
BRASIL;Custom Brasil Ltda;4,30978E+12;AV. SÃO FRANCISCO Nº 65 - 9º ANDAR - CENTRO;Santos;SP;11013201;CUSTOMBRASIL@CUSTOMBRASIL.COM;adesao_ao_decreto_1563_895;0566-0713;07/17/2023 00:00:00.000000
BRASIL;Contrail Logísitica S.A.;1,01407E+13;PRAÇA DOS EXPEDICONÁRIOS, Nº 19, CJ. 61, GONZAGA;Santos;SP;11065922;juridico@contrail.com.br;adesao_ao_decreto_1563_896;0468-1211;12/22/2021 00:00:00.000000
BRASIL;Conquest - Logística E Consultoria Aduaneira Ltda.;9,64077E+13;Rua Brás Cubas, nº 9, 5º andar, salas 11 A 14;Santos;SP;11013161;comercial@conquestilogistica.com.br;adesao_ao_decreto_1563_897;0129-1005;10/13/2015 00:00:00.000000
BRASIL;Costa Brasil Cabotagem Ltda;7,64931E+12;PC Antônio Telles, nº 12 sala 13 - Centro;Santos;SP;11013020;alessandro.camargo@cabotagem.com.br;adesao_ao_decreto_1563_898;0257-0907;09/28/2017 00:00:00.000000
BRASIL;Costa Brasil Cabotagem Ltda;7,64931E+12;PC Antônio Telles, nº 12 sala 13 - Centro;Santos;SP;11013020;alessandro.camargo@cabotagem.com.br;adesao_ao_decreto_1563_899;0875-1217;12/15/2027 00:00:00.000000
BRASIL;Antonio Alexandre Moreira Galante;9,62958E+12;RUA BRAZ CUBAS, Nº 3, 3º ANDAR, SALA 19 - CENTRO;Santos;SP;11013918;alexandremgalante@gmail.com;adesao_ao_decreto_1563_900;0881-0118;01/29/2028 00:00:00.000000
BRASIL;Agilink Transporte Rodoviário Ltda;2,49604E+13;Avenida Senador Feijó, 686, Sala 1527 B, 15º andar - Vila Mathias;Santos;SP;11015504;marcelo.benvenuti@takelog.com.br;adesao_ao_decreto_1563_901;1300-0922;09/30/2032 00:00:00.000000
BRASIL;Açologis Multimodal Ltda;4,0273E+13;Rua General Câmara, 20, sala 43 - Centro;Santos;SP;11010123;mara.masiero@acologis.com.br;adesao_ao_decreto_1563_902;1152-0321;03/30/2031 00:00:00.000000
BRASIL;Atlântico Norte Logística Ltda;3,15276E+13;Praça dos Andradas, 12 - 7º andar - Centro;Santos;SP;11010904;juridico@fcnaccounting.com;adesao_ao_decreto_1563_903;0985-0519;05/09/2029 00:00:00.000000
BRASIL;As-Road Transportes Ltda;3,15742E+13;Rua General Câmara, 05 - sala 404 - Centro;Santos;SP;11010902;nathalia.marcal@br-asgroup.com;adesao_ao_decreto_1563_904;0976-0419;04/01/2029 00:00:00.000000
BRASIL;Asf Logística Integrada Ltda;5,59616E+12;RUA VISCONDE DO RIO BRANCO, 02 SALA 91 D - CENTRO;Santos;SP;11013030;martinsassessoria@uol.com.br;adesao_ao_decreto_1563_905;1375-0923;09/12/2033 00:00:00.000000
BRASIL;Asia Shipping Terminais E Serviços Ltda;1,89827E+13;RUA ALEXANDRE HERCULANO Nº 197, 13º ANDAR, SALA 1.305 - BAIRRO - GONZAGA;Santos;SP;11050031;sergio.araujo@br-asgroup.com;adesao_ao_decreto_1563_906;0738-0116;01/22/2026 00:00:00.000000
BRASIL;Asia Shipping Transportes Internacionais Ltda;1,13753E+12;RUA ALEXANDRE HERCULANO Nº 197, 13º ANDAR, SALAS 1301/1304 - GONZAGA;Santos;SP;11050031;nathalia.marcal@br-asgroup.com;adesao_ao_decreto_1563_907;1282-0822;08/22/2032 00:00:00.000000
BRASIL;Apl Soluções De Logística Ltda;8,78329E+12;Av. Senador Feijó, 14 - 10º andar, conjunto 102;Santos;SP;11015500;robson_souto@apl.com;adesao_ao_decreto_1563_908;0651-1214;12/23/2024 00:00:00.000000
BRASIL;Apr Logística Internacional Ltda;1,32277E+13;Rua Itororo, nº 03, conjunto 21 - Centro;Santos;SP;11010071;contato@aprcomex.com.br;adesao_ao_decreto_1563_909;0876-1217;12/21/2027 00:00:00.000000
BRASIL;As Truck Transportes Eireli;3,70287E+13;RUA ALEXANDRE HERCULANO, 197 - CONJ 1306 - GONZAGA - SANTOS/SP - CEP 11050-031;Santos;SP;11050031;guilherme@oikosconsultoria.com.br;adesao_ao_decreto_1563_910;1109-0920;09/17/2030 00:00:00.000000
BRASIL;Asa Express Transportes Ltda;6,02913E+13;Praça da República, nº 87 - 10º andar - conj. 102 - Centro;Santos;SP;11013010;asaexpress@asaexpress.com.br;adesao_ao_decreto_1563_911;0222-0107;04/27/2027 00:00:00.000000
BRASIL;Bf Operadora De Transporte Multimodal Ltda;2,36695E+12;Rua Bittencourt, 141 conjunto 85/86 - Vila Nova;Santos;SP;11013300;buttignon@bfcargo.com.br;adesao_ao_decreto_1563_912;0112-0805;08/18/2015 00:00:00.000000
BRASIL;Az Solutio Assessoria Em Comércio Internacional Ltda;8,03982E+12;Praça da República, nº 87, CJ 65/66 - Centro;Santos;SP;11013010;walter.gomes@azsolutio.com.br;adesao_ao_decreto_1563_913;0733-1215;12/02/2025 00:00:00.000000
BRASIL;BANDEIRANTES DEICMAR LOGÍSTICA INTEGRADA LTDA;5,81888E+13;Avenida Ana Costa, Nº 228, Sala 61 a 65;Santos;SP;11060000;juridico@band-deicmar.com.br;adesao_ao_decreto_1563_914;0105-0805;04/24/2035 11:38:14.888281
BRASIL;ALPHA NAVAL LTDA;5,70271E+13; AL ARMENIO MENDES, 66 ;Santos;SP;11035260;ops@alphanaval.com.br;adesao_ao_decreto_1563_915;1526-1225;12/19/2035 17:39:39.384705
BRASIL;AMA TRANSPORTES LTDA;2,95519E+13; Avenida Ana Costa, nº 151, sala 33;Santos;SP;11060001;contato@amalog.com.br;adesao_ao_decreto_1563_916;1476-0225;02/27/2035 13:53:25.377521
BRASIL;MAXIMUNDI IMPORTAÇÃO E EXPORTAÇÃO LTDA.;1,68681E+13;Avenida Senador Feijo, nº 686;Santos;SP;11015504;GERENCIA@MAXIMUNDI.COM;adesao_ao_decreto_1563_917;1497-0525;05/13/2035 17:06:24.201864
BRASIL;ES COMÉRCIO EXTERIOR LTDA;4,74691E+13;Avenida Ana Costa, 228, Conjuntos 82 e 83;Santos;SP;11060000;evandro@eslogistics.com.br;adesao_ao_decreto_1563_918;1490-0425;04/24/2035 20:00:22.870271
BRASIL;WINGS TRANSPORTES BRASIL LTDA;3,64402E+13;AVENIDA SENADOR FEIJO, 686 - CONJ 602;Santos;SP;11015504;fran.vital@wingst.com.br;adesao_ao_decreto_1563_919;1488-0425;04/22/2035 14:30:45.420477
BRASIL;Winlogis Gestão Logistica Ltda;1,65852E+13;AV. SENADOR FEIJO 14 CONJUNTO 81 - CENTRO;Santos;SP;11015500;martinsassessoria@uol.com.br;adesao_ao_decreto_1563_920;0928-0918;09/03/2028 00:00:00.000000
BRASIL;W.B.I. Log Transportes Ltda;1,06747E+13;Rua Dr. Manoel Tourinho, nº 100 - Macuco;Santos;SP;11015030;operacional@wbilog.com.br;adesao_ao_decreto_1563_921;0817-0117;01/11/2027 00:00:00.000000
BRASIL;Abc Cargas Ltda;1,70331E+12;Estrada dos Casa, nº 2599 - bairro Dos Casa;São Bernardo do Campo;SP;9840000;danilo.guedes@abcilog.com.br;adesao_ao_decreto_1563_922;0035-0405;04/06/2015 00:00:00.000000
BRASIL;Jat Transportes E Logística S.A;3,34992E+12;RUA JOÃO AZEVEDO MARQUES, Nº 224 - BAIRRO JARDIM TRÊS MARIAS.;São Bernardo do Campo;SP;9750030;lucaspatrus@grupojat.com.br;adesao_ao_decreto_1563_923;0640-0914;09/10/2024 00:00:00.000000
BRASIL;Jat Transportes E Logística S.A;3,34992E+12;RUA JOÃO AZEVEDO MARQUES, Nº 224 - BAIRRO JARDIM TRÊS MARIAS.;São Bernardo do Campo;SP;9750030; financeirobh@grupojat.com.br;adesao_ao_decreto_1563_924;0640-0914;09/10/2024 00:00:00.000000
BRASIL;Inteligência Logistica Ltda;4,77347E+12;RUA PRÍNCIPE HUMBERTO, Nº 510, LOJA 514, CENTRO;São Bernardo do Campo;SP;9725200;gustavoskiadv@outlook.com;adesao_ao_decreto_1563_925;1455-1224;12/09/2034 00:00:00.000000
BRASIL;Jose Jadinilson Florencio Transportes Em Geral Ltda;1,83684E+13;R GUILHERME DE ALMEIDA, 543 - JARDIM ORLANDINA;São Bernardo do Campo;SP;9632050;comercial@transchautransportes.com.br;adesao_ao_decreto_1563_926;1223-0222;02/07/2032 00:00:00.000000
BRASIL;Go Log Transportes Eireli - Epp;1,78489E+13;Av. São Paulo, nº 400, Jordanóplis;São Bernardo do Campo;SP;9892330;conceicao@gologtrans.com.br;adesao_ao_decreto_1563_927;0855-0817;08/22/2027 00:00:00.000000
BRASIL;Fks Logsitics Ltda;1,73538E+13;RUA JOSÉ VERSOLATO, Nº 111, BLOCO A,  SALA 102 - CENTRO;São Bernardo do Campo;SP;9750730;franciely.azzolini@fkslogisticis.com.br;adesao_ao_decreto_1563_928;1042-1119;11/26/2029 00:00:00.000000
BRASIL;Fita Azul Transportes E Logística Ltda;2,2508E+13;RUA TIETE, Nº 189 - RUDGE RAMOS;São Bernardo do Campo;SP;9615000;;adesao_ao_decreto_1563_929;1433-0724;07/18/2034 00:00:00.000000
BRASIL;Tegma Gestão Logística S.A.;2,35114E+12;AV.  NICOLA DEMARCHI, 2000 - BAIRRO DEMARCHI;São Bernardo do Campo;SP;9820655;ect_ged@tegma.com.br;adesao_ao_decreto_1563_930;0389-0610;08/03/2030 00:00:00.000000
BRASIL;Tl Transportes Expressos De Cargas Ltda;2,76777E+12;Rua Oswaldo Cruz, nº 50 - Vila Jordanopolis;São Bernardo do Campo;SP;9892250;kleber.legalizacao@paulicon.com.br;adesao_ao_decreto_1563_931;0916-0818;08/13/2028 00:00:00.000000
BRASIL;Tomé Engenharia E Transporte Ltda.;4,43848E+13;Avenida José Odorizzi, nº 900 - Bairro Assunção;São Bernardo do Campo;SP;9810900;sidney@tome.com.br;adesao_ao_decreto_1563_932;0085-0605;06/22/2015 00:00:00.000000
BRASIL;Tomé Equipamentos E Transportes Ltda;4,43848E+13;Av. José Odorizzi, 900 - Bairro Assunção;São Bernardo do Campo;SP;9810900;sidnei@tome.com.br;adesao_ao_decreto_1563_933;1296-0922;09/29/2032 00:00:00.000000
BRASIL;Sada Transportes E Armazenagens Ltda;1,91993E+13;Estrada dos Alvarengas, nº 4018 - Assunção;São Bernardo do Campo;SP;9850550;NOELMA.GOMES@BRAZUL.COM.BR;adesao_ao_decreto_1563_934;0107-0805;11/06/2034 00:00:00.000000
BRASIL;Sada Transportes E Armazenagens Ltda;1,91993E+13;Estrada dos Alvarengas, nº 4018 - Assunção;São Bernardo do Campo;SP;9850550;CAMILA.SILVA@BRAZUL.COM.BR;adesao_ao_decreto_1563_935;0107-0805;11/06/2034 00:00:00.000000
BRASIL;Transportes Furlong Do Brasil S/A;6,75999E+13;Av. Maria Servidei Demarchi, 1826 - Bairro Demarchi;São Bernardo do Campo;SP;9820000;anapaula.petruske@furlong.com.br;adesao_ao_decreto_1563_936;0077-0605;08/23/2029 00:00:00.000000
BRASIL;Piquetur Log Logistica E Transporte Ltda;4,0451E+12;Avenida Lauro Gomes, nº 1.200 - Rudger Ramos;São Bernardo do Campo;SP;9635010;financeiro1@piquetur.com.br;adesao_ao_decreto_1563_937;0617-0514;05/22/2024 00:00:00.000000
BRASIL;Lachmann Terminais Ltda;2,16136E+13;Estrada Assumpta Sabatini Rossi, nº 920 - Batistini;São Bernardo do Campo;SP;9842000;juridico@lachmann.com.br;adesao_ao_decreto_1563_938;0896-0418;04/04/2028 00:00:00.000000
BRASIL;Shipmasters International Freight Agenciamento De Frete Ltda;2,26771E+13;AL CAULIM 115  CONJ 307 E 308 EDIF TORRE GATE;São Caetano do Sul;SP;9531195;marcio.oliveira@ship-masters.com;adesao_ao_decreto_1563_939;1427-0624;06/19/2034 00:00:00.000000
BRASIL;Temp Transporte E Distribuição Ltda;6,67645E+13;RUA MAJOR CARLOS DEL PRETE, 724 - CENTRO;São Caetano do Sul;SP;9530000;carlos.buran@templog.net;adesao_ao_decreto_1563_940;0344-0909;12/24/2031 00:00:00.000000
BRASIL;Birktrans Logística E Despachos Ltda.;9,29613E+12;Rua Pernambuco, nº 425, 1º andar, Conj. 14 - Centro;São Caetano do Sul;SP;9521140;felipe.sao@birktrans.com.br;adesao_ao_decreto_1563_941;0334-0509;05/23/2032 00:00:00.000000
BRASIL;V-Log Transportes E Logística Ltda;2,41084E+13;Rua Rafael Corrêa Sampaio, nº 1167 - Santa Paula;São Caetano do Sul;SP;9541250;michael.jones@v-logtrans.com;adesao_ao_decreto_1563_942;0792-0816;08/18/2026 00:00:00.000000
BRASIL;Itamarati Express Transporte De Cargas E Encomendas Ltda;5,39703E+12;AV. TARRAF, 2710 SALA 4 - BAIRRO - JARDIM ANICE;São José do Rio Preto;SP;15057430; prado@expressoitamarati.com.br;adesao_ao_decreto_1563_943;1112-0920;09/21/2030 00:00:00.000000
BRASIL;Audaz Global Logistica Ltda;2,94733E+13;Rua Benedito Osvaldo Lecques, 51 - Sala 1406;São José dos Campos;SP;12246021;daniel@audazglobal.com;adesao_ao_decreto_1563_944;1241-0422;04/20/2032 00:00:00.000000
BRASIL;Translogmed Transportes Ltda;1,04666E+13;RUA ROMUALDO DAVOLI Nº 131 -  ELDORADO;São José dos Campos;SP;12238577;juridico@logmed.net;adesao_ao_decreto_1563_945;1034-1119;11/08/2029 00:00:00.000000
BRASIL;Logmed Armazenagem E Logística Ltda;9,30327E+12;RUA DIONIZIO CHINELATO, 100 -  ELDORADO;São José dos Campos;SP;12238578;juridico@logmed.net;adesao_ao_decreto_1563_946;1032-1119;11/06/2029 00:00:00.000000
BRASIL;Omega Air Cargo Ltda.;2,11331E+12;Av. Sebastião Henrique da Cunha Pontes, 8.500 - Chácaras Reunidas;São José dos Campos;SP;12238365;nelson.machado@omegacargo.com.br;adesao_ao_decreto_1563_947;0131-1005;10/13/2015 00:00:00.000000
BRASIL;Oc Logistics Brazil Ltda;2,96527E+13;RUA CORIOLANO Nº 1897 - SALA 01 - VILA ROMANA;São Paulo;SP;5047002;INFO@OCLOGISTICS.COM.BR;adesao_ao_decreto_1563_948;1113-0920;09/21/2030 00:00:00.000000
BRASIL;Ocean Network Express (Latin America) Agência Marítima Ltda;2,86896E+13;Avenida Paulista, nº 283, 8º andar - Bela Vista;São Paulo;SP;1311000;peter.duifhuizen@one-line.com;adesao_ao_decreto_1563_949;0909-0718;07/10/2028 00:00:00.000000
BRASIL;Penske Logistics Do Brasil Ltda;6,58498E+13;Avenida das Nações Unidas, 11.541 - 17º andar - Conjuntos 171 e 172;São Paulo;SP;4578000;terezinha.ueda@penske.com;adesao_ao_decreto_1563_950;0745-0316;03/22/2026 00:00:00.000000
BRASIL;National Freight Transportes Internacionais Ltda.;7,43578E+13;  Rua Doutor Thirso Martins, 100 – Conjunto 408 – Vila Mariana;São Paulo;SP;4120050;anaquirino@nationalfreight.com.br;adesao_ao_decreto_1563_951;0341-0809;08/04/2019 00:00:00.000000
BRASIL;New Expo Organização Logística Ltda;3,36923E+13;RUA APENINOS  429, - CONJUNTO 1016, 10º ANDAR, ACLIMAÇÃO;São Paulo;SP;1533000;edson@newexpo.com.br;adesao_ao_decreto_1563_952;1397-0124;01/15/2034 00:00:00.000000
BRASIL;Nexus Logística E Transportes Ltda;8,20571E+12;Rua Doutor Edgard Theotonio Santana, nº 158 - Parque Industrial Thomas Edson;São Paulo;SP;1140030;paulo@nexuslog.com.br;adesao_ao_decreto_1563_953;0708-0915;09/10/2025 00:00:00.000000
BRASIL;Nippon Express Do Brasil Transportes Internacionais Ltda;5,15959E+13;Rua Fortaleza, nº 53 - Bela Vista;São Paulo;SP;1325010;administracao@nittsu.com.br;adesao_ao_decreto_1563_954;0936-0918;09/21/2028 00:00:00.000000
BRASIL;Núcleo Soluções Logística Ltda;7,72553E+12;Rua Quariteré nº127 - Parque de Móoca;São Paulo;SP;3127050;IRANY@NUCLEOLOGISTICA.COM.BR;adesao_ao_decreto_1563_955;0487-0512;05/02/2022 00:00:00.000000
BRASIL;Nuno Ferreira Cargas Internacionais Ltda.;5,62772E+13;Rua Professor Ernest Marcus nº. 36, lote 10, quadra 01 - Pacaembu;São Paulo;SP;1246080;info@nunoferreira.com.br;adesao_ao_decreto_1563_956;0226-0107;07/28/2030 00:00:00.000000
BRASIL;Nyk Line Do Brasil Limitada;4,65818E+12;Av. Paulista , 854 17º andar Bela Vista;São Paulo;SP;1310913;claims@nykline.com.br;adesao_ao_decreto_1563_957;0381-0510;05/10/2020 00:00:00.000000
BRASIL;Nyk Line Do Brasil Limitada;4,65818E+12;Av. Paulista , 854 17º andar Bela Vista;São Paulo;SP;1310913; sszadm@nykline.com.br;adesao_ao_decreto_1563_958;0381-0510;05/10/2020 00:00:00.000000
BRASIL;Novaagri  Infra-Estrutura De Armazenagem E Escoamento Agrícola S.A.;9,07725E+12;RUA FIDÊNCIO RAMOS 213 3º ANDAR CONJUNTO 31 VILA OLÍMPIA;São Paulo;SP;4551010;MARCUS.MENOITA@novaagri.com.br;adesao_ao_decreto_1563_959;0496-0712;07/16/2022 00:00:00.000000
BRASIL;Norcoast Logística S.A.;4,90094E+13;AV. DAS NAÇÕES UNIDAS Nº 14261 - ED. TORRE A - ANDARES 5, 6 E 7 - CONJUNTO 501A, 601A, 701A E 801A - BROOKLIN PAULISTA;São Paulo;SP;4578000;GUSTAVO.PASCHOA@NORSUL.COM;adesao_ao_decreto_1563_960;1351-0523;05/19/2033 00:00:00.000000
BRASIL;Piquetur Passagens E Turismo Ltda;5,94606E+13;Avenida Lucas Nogueira Garcez nº 578 - Jardim Mar - São Bernardo do Campo;São Paulo;SP;9750660;finaceiro1@piquetur.com.br;adesao_ao_decreto_1563_961;0622-0614;06/20/2024 00:00:00.000000
BRASIL;POLIVIAS S/A TRANSPORTES E SERVIÇOS;5,36118E+13;Avenida Moema, nº 87 - Bloco A, Conjunto 143;São Paulo;SP;4077020;cassio@polivias.com.br;adesao_ao_decreto_1563_962;0075-0605;05/12/2035 19:10:09.563729
BRASIL;POLIVIAS S/A TRANSPORTES E SERVIÇOS;5,36118E+13;Avenida Moema, nº 87 - Bloco A, Conjunto 143;São Paulo;SP;4077020; dionerios@gmail.com;adesao_ao_decreto_1563_963;0075-0605;05/12/2035 19:10:09.563729
BRASIL;POLIVIAS S/A TRANSPORTES E SERVIÇOS;5,36118E+13;Avenida Moema, nº 87 - Bloco A, Conjunto 143;São Paulo;SP;4077020;elaine.teixeira@polivias.com.br;adesao_ao_decreto_1563_964;0075-0605;05/12/2035 19:10:09.563729
BRASIL;Prestex Encomendas Expressas Ltda;5,55616E+12;AV. PEDRO BUENO, Nº 1542 - JABAQUARA;São Paulo;SP;4342001;gustavoskiadv@gmail.com;adesao_ao_decreto_1563_965;0505-0812;02/21/2032 00:00:00.000000
BRASIL;Prosperity Cargo Management Logística Ltda;9,35285E+12;Rua Claudino Pinto, 156 - Brás;São Paulo;SP;3040040;mark@pcmcargo.com.br;adesao_ao_decreto_1563_966;1012-0819;08/27/2029 00:00:00.000000
BRASIL;Rc Transportes Ltda;4,40923E+12;AV RIO BONITO, Nº 1522 - VILA FRIBURGO;São Paulo;SP;4776002;juridico@ebpocontabil.com.br;adesao_ao_decreto_1563_967;1272-0622;06/27/2032 00:00:00.000000
BRASIL;Rcinco Transportes Ltda;1,90803E+13;AV DO RIO BONITO, Nº 1520/1526/1530 - VILA FRIBURGO;São Paulo;SP;4776002;juridico@ebpocontabil.com.br;adesao_ao_decreto_1563_968;1271-0622;06/27/2032 00:00:00.000000
BRASIL;QUANTIQ DISTRIBUIDORA LTDA;6,22275E+13;AVENIDA REBOUÇAS, Nº 2516;São Paulo;SP;5402400;jas@zradv.com.br;adesao_ao_decreto_1563_969;1024-1019;10/07/2029 00:00:00.000000
BRASIL;QUANTIQ DISTRIBUIDORA LTDA;6,22275E+13;AVENIDA REBOUÇAS, Nº 2516;São Paulo;SP;5402400;cadastro@caldic.com;adesao_ao_decreto_1563_970;1024-1019;10/07/2029 00:00:00.000000
BRASIL;Rf Log - Express Transportes - Eireli - Me;1,91386E+13;Rua Lucila, nº 133 - Fundos - Vila Baruel;São Paulo;SP;2522090;faturamento@rflog.com.br;adesao_ao_decreto_1563_971;0809-1216;12/01/2026 00:00:00.000000
BRASIL;Rendar Locações E Logística Ltda - Me;2,36615E+13;Rua Senador Carlos Teixeira de Carvalho, nº 505 - sala 01;São Paulo;SP;1535010;silviadalo@hotmail.com;adesao_ao_decreto_1563_972;0748-0416;04/04/2026 00:00:00.000000
BRASIL;Red Cargas Logísticas Ltda;1,25256E+13;Rua Palacete das Águias, nº 247 - Vila Alexandrina;São Paulo;SP;4635021;olga@redcargas.com.br;adesao_ao_decreto_1563_973;0894-0318;03/29/2028 00:00:00.000000
BRASIL;Red Cargas Logísticas Ltda;1,25256E+13;Rua Palacete das Águias, nº 247 - Vila Alexandrina;São Paulo;SP;4635021; financeiro@redcargas.com;adesao_ao_decreto_1563_974;0894-0318;03/29/2028 00:00:00.000000
BRASIL;Ricardo Domingues Da Silva Eireli;2,41978E+13;RUA AURORA, Nº 151;São Paulo;SP;4753040;gustavoski@outlook.com;adesao_ao_decreto_1563_975;1198-1021;10/22/2031 00:00:00.000000
BRASIL;Logwin Air + Ocean Brazil Logística E Despacho Ltda;4,55415E+13;Rua Vieira de Moraes, nº 670/674 - Campo Belo;São Paulo;SP;4617001;theo.boesch@logwin-logistics.com;adesao_ao_decreto_1563_976;0052-0505;10/03/2035 14:09:40.870390
BRASIL;Logwin Air + Ocean Brazil Logística E Despacho Ltda;4,55415E+13;Rua Vieira de Moraes, nº 670/674 - Campo Belo;São Paulo;SP;4617001;fabricio.liza@logwin-logistics.com;adesao_ao_decreto_1563_977;0052-0505;10/03/2035 14:09:40.870390
BRASIL;M.C.R Fantin Logística Ltda;5,33661E+12;AV. JOÃO BATISTA MEDINA 176 - SALA 02 - CENTRO EMBU DAS ARTES;São Paulo;SP;6803447;FACILITIES@MCRFANTIN.COM.BR;adesao_ao_decreto_1563_978;1093-0720;07/17/2030 00:00:00.000000
BRASIL;Ma Comércio Exterior Ltda - Epp;1,66132E+13;RUA SÃO BENTO, 279 - 9º ANDAR - CONJ.. 910 - CENTRO;São Paulo;SP;1011000;marcoantonio@macomercioexterior.com.br;adesao_ao_decreto_1563_979;0564-0713;07/08/2023 00:00:00.000000
BRASIL;Mac Cargo Do Brasil Ltda;3,05128E+12;Rua Dr. Tirso Martins, 44, 4º andar – Vila Mariana;São Paulo;SP;4020050;ebarros@maclogistic.com;adesao_ao_decreto_1563_980;0358-1009;08/28/2019 00:00:00.000000
BRASIL;Mac Cargo Do Brasil Ltda;3,05128E+12;Rua Dr. Tirso Martins, 44, 4º andar – Vila Mariana;São Paulo;SP;4020050; jcosta@maclogistica.com;adesao_ao_decreto_1563_981;0358-1009;08/28/2019 00:00:00.000000
BRASIL;L4B Logística Ltda;2,42177E+13;Rua Major Paladino, nº 128, galpão 13 e 14 - Vila Ribeiro de Barros;São Paulo;SP;5307000;financeiro@loggi.com;adesao_ao_decreto_1563_982;0931-0918;09/12/2028 00:00:00.000000
BRASIL;Lac Worldwide Do Brasil Transportes Internacionais S.A.;8,88213E+12;Alameda dos Maracatins, 1217, sala 1012 - Indianópolis;São Paulo;SP;4089014;lg.avesani@lacww.com;adesao_ao_decreto_1563_983;1015-0919;09/05/2029 00:00:00.000000
BRASIL;Libra Serviços De Navegação Ltda;4,25814E+13;Av. das Nações Unidas, nº 14261, Ala B, 28º andar, conj. B - Vila Gertrudes;São Paulo;SP;4794000;intimacoes@hlag.com;adesao_ao_decreto_1563_984;0006-0305;03/21/2035 13:48:59.684658
BRASIL;Libra Terminais S/A;3,38135E+13;Av. Pres. Juscelino Kubtscheckert, n° 1455, 16º andar, Vila Nova Conceição;São Paulo;SP;4543011;grupolibra@grupolibra.com.br;adesao_ao_decreto_1563_985;0137-1005;10/25/2015 00:00:00.000000
BRASIL;Localfrio S.A. Armazéns Gerais Frigoríficos;5,83178E+13;Avenida Francisco Matarazzo, nº 1400, CJ. 92 - Água Branca;São Paulo;SP;5001903;marcelo.fioretto@localfrio.com.br;adesao_ao_decreto_1563_986;0631-0714;07/23/2024 00:00:00.000000
BRASIL;Mr Express Transportes Ltda;9,53876E+12;RUA PROFESSOR ULPIANO PINTO DE SOUZA Nº 148 - SALA 01 - JARDIM ANDARAÍ;São Paulo;SP;2167050;MONALISA.FERRARI@MREXPRESS.COM.BR;adesao_ao_decreto_1563_987;0994-0619;06/17/2029 00:00:00.000000
BRASIL;Mol (Brasil) Ltda;6,90701E+13;Av. paulista 283, 14º andar - São Paulo - SP;São Paulo;SP;1311000;SERGIO.WATANABE@MOL-LINER.COM;adesao_ao_decreto_1563_988;0160-1205;12/28/2015 00:00:00.000000
BRASIL;Moviis Soluções Em Transportes E Armazenagem Ltda;8,3331E+12;Rua Ezequiel Freire, nº 192, 14º andar, conj. 1408 - Santana;São Paulo;SP;2034000;renato.silva@efcargo.com.br;adesao_ao_decreto_1563_989;0788-0816;08/02/2026 00:00:00.000000
BRASIL;Midia Transportes Ltda;6,70356E+13;Av. Jornalista Paulo Zingg - nº 301 - Jardim Jaraguá;São Paulo;SP;5157030;ediberto@midiatransportes.com.br;adesao_ao_decreto_1563_990;0644-1014;10/07/2024 00:00:00.000000
BRASIL;Minicarga Serviços De Transportes Ltda;5,22144E+13;RUA CABO ROMEU CASAGRANDE, 555 - PARQUE NOVO MUNDO;São Paulo;SP;2180060;MINICARGA@MINICARGA.COM.BR;adesao_ao_decreto_1563_991;1119-1020;10/14/2030 00:00:00.000000
BRASIL;Maia Logística Ltda;5,81923E+13;Av. Aratãs nº 1.104 - Planalto Paulista;São Paulo;SP;4081005;rogeriomaia@maialogistica.com.br;adesao_ao_decreto_1563_992;0188-0506;05/25/2016 00:00:00.000000
BRASIL;Transdata Transportes Ltda;4,30531E+13;Rua Carmine Gaeta, 80 - Bairro Vila Guilherme;São Paulo;SP;2060100;operacional@transdata.com.br;adesao_ao_decreto_1563_993;0021-0305;07/08/2025 00:00:00.000000
BRASIL;Tpl Provider Assessoria Em Comércio Exterior Ltda - Me;1,22362E+13;RUA MARTINS HEREDIA, Nº 113 - SALA 4 - VILA ALBERTINA;São Paulo;SP;2731040;adair@tplprovider.com.br;adesao_ao_decreto_1563_994;0619-0614;06/05/2024 00:00:00.000000
BRASIL;Trans Model Transportes Urgentes Ltda;6,21312E+13;RUA SALVADOR RODRIGUES PRADO, Nº 200, AREA 01 - PARQUE NOVO MUNDO;São Paulo;SP;2190050;r.furtado@ativalog.com.br;adesao_ao_decreto_1563_995;1216-1221;12/30/2031 00:00:00.000000
BRASIL;Transportes Della Volpe S A Comercio E Industria;6,11394E+13;AV. TENENTE AMARO FELICÍSSIMO DA SILVEIRA, S/N, COND ESQ RUA LÍDICE, Nº 22 - PARQUE NOVO MUNDO;São Paulo;SP;2177010;laisa.moura@dellavolpe.com.br;adesao_ao_decreto_1563_996;1218-0122;01/05/2032 00:00:00.000000
BRASIL;Transportadora Route Vila Guilherme Ltda;3,94709E+13;RUA GAL SOCRATES, Nº 216, CONJ. 167 - PENHA DE FRANCA;São Paulo;SP;3632040;gustavoskiadv@outlook.com;adesao_ao_decreto_1563_997;1219-0122;01/05/2032 00:00:00.000000
BRASIL;Transporte De Carga Biológica Express Ltda.;1,40684E+13;Rua Ourinhos, 395/401 - Vila Bertioga;São Paulo;SP;3186040;qualidade@biotransportes.com.br;adesao_ao_decreto_1563_998;0977-0419;04/18/2029 00:00:00.000000
BRASIL;Transnet Logística E Transportes Ltda;1,66181E+12;Rua João Tibiriça, nº 958 - Vila Anastácio;São Paulo;SP;5077000;mgarcia@transnetlog.com.br;adesao_ao_decreto_1563_999;0951-1018;10/19/2028 00:00:00.000000
BRASIL;Transitex Do Brasil Serviços De Logística Ltda;1,2002E+13;Av. Brigadeiro Luis Antônio, nº 2466, CJ 101, andar 10 e 11 - Jardim Paulista;São Paulo;SP;1402000;enrique@transitex.com.br;adesao_ao_decreto_1563_1000;0732-1215;12/02/2025 00:00:00.000000
BRASIL;Transportadora Lstv Eireli;7,95524E+12;RUA BARONESA DE BELA VISTA, Nº 122 - VILA CONGONHAS;São Paulo;SP;4612000;viviane@atentoexpress.com;adesao_ao_decreto_1563_1001;1197-1021;10/15/2031 00:00:00.000000
BRASIL;Transportadora Lstv Eireli;7,95524E+12;RUA BARONESA DE BELA VISTA, Nº 122 - VILA CONGONHAS;São Paulo;SP;4612000; vandilson@atentoexpress.com;adesao_ao_decreto_1563_1002;1197-1021;10/15/2031 00:00:00.000000
BRASIL;Transportadora Nasser Ltda;5,07503E+12;Rua Sassaki, nº 137 - Cidade Ademar;São Paulo;SP;4403000;ahmed@transportadoranasser.com.br;adesao_ao_decreto_1563_1003;0716-1015;10/08/2025 00:00:00.000000
BRASIL;Vettura Transportes Rodoviários Ltda;1,90402E+13;RUA SANTA CRUZ, Nº 2187, SALA 10 CXPST 923;São Paulo;SP;78746740;vanessa.bezerra@mafrotransportes.com.br;adesao_ao_decreto_1563_1004;1390-1123;11/22/2033 00:00:00.000000
BRASIL;Via Expressa Logística E Armazenagem Ltda;2,11978E+13;RUA DOZE DE SETEMBRO, Nº 1119 B - VILA GUILHERME;São Paulo;SP;2052001;gustavoskiadv@outlook.com;adesao_ao_decreto_1563_1005;0779-0716;07/20/2026 00:00:00.000000
BRASIL;Via Sul Logística Ltda - Epp;9,28803E+12;Rua Manoel de Carvalho nº. 24 – Piqueri;São Paulo;SP;2912020;comercial@viasullogistica.com.br;adesao_ao_decreto_1563_1006;0302-0808;12/10/2028 00:00:00.000000
BRASIL;Verko Logística Eireli;2,97943E+13;Alameda dos Nhambiquaras, nº 1500 - cj. 104 - Indianápolis;São Paulo;SP;4090003;cibele.toseli@grupoverko.com.br;adesao_ao_decreto_1563_1007;0940-0918;09/26/2028 00:00:00.000000
BRASIL;Velox Transportes Produtos E Servicos Ltda;1,49908E+13;RUA ALVARENGA PEIXOTO, Nº 384 - VILA ANASTÁCIO;São Paulo;SP;5095010;edson@grupoveloxtransportes.com.br;adesao_ao_decreto_1563_1008;1229-0322;03/07/2032 00:00:00.000000
BRASIL;Velozter Transportes Ltda;1,45365E+13;Rua Julio Parigot, 237 - Vila Antonieta;São Paulo;SP;3478007;gerencia@veloztertransportes.com.br;adesao_ao_decreto_1563_1009;1293-0922;09/20/2032 00:00:00.000000
BRASIL;Unimetal Indústria, Comércio E Empreendimentos Ltda;1,51817E+13;AVENIDA DOUTOR ANTÔNIO DE SOUZA NETO, Nº 362 - APARECIDINHA;São Paulo;SP;18087210;r.baptista@grupounimetal.com.br;adesao_ao_decreto_1563_1010;1313-1222;12/12/2032 00:00:00.000000
BRASIL;Ups Do Brasil Remessas Expressas Ltda;7,41551E+13;Rua Dom Aguirre, 554 – Vila Sofia;São Paulo;SP;4671245;nmoreno@ups.com;adesao_ao_decreto_1563_1011;0322-0109;01/15/2019 00:00:00.000000
BRASIL;Unitrading Logística, Importação E Exportação Ltda;2,14251E+13;AV. ANA COSTA Nº 433 - SALAS 71, 72 e 76 - GONZAGA;São Paulo;SP;11060033;WESLEY.JORGITO@UNITRADINLOG.COM.BR;adesao_ao_decreto_1563_1012;0950-1018;10/19/2028 00:00:00.000000
BRASIL;Ultracargo Logística S.A.;1,46882E+13;Avenida Brigadeiro Luís Antônio, 1343, 4º andar, bairro Bela Vista;São Paulo;SP;1317910;carlos.arruti@ultracargo.com.br;adesao_ao_decreto_1563_1013;1359-0723;07/04/2033 00:00:00.000000
BRASIL;União Transporte De Encomendas E Comércio De Veículos Ltda;6,89719E+12;AVENIDA COMENDADOR MARTINELLI Nº 276 - SALA 02 - ÁGUA BRANCA;São Paulo;SP;5037170;chsousa@comporte.com.br;adesao_ao_decreto_1563_1014;1114-0920;09/21/2030 00:00:00.000000
BRASIL;Transultra Armazenamento E Transporte Especializado Ltda.;6,09599E+13;Av. Brigadeiro Luiz Antônio, nº 1.343 - Bela Vista;São Paulo;SP;1350900;controladoria@ultracargo.com.br;adesao_ao_decreto_1563_1015;0024-0305;03/23/2015 00:00:00.000000
BRASIL;Takelog Logística De Comércio Exterior Ltda;7,79967E+12;AVENIDA JAMARIS Nº 441 - SALAS 41 E 42 - 4º ANDAR - COND. EDIFÍCIO VISION - INDIANÓPOLIS;São Paulo;SP;4078904;marcelo.benvenuti@takelog.com.br;adesao_ao_decreto_1563_1016;1298-0922;09/29/2032 00:00:00.000000
BRASIL;Tnt Express Brasil Ltda;7,34753E+13;Avenida Marginal Direita do Tietê, nº 2500 - Prédio Administrativo - 2ª andar - Vila Jaguará;São Paulo;SP;5118100;legalrp-br@mail.fedex.com;adesao_ao_decreto_1563_1017;0679-0615;06/10/2025 00:00:00.000000
BRASIL;Tnt Mercúrio Cargas E Encomendas Expressas Ltda;9,55917E+13;Avenida Marginal Direita do Tietê, nº 2500, Prédio Administrativo, 5º andar - Vila Jaguará;São Paulo;SP;5118100;legalrp-br@mail-fedex.com;adesao_ao_decreto_1563_1018;0702-0915;05/08/2035 19:09:45.796762
BRASIL;Tag Saúde Logística E Distribuição E Transportes Eireli Epp;2,49352E+13;RUA JOSÉ SEMIÃO RODRIGUES AGOSTINHO - 1.370 - GALPÃO 16 A -QUINHAU;São Paulo;SP;2022040;EDILAINE.SALES@TAGSERVIÇOS.COM.BR;adesao_ao_decreto_1563_1019;0869-1117;11/01/2027 00:00:00.000000
BRASIL;Supersonic Logística E Transportes Ltda;4,77057E+13;Rua Miguel Nelson Bechara, nº 114 - Jardim Pereira Leite;São Paulo;SP;2712130;denilson.signorelli@ssonic.com.br;adesao_ao_decreto_1563_1020;0816-1216;12/16/2026 00:00:00.000000
BRASIL;Serbom Armazéns Gerais Ltda;1,6286E+12;AV. DR. GASTAO VIDIGAL, 1946 - PORTÄO 12 - CEAGESP - VILA LEOPOLDINA;São Paulo;SP;5314000;contabil@serbom.com.br;adesao_ao_decreto_1563_1021;1286-0822;08/30/2032 00:00:00.000000
BRASIL;São Paulo Shipping Operadora De Comércio Exterior E Transporte Ltda;6,82501E+13;Rua Pamplona 710, cj 53 - Jardim Paulista;São Paulo;SP;1405001;saopauloshipping@saopauloshipping.com.br;adesao_ao_decreto_1563_1022;0087-0605;07/01/2015 00:00:00.000000
BRASIL;SAMSUNG SDS LATIN AMERICA TECNOLOGIA E LOGISTICA LTDA.;2,45744E+13;AV DR CHUCRI ZAIDAN, 1240;São Paulo;SP;4711130;fabiano.v@samsung.com;adesao_ao_decreto_1563_1023;0763-0616;08/05/2036 18:01:47.394349
BRASIL;SAMSUNG SDS LATIN AMERICA TECNOLOGIA E LOGISTICA LTDA.;2,45744E+13;AV DR CHUCRI ZAIDAN, 1240;São Paulo;SP;4711130;NOTIFICA.SDSLA@SAMSUNG.COM;adesao_ao_decreto_1563_1024;0763-0616;08/05/2036 18:01:47.394349
BRASIL;Samsung Sds Latin America Soluções Em Tecnologia Ltda;6,15943E+12;AV. DAS NAÇÕES UNIDAS - 12901 - ANDAR 22- UNIDADE 2202;São Paulo;SP;4578000;jeferson.tk@samsung.com;adesao_ao_decreto_1563_1025;0559-0513;05/20/2023 00:00:00.000000
BRASIL;Sankyu Logistics Despachos Aduaneiros Ltda.;9,61784E+13;Av. Paulista, 1159 Sala 906-A - Cerqueira Cesar;São Paulo;SP;1311200;gerson.borges@sankyu.com.br;adesao_ao_decreto_1563_1026;0200-0906;09/26/2016 00:00:00.000000
BRASIL;Sartco Ltda;2,19986E+12;Av. Roque Petroni Jr., Nº 999, 9º andar, Sala A - Bairro Morumbi;São Paulo;SP;4707910;nelson.gonzales@adm.com;adesao_ao_decreto_1563_1027;0043-0405;03/10/2026 00:00:00.000000
BRASIL;Schenker Do Brasil Transportes Internacionais Ltda;4,38231E+13;Rua Geraldo Flausino Gomes, nº 78 - 12º e 13º andares - Brooklin Novo;São Paulo;SP;4575060;sebastiao.silva@dbschenker.com;adesao_ao_decreto_1563_1028;0764-0616;06/16/2026 00:00:00.000000
BRASIL;S.L.E. Silva Santana Transportes Ltda;6,42552E+11;Rua Cruzeiro, nº 711 - Barra Funda;São Paulo;SP;1137000;boquirivu@uol.com.br;adesao_ao_decreto_1563_1029;0753-0516;05/10/2026 00:00:00.000000
BRASIL;Rodonaves Transportes Multimodal Ltda;3,59125E+13;AV. ALEXANDRE COLARES Nº 500 - 2º ANDAR - GALPÃO B - PARQUE ANHANGUERA;São Paulo;SP;5106901;MAURICIO.LIMA@RTE.COM.BR;adesao_ao_decreto_1563_1030;1083-0520;05/20/2030 00:00:00.000000
BRASIL;Roll-Logistics Brasil Ltda;1,43534E+13;RUA CUNHA GAGO Nº 700 - 14º ANDAR CONJUNTO 141 - PINHEIROS;São Paulo;SP;5421001;gfernandes@roll-logistics.com.br;adesao_ao_decreto_1563_1031;0598-0114;01/07/2024 00:00:00.000000
BRASIL;Avanti Br Soluções Em Logística S.A.;3,38389E+13;Rua Jerônimo da Veiga, 384, Andar 11, Conj. 111, Sala 03;São Paulo;SP;4536001;renata@fonsecabrasil.com.br;adesao_ao_decreto_1563_1032;1151-0321;03/26/2031 00:00:00.000000
BRASIL;ATD Gestão De Projetos Logísticos Do Brasil Ltda;1,50607E+13;Av. Angélica, 1.757 - Conj. 22 - Consolação;São Paulo;SP;1227200;adm@atdgroup.com.br;adesao_ao_decreto_1563_1033;0570-0813;08/19/2035 14:16:33.168887
BRASIL;ATD Gestão De Projetos Logísticos Do Brasil Ltda;1,50607E+13;Av. Angélica, 1.757 - Conj. 22 - Consolação;São Paulo;SP;1227200; amaluenda@atdgroup.com.br;adesao_ao_decreto_1563_1034;0570-0813;08/19/2035 14:16:33.168887
BRASIL;Ativa Distribuição E Logística Ltda;1,1258E+12;ROD CORONEL-POLICIA MILITAR NELSON TRANCHESI, 740, BLOCO 300, GALPÕES 16, BAIRRO ITAQUI;São Paulo;SP;6696110;MARIACON.FERA@GMAIL.COM;adesao_ao_decreto_1563_1035;1451-1024;10/30/2034 00:00:00.000000
BRASIL;Ativa Distribuição E Logística Ltda;1,1258E+12;ROD CORONEL-POLICIA MILITAR NELSON TRANCHESI, 740, BLOCO 300, GALPÕES 16, BAIRRO ITAQUI;São Paulo;SP;6696110;R.FURTADO@ATIVALOG.COM.BR;adesao_ao_decreto_1563_1036;1451-1024;10/30/2034 00:00:00.000000
BRASIL;Bitencourt Logística E Transportes Ltda - Me;3,78111E+12;Rua Domenico Palma, nº 755 - Jardim Cidália;São Paulo;SP;4652234;financeiro@bitlogsp.com.br;adesao_ao_decreto_1563_1037;0808-1116;11/25/2026 00:00:00.000000
BRASIL;Bertling Logistics Brasil Ltda.;8,42863E+12;AVENIDA PAULISTA Nº 1471 - 6º ANDAR - SALA 614 - BELA VISTA;São Paulo;SP;1311927;operations@bertling.com;adesao_ao_decreto_1563_1038;0351-1009;09/16/2032 00:00:00.000000
BRASIL;Blue Sky Transportes Internacionais Ltda;8,90228E+12;R CHEMIM DEL PRA Nº 107 - BAIRRO SANTANA;São Paulo;SP;2016060;LARISSA@BLUESKYTRANSPORTES.COM.BR;adesao_ao_decreto_1563_1039;1396-0124;01/12/2034 00:00:00.000000
BRASIL;Bdp South America Ltda;3,70646E+12;Avenida Alfredo Egídio de Souza Aranha, nº 100 - Bloco D - Vila Cruzeiro;São Paulo;SP;4726170;juridico@fcnaccounting.com;adesao_ao_decreto_1563_1040;0512-0912;09/05/2022 00:00:00.000000
BRASIL;Bechtrans Logística International Ltda;12365000136;Av. Vereador José Diniz, nº 3530, 2º andar, Campo Belo;São Paulo;SP;4604006;aazullin@bechtrans.com.br;adesao_ao_decreto_1563_1041;0151-1105;12/09/2015 00:00:00.000000
BRASIL;Baggio Transportes Ltda;1,36101E+13;RUA BANDEIRA PAULISTA, 600, CONJ. 141 - BAIRRO ITAIM BIBI;São Paulo;SP;4532001;bonagura@asalaw.com.br;adesao_ao_decreto_1563_1042;1106-0820;08/21/2030 00:00:00.000000
BRASIL;Acr Trading Importação E Exportação Ltda - Me.;1,42493E+13;Av. Sargento da Aeronáutica Plínio F. Gonçalves nº 488 - Jardim Cumbica;São Paulo;SP;7181100;antunes@acrtrading.com.br;adesao_ao_decreto_1563_1043;0624-0614;06/24/2024 00:00:00.000000
BRASIL;A.G. Projects Do Brasil Ltda;7,71001E+12;Av. Jandira, nº 295, Conjunto 805,806 e 807 - Moema;São Paulo;SP;4080001;r.manso@br.aprilenet.com;adesao_ao_decreto_1563_1044;0639-0814;08/21/2024 00:00:00.000000
DINAMARCA;A.P. Moller - Maersk A/S;5,67286E+12;Avenida Roque Petroni Júnior 999- 8º Andar - Vila Gertrudes;São Paulo;SP;47047910;andrea.belfiori@maersk.com;adesao_ao_decreto_1563_1045;0546-0313;03/06/2023 00:00:00.000000
BRASIL;A8 Interiores E Suprimentos Corporativos Ltda;3,21905E+13;Rua Frei Francisco Solano, 10 - Limão;São Paulo;SP;2710120;anapaula@falcotrade.com.br;adesao_ao_decreto_1563_1046;1302-1022;10/05/2032 00:00:00.000000
BRASIL;Agrex Do Brasil S.A.;1,05158E+13;Avenida Paulista, 1294, 23º andar, sala 231 - Bela Vista;São Paulo;SP;1310915;edson.dantas@agrex.com.br;adesao_ao_decreto_1563_1047;0533-1212;12/10/2022 00:00:00.000000
BRASIL;Adriana Pereira Monteiro Resende;3,394E+13;RUA PONTES DE MORAIS, 545 - JARDIM DA PEDREIRA;São Paulo;SP;4468080;atendimento@nacex.com.br;adesao_ao_decreto_1563_1048;1158-0421;04/26/2031 00:00:00.000000
BRASIL;Andes Operador Multimodal Ltda;5,90875E+12;Av. das Nações Unidas, nº 14261, 28º andar, Conj. B parte, Ala B ;São Paulo;SP;4794000;intimacoes@hlag.com;adesao_ao_decreto_1563_1049;0003-0205;06/24/2030 00:00:00.000000
BRASIL;Amazon Logística Do Brasil Ltda.;2,83877E+13;Avenida Presidente Juscelino Kubitschek, nº 2.041, 18º andar - Vila Nova Conceição;São Paulo;SP;4543011;licencasbrasil@amazon.com;adesao_ao_decreto_1563_1050;1316-1222;12/13/2032 00:00:00.000000
BRASIL;ALIANÇA NAVEGAÇÃO E LOGÍSTICA LTDA.;2,42703E+12;Rua Verbo Divino, 1547, Conjuntos 501, 502, 801, 802, 1202, 1301, 1302 e 1401- Parte;São Paulo;SP;4719002;fernando.camargo@maersk.com;adesao_ao_decreto_1563_1051;0007-0305;05/08/2035 17:29:54.649501
BRASIL;ALIANÇA NAVEGAÇÃO E LOGÍSTICA LTDA.;2,42703E+12;Rua Verbo Divino, 1547, Conjuntos 501, 502, 801, 802, 1202, 1301, 1302 e 1401- Parte;São Paulo;SP;4719002;TAX-BR@MAERSK.COM;adesao_ao_decreto_1563_1052;0007-0305;05/08/2035 17:29:54.649501
BRASIL;Aliança Transporte Multimodal Ltda;3,14472E+13;Rua Verbo Divino, 1547 - Chacara Santo Antônio;São Paulo;SP;4719002;daniel.malta@atmmodal.com.br;adesao_ao_decreto_1563_1053;0673-0415;04/30/2025 00:00:00.000000
BRASIL;Allink Transportes Internacionais Ltda;8,68468E+13;ALAMEDA DOS MARACATINS, Nº 1217, CONJUNTO 1017 - MOEMA;São Paulo;SP;4089014;camilla.milanello@allink.com.br;adesao_ao_decreto_1563_1054;1167-0521;05/27/2031 00:00:00.000000
BRASIL;Airsupply Logística E Transportes Ltda;2,60745E+13;Rua Gavea, nº 546 - Vila Maria;São Paulo;SP;2121020;rogerio@airsupplybr.com;adesao_ao_decreto_1563_1055;0868-1017;10/26/2027 00:00:00.000000
BRASIL;Copersucar S.A.;1,02659E+13;AV DAS NAÇÕES UNIDAS ;São Paulo;SP;4794000;dionemrios@uol.com.br;adesao_ao_decreto_1563_1056;0365-0110;10/28/2035 19:04:11.040371
BRASIL;Copersucar S.A.;1,02659E+13;AV DAS NAÇÕES UNIDAS ;São Paulo;SP;4794000;albchristofoletti@copersucar.com.br;adesao_ao_decreto_1563_1057;0365-0110;10/28/2035 19:04:11.040371
BRASIL;Copersucar S.A.;1,02659E+13;AV DAS NAÇÕES UNIDAS ;São Paulo;SP;4794000;albchristofoletti@copersucar.com.br;adesao_ao_decreto_1563_1058;0365-0110;10/28/2035 19:04:11.040371
BRASIL;Cosco Shipping Lines (Brasil) S.A.;2,50223E+12;Av. Paulista, 1.337, 18º andar, conjuntos 181/182 - Cerqueira César;São Paulo;SP;1311200;li.zheng@coscoshipping.com.br;adesao_ao_decreto_1563_1059;0980-0519;05/03/2029 00:00:00.000000
BRASIL;Coli Shipping & Transport Do Brasil Ltda;2,30486E+13;Rua Pitu, nº 72, cj.123, 12º andar - Cidade das Monções;São Paulo;SP;4567060;gustavo.murari@coli-shipping.com;adesao_ao_decreto_1563_1060;0929-0918;09/04/2028 00:00:00.000000
BRASIL;Companhia Auxiliar De Armazéns Gerais;6,11455E+13;Avenida Paulista, nº 287, 1º andar - Bela Vista;São Paulo;SP;1311000;dionemrios@gmail.com;adesao_ao_decreto_1563_1061;0859-0917;09/29/2027 00:00:00.000000
BRASIL;Comercial Campestre Da Serra Ltda - Epp;17614000186;Rua  SEVERA , 1040 - Vila Maria;São Paulo;SP;21110001;ajudacampestre@uol.com.br;adesao_ao_decreto_1563_1062;0397-0710;07/26/2020 00:00:00.000000
BRASIL;Clipper Transportes Internacionais Ltda;5,4974E+13;Rua Rui Barbosa, 381, 1º andar, sala 12 - Bela Vista;São Paulo;SP;1326010;mariaitalia@clipperweb.com.br;adesao_ao_decreto_1563_1063;1061-0320;03/17/2030 00:00:00.000000
BRASIL;CMA CGM DO BRASIL AGÊNCIA MARÍTIMA LTDA;5,95139E+12;AVENIDA PAULISTA, Nº 283;São Paulo;SP;1311000;bma.lcalvino@cma-cgm.com;adesao_ao_decreto_1563_1064;0701-0915;09/10/2035 17:41:10.938225
BRASIL;CMA CGM DO BRASIL AGÊNCIA MARÍTIMA LTDA;5,95139E+12;AVENIDA PAULISTA, Nº 283;São Paulo;SP;1311000;bma.legal@cma-cgm.com;adesao_ao_decreto_1563_1065;0701-0915;09/10/2035 17:41:10.938225
BRASIL;Cma Cgm Do Brasil Agenciamento De Cargas E Serviços Logísticos Ltda;2,26362E+13;Rua Desembargador Eliseu Guilerme, nº 53, cj. 81 - Paraíso;São Paulo;SP;4004030;ssz.acarreira@cma-cgm.com;adesao_ao_decreto_1563_1066;0937-0918;09/21/2028 00:00:00.000000
BRASIL;Cma Terminals Do Brasil Ltda;8,69171E+12;Avenida Paulista, nº 283, conjunto 121, 12º andar - Bela Vista;São Paulo;SP;1311000;bma.legal@cma-cgm.com;adesao_ao_decreto_1563_1067;0668-0315;04/01/2035 14:32:03.610388
BRASIL;Cj Logistics Do Brasil Ltda;2,3786E+13;Avenida Engenheiro Luiz Carlos Berrini, nº 105, andar 29, sala - Edif. Berrini One - Cidade Moções;São Paulo;SP;4571010;arthur.hong@cj.net;adesao_ao_decreto_1563_1068;0905-0518;05/25/2028 00:00:00.000000
BRASIL;Ceva Freight Management Do Brasil Ltda.;3,22914E+12;AV. ENGENHEIRO LUIZ CARLOS BERRINI, Nº 105, CONJ. 41 - CIDADE MONÇÕES;São Paulo;SP;4571010;EDENOR.MAZAIA@CEVALOGISTICS.COM;adesao_ao_decreto_1563_1069;1220-0122;01/24/2032 00:00:00.000000
BRASIL;Cargill Agrícola S/A;6,04987E+13;  Av. Morumbi, Nº 8234 – Brooklin – R Caetano J. Batista;São Paulo;SP;4703002;gleno_becher@cargill.com;adesao_ao_decreto_1563_1070;0315-1108;11/19/2018 00:00:00.000000
BRASIL;Cat - Centro De Assistencia Ao Transporte Ltda;6,19608E+12;Rua Desembargador do Vale nº. 185 – Bairro Perdizes;São Paulo;SP;5010040;cat.transporte@catexpress.com.br;adesao_ao_decreto_1563_1071;0234-0407;04/12/2017 00:00:00.000000
BRASIL;Bsl - Brinks - Soluções Logisticas Ltda;2,61939E+13;RUA SILVERIO GONÇALVES, Nº 347 - VILA MARIA LUISA;São Paulo;SP;2754000;gustavoskiadv@outlook.com;adesao_ao_decreto_1563_1072;1238-0422;04/20/2032 00:00:00.000000
BRASIL;Brasilmaxi Logística Ltda.;5,95308E+13;Rua Bresser, 1933 e 2011- Belem;São Paulo;SP;3164160;monique.consuelo@brasilmaxi.com.br;adesao_ao_decreto_1563_1073;0103-0805;12/03/2025 00:00:00.000000
BRASIL;Bp Transportes E Logística Eireli - Epp;2,23266E+13;Av. Pedro Bueno, nº 1828 - Jabaquara;São Paulo;SP;4342001;fatima@bptransportes.com.br;adesao_ao_decreto_1563_1074;0811-1216;12/12/2026 00:00:00.000000
BRASIL;Intermodal Tank Transport Brasil Operador De Contêineres Tanque Ltda;3,72961E+12;Avenida Doutor Chucri Zaidan, nº 1550 - Sala 917-918, Vila Cordeiro;São Paulo;SP;4711130;mrovai@intermodaltank.com;adesao_ao_decreto_1563_1075;0563-0713;06/29/2033 00:00:00.000000
BRASIL;J. Martins Comercio Exterior Ltda;6,63389E+11;AV. PAULISTA 726 - 5º ANDAR - CONJ. 506 - BELA VISTA;São Paulo;SP;1310910;jmartins@jmartins.com.br;adesao_ao_decreto_1563_1076;0538-0113;01/10/2023 00:00:00.000000
BRASIL;J&T Express Brazil Ltda;4,25848E+13;AV ENG LUIZ CARLOS BERRINI, Nº 105, CONJ 51, TORRE 3, SETOR BCOND THERA ONE COMMERCIAL - CIDADE MONÇÕES;São Paulo;SP;4571900;leonardo@a2solucoesinteligentes.com.br;adesao_ao_decreto_1563_1077;1246-0522;05/05/2032 00:00:00.000000
BRASIL;Jr Transportes Eireli - Epp;1,11588E+13;Rua Doutor Teodolindo Castiglione, nº 50 - Jardim São José;São Paulo;SP;2970030;jair@jrtransportessp.com.br;adesao_ao_decreto_1563_1078;0699-0915;09/09/2025 00:00:00.000000
BRASIL;KM CARGO LTDA;3,74546E+12;Rua Eli, nº 190;São Paulo;SP;2114010;kleber@kmcargo.com.br;adesao_ao_decreto_1563_1079;0375-0410;04/24/2035 13:49:27.705435
BRASIL;KM CARGO LTDA;3,74546E+12;Rua Eli, nº 190;São Paulo;SP;2114010;administrativo@waterlooservicos.com.br;adesao_ao_decreto_1563_1080;0375-0410;04/24/2035 13:49:27.705435
BRASIL;Js Logística De Cargas Ltda;8,81354E+12;RUA CANTAGALO, Nº 74, CJ 1406 A 1410 - TATUAPÉ;São Paulo;SP;69050001;otm@fcnaccounting.com;adesao_ao_decreto_1563_1081;0727-1115;11/04/2025 00:00:00.000000
BRASIL;Jsl S.A.;5,25484E+13;Avenida Juscelino Kubitschek, nº 1327, conj.221 - Edifício Internacional Plaza II;São Paulo;SP;4543011;antonio.lopes@jsl.com.br;adesao_ao_decreto_1563_1082;0694-0715;07/29/2025 00:00:00.000000
BRASIL;Kuehne+Nagel Serviços Logísticos Ltda;2,88643E+12;Av. das nações unidas nº 14.171 - 3º Andar, sala 304, Torre C - Cristal Tower do Cond. Rochaverá Corporate Towers - Vila Gertrudes;São Paulo;SP;4794000;eduardo.razuck@kuehne-nagel.com;adesao_ao_decreto_1563_1083;0139-1005;03/22/2028 00:00:00.000000
BRASIL;Gpa Logística E Transporte Ltda.;1,16662E+13;Avenida Brigadeiro Luís Antônio, n.º 3.172, 3º andar - Jardim Paulista;São Paulo;SP;1402901;eliane.yamada@gpabr.com;adesao_ao_decreto_1563_1084;1027-1019;10/09/2029 00:00:00.000000
BRASIL;Global Air Cargo Ltda;9,45958E+11;Rua Castor, nº 51 - São Matheus;São Paulo;SP;8340120;global@globalcargo.com.br;adesao_ao_decreto_1563_1085;0305-0908;09/17/2018 00:00:00.000000
BRASIL;Global Air Cargo Ltda;9,45958E+11;Rua Castor, nº 51 - São Matheus;São Paulo;SP;8340120; pablo@globalcargo.com.br;adesao_ao_decreto_1563_1086;0305-0908;09/17/2018 00:00:00.000000
BRASIL;Geodis Gerenciamento De Fretes Do Brasil Ltda;5,21479E+13;Avenida Francisco Matarazzo, nº 1350  - 5º andar - Torre 1 - Cond. Edifício CGD - Água Branca;São Paulo;SP;5001100;karin.schoner@geodis.com;adesao_ao_decreto_1563_1087;0402-0710;07/30/2020 00:00:00.000000
BRASIL;Geodis Soluções Globais De Logística Do Brasil Ltda.;1,07213E+13;AVENIDA FRANCISCO MATARAZZO, Nº 1350, CONJUNTO 53, 5º ANDAR, TORRE I, CONDOMÍNIO EDIFÍCIO CGD 1350  - AGUA BRANCA;São Paulo;SP;5001100;gabriela.sacilotti@geodis.com;adesao_ao_decreto_1563_1088;1452-1124;11/12/2034 00:00:00.000000
BRASIL;Gafor Ltda.;6,12889E+13;Av. das Nações Unidas, 10989 - 3º andar – Vila Olímpica;São Paulo;SP;4578000;kpereira@gafor.com.br;adesao_ao_decreto_1563_1089;0332-0309;03/26/2019 00:00:00.000000
BRASIL;Gafor Ltda.;6,12889E+13;Av. das Nações Unidas, 10989 - 3º andar – Vila Olímpica;São Paulo;SP;4578000; internacional@abti.org.br;adesao_ao_decreto_1563_1090;0332-0309;03/26/2019 00:00:00.000000
BRASIL;Hidrovias Do Brasil - Cabotagem Ltda;2,42925E+13;Rua Gilberto Sabino, nº 215 - 7º andar, sala 4 - Pinheiros;São Paulo;SP;5425020;juridico@hbsa.com.br;adesao_ao_decreto_1563_1091;0842-0717;07/04/2027 00:00:00.000000
BRASIL;Hidrovias Do Brasil - Navegação Norte S.A.;1,48203E+13;Rua Gilberto Sabino, nº 215, 7º andar, sala 2 - Pinheiros;São Paulo;SP;5425020;juridico@hbsa.com.br;adesao_ao_decreto_1563_1092;0849-0717;07/18/2027 00:00:00.000000
BRASIL;H Lobo Locações E Logística;8,31701E+12;RUA MIGUEL TELES, 05 - PIQUERI;São Paulo;SP;2912030;comercial@viasullogistica.com.br;adesao_ao_decreto_1563_1093;0296-0508;04/01/2029 00:00:00.000000
BRASIL;Host Logística Armazém De Cargas Ltda;6,2298E+12;Rua Santa Francisca - nº 485 - Vila Jaguara;São Paulo;SP;5116090;ediberto@midiatransportes.com.br;adesao_ao_decreto_1563_1094;0646-1014;10/10/2024 00:00:00.000000
BRASIL;Imexlog Logistíca Aduaneira Eireli;9,36606E+12;AV. NOVA CANTAREIRA, Nº 2087, CONJ. 92 - TUCURUVI;São Paulo;SP;2331003;adilson@imexlog.com;adesao_ao_decreto_1563_1095;1333-0323;03/01/2033 00:00:00.000000
BRASIL;Fast Log Soluções Logísticas Ltda - Me;7,32804E+12;RUA TEBAS Nº 164 - LOTE 21 QUADRA 6 - BAIRRO JARDIM BRASIL;São Paulo;SP;4634030;SIMONE@FASTLOGSL.COM.BR;adesao_ao_decreto_1563_1096;1036-1119;11/08/2029 00:00:00.000000
BRASIL;Ferrari Express Logística E Transporte Do Brasil Ltda;1,46575E+13;RUA PEDROSO ALVARENGA, 691 CONJ 606 E CONJ 607;São Paulo;SP;4531011;GEORGE@PIKIELNY.COM.BR;adesao_ao_decreto_1563_1097;0643-1014;08/28/2035 14:07:09.144992
BRASIL;Ferrari Express Logística E Transporte Do Brasil Ltda;1,46575E+13;RUA PEDROSO ALVARENGA, 691 CONJ 606 E CONJ 607;São Paulo;SP;4531011;jean@airbpo.com.br;adesao_ao_decreto_1563_1098;0643-1014;08/28/2035 14:07:09.144992
BRASIL;Faex Logistica Integrada Sociedade Unipessoal Ltda;1,07192E+13;RUA SIQUEIRA BUENO,Nº 1350 - BELENZINHO;São Paulo;SP;3173010;fiscal@faexlog.com;adesao_ao_decreto_1563_1099;1170-0621;06/22/2031 00:00:00.000000
BRASIL;Fox Cargo Do Brasil Ltda;5,31771E+12;RUA CUIABÁ Nº 229 - ALTO DA MOOCA;São Paulo;SP;3183000;caio@foxbrasil.com;adesao_ao_decreto_1563_1100;0585-0913;09/19/2023 00:00:00.000000
BRASIL;Fr. MeyerS Sohn Logistica Brasil Ltda. ;7,06604E+12;Rua Haddock Lobo, nº 337, 10º andar, conj. 101, Ed. Apolo I - Cerqueira Cesar;São Paulo;SP;1414901;daniel.santanna@fms-logistics.com;adesao_ao_decreto_1563_1101;0967-0119;01/18/2029 00:00:00.000000
BRASIL;Fracht Do Brasil Logística Ltda;5,55133E+12;Rua Professor Ernest Marcus, nº36 - Pacaembu;São Paulo;SP;1246080;rh@fracht.com.br;adesao_ao_decreto_1563_1102;0718-1015;10/20/2025 00:00:00.000000
BRASIL;Flogistics Brasil Logística E Transporte Ltda;4,70535E+13;AVENIDA ENGENHEIRO LUIZ CARLOS BERRINI, Nº 1748, CONJ. 304, SALA 03;São Paulo;SP;4571000;gustavoskiadv@outlook.com;adesao_ao_decreto_1563_1103;1324-1122;11/22/2032 00:00:00.000000
BRASIL;Frette Transporte Intermodal Eireli;3,28868E+13;Praça Dr. João Mendes, Nº 42, Andar 19, Cj 194 - Centro;São Paulo;SP;1501000;marco.aurelio@fretteintermodal.com.br;adesao_ao_decreto_1563_1104;1000-0719;07/01/2029 00:00:00.000000
BRASIL;FULL TIME LOGISTICA LTDA;1,58656E+13;RUA COSTA AGUIAR, Nº 1782;São Paulo;SP;4204002;renato@fulltimelogistica.com.br;adesao_ao_decreto_1563_1105;0697-0815;10/02/2035 18:30:57.801897
BRASIL;FULL TIME LOGISTICA LTDA;1,58656E+13;RUA COSTA AGUIAR, Nº 1782;São Paulo;SP;4204002;financeiro@fulltimelogistica.com.br;adesao_ao_decreto_1563_1106;0697-0815;10/02/2035 18:30:57.801897
BRASIL;Expresso Araçatuba Transportes E Logística Ltda.;5,76921E+13;Av. Alexandre Colares, 500 - Vila Jaguará;São Paulo;SP;5106000;rpalmeira@exata.com.br;adesao_ao_decreto_1563_1107;0070-0505;06/07/2015 00:00:00.000000
BRASIL;Expresso Rio Vermelho Transportes Ltda;7,65541E+12;"Rua Professora Maria Jose Barone Fernandes	, 701, Sala 82, Vila Maria";São Paulo;SP;2117022;juca@expressoriovermelho.com.br;adesao_ao_decreto_1563_1108;1133-1220;12/29/2030 00:00:00.000000
BRASIL;Escritório Hormino Maia De Despachos Ltda;6,08763E+13;Rua Conselheiro Crispiniano, nº 105, 8º, 9º e 10º andares - Centro;São Paulo;SP;1037001;ivon.bulgarelli@horminomaia.com.br;adesao_ao_decreto_1563_1109;0152-1105;04/12/2026 00:00:00.000000
BRASIL;Entre Pontos Express Ltda - Me;4,14203E+12;Rua Antonio Raposo, nº 212 - sala 01 - Lapa;São Paulo;SP;5074020;financeiro@entrepontos.com.br;adesao_ao_decreto_1563_1110;0703-0915;09/09/2025 00:00:00.000000
BRASIL;Entre Pontos Logística Ltda - Epp;2,11743E+13;Rua Antonio Raposo, nº 212 - Lapa;São Paulo;SP;5074020;financeiro@entrepontos.com.br;adesao_ao_decreto_1563_1111;0704-0915;09/09/2025 00:00:00.000000
BRASIL;Expedited América Do Brasil Transportes E Logística Internacional Eireli;3,14152E+13;Avenida Doutor Vital Brasil, 951, sala f - Butantã;São Paulo;SP;5503001;juridico@fcnaccounting.com;adesao_ao_decreto_1563_1112;0982-0519;05/03/2029 00:00:00.000000
BRASIL;Expeditors International Do Brasil Ltda;7,11083E+11;Rua Doutor Renato Paes de Barros, nº 1017 - Itaim Bibi;São Paulo;SP;4530001;edmir.camargo@expeditors.com;adesao_ao_decreto_1563_1113;0845-0717;07/05/2027 00:00:00.000000
BRASIL;Dslog - Distribuidor De Serviços Logísticos Ltda;6,31572E+12;RUA EUGÊNIO DE FREITAS - Nº 424  - VILA GUILHERME;São Paulo;SP;2060000;rosiane.alves@dslog.com.br;adesao_ao_decreto_1563_1114;0641-0914;09/10/2024 00:00:00.000000
BRASIL;Dp World Logistics Brazil S.A.;2,82774E+13;PRAÇA  ANTONIO TELLES Nº 12 - 7º ANDAR - CONJUNTO 73 ( PARTE B) - CENTRO;São Paulo;SP;11013020;fernando.tortorello@dpworld.com;adesao_ao_decreto_1563_1115;1345-0423;04/04/2033 00:00:00.000000
BRASIL;Ecomex Cargo Logística E Transportes Ltda - Me;3,19713E+13;AVENIDA FAGUNDES FILHO Nº 191 - 8º ANDAR - CJTO 81 - ED. DALLAS - VILA MONTE ALEGRE;São Paulo;SP;4304010;EZEQUIEL.RIBEIRO@ECOMEXASSESSORIA.COM.BR;adesao_ao_decreto_1563_1116;1005-0719;07/12/2029 00:00:00.000000
BRASIL;Ecu Logistics Do Brasil Ltda.;5,22172E+12;Avenida Pacaembu, nº 1418;São Paulo;SP;1234000;robertopf@ecuspo.eculine.net;adesao_ao_decreto_1563_1117;0013-0305;03/23/2015 00:00:00.000000
BRASIL;Eduardo Francisco De Araujo Logística;1,48327E+13;RUA JOAQUIM MORAIS - 179  BAIRRO - JARDIM PEDREIRA;São Paulo;SP;4370020;eduardo@efacargas.com.br;adesao_ao_decreto_1563_1118;1098-0720;07/31/2030 00:00:00.000000
BRASIL;Eckert & Ziegler Brasil Comercial Ltda.;2,88712E+12;Rua Miguel Nelson Bechara, 480, Jardim Pereira Leite;São Paulo;SP;2712130;clarice.almeida@ezag.com;adesao_ao_decreto_1563_1119;1084-0620;06/10/2030 00:00:00.000000
BRASIL;Embragen Empresa Brasileira De Armazéns Gerais E Entrepostos Ltda;5,40482E+13;Av. Alexandre Mackenzie nº 137 - Jaguaré;São Paulo;SP;5322000;CASSIO.FILHO@EMBRAGEN.COM.BR;adesao_ao_decreto_1563_1120;0539-0113;01/10/2023 00:00:00.000000
BRASIL;Ef Comex - Logística Internacional Ltda;8,259E+12;Rua da Consolação, nº 65, conjuntos 33,51 e 73 - Consolação;São Paulo;SP;1301000;edison.silva@efcomex.com.br;adesao_ao_decreto_1563_1121;0793-0916;09/19/2026 00:00:00.000000
BRASIL;Engelhart Ctp (Brasil) S.A.;1,47968E+13;AV BRIGADEIRO FARIA LIMA 3477 - 11º andar - ITAIM BIBI;São Paulo;SP;4538133;Ol-tax-commodities-brazil@btgpactual.com;adesao_ao_decreto_1563_1122;1422-0624;06/03/2034 00:00:00.000000
BRASIL;Danone Ltda;2,36433E+13;Avenida Paulista, nº 2300, andar 21, conj. 211 - Edif. São Luis Gonzaga - Cerqueira Cesar;São Paulo;SP;1310300;graziella.pereira@danone.com;adesao_ao_decreto_1563_1123;0684-0615;06/30/2025 00:00:00.000000
BRASIL;D-Log Brasil Operador Logístico Multimodal Ltda.;9,63519E+11;Rua Nova Jerusalém, 78 - Tatuapé;São Paulo;SP;3410000;nicolauk@dlogbr.com;adesao_ao_decreto_1563_1124;0990-0619;06/12/2029 00:00:00.000000
BRASIL;Diavanti Soluções Logísticas Ltda - Me;2,62058E+13;RUA SILVA BUENO 1808 - 6º ANDAR - IPIRANGA;São Paulo;SP;4208001;DIRETORIA@DIAVANTI.COM.BR;adesao_ao_decreto_1563_1125;0996-0619;06/18/2029 00:00:00.000000
BRASIL;Dfm Transportes Multimodais Eireli;3,4245E+13;ALAMEDA SANTOS, 200, CONJ 11 - CERQUEIRA CESAR;São Paulo;SP;1418000;operacional@machadologbr.com;adesao_ao_decreto_1563_1126;1020-0919;09/24/2029 00:00:00.000000
BRASIL;DHL EXPRESS (BRAZIL) LTDA;5,88903E+13;AV. MANUEL BANDEIRA, Nº 291, ESCRITÓRIOS 32, 41, 42, E 43 - BLOCO D;São Paulo;SP;5317020;REGULATORIO.BR@dhl.com;adesao_ao_decreto_1563_1127;0054-0505;04/01/2035 14:57:05.964552
BRASIL;DHL EXPRESS (BRAZIL) LTDA;5,88903E+13;AV. MANUEL BANDEIRA, Nº 291, ESCRITÓRIOS 32, 41, 42, E 43 - BLOCO D;São Paulo;SP;5317020;regulatorio.br@dhl.com;adesao_ao_decreto_1563_1128;0054-0505;04/01/2035 14:57:05.964552
BRASIL;Dhl Transportes (Brazil) Ltda;4,60449E+13;Rua Jaceru, nº 151, Térreo, Conjunto 2, Parte B - Vila Gertrudes;São Paulo;SP;4705903;domingos.ramos@dhl.com;adesao_ao_decreto_1563_1129;0675-0515;05/12/2025 00:00:00.000000
BRASIL;W Net Logística E Transportes Ltda - Epp;7,17684E+12;Av. Dr. Lino de Morales Leme, nº 280 - Jardim Aeroporto;São Paulo;SP;4360000;wnlog@uol.com.br;adesao_ao_decreto_1563_1130;0700-0915;09/09/2025 00:00:00.000000
BRASIL;W Net Logística E Transportes Ltda - Epp;7,17684E+12;Av. Dr. Lino de Morales Leme, nº 280 - Jardim Aeroporto;São Paulo;SP;4360000; financeiro@wnetlogistica.com.br;adesao_ao_decreto_1563_1131;0700-0915;09/09/2025 00:00:00.000000
BRASIL;Wamc Master Logística Internacional Ltda;4,5808E+12;RUA DOMINGOS DE MORAIS Nº 2187 - BLOCO A - CONJ. 320, 321  E 322 - VILA MARIANA;São Paulo;SP;4035000;CONTATO@WAMCLOG.COM.BR;adesao_ao_decreto_1563_1132;1315-1222;12/12/2032 00:00:00.000000
BRASIL;Wegh Assessoria E Logística Internacional Ltda;6,54947E+13;RUA JOSÉ PATROCÍNIO, N°220, ACLIMAÇÃO;São Paulo;SP;4108000;gustavoskiadv@outlook.com;adesao_ao_decreto_1563_1133;0599-0114;07/17/2034 00:00:00.000000
BRASIL;Wv Soluções Logísticas Ltda;5,48663E+12;Rua Alcides Ricardini Neves, nº 12 - conj. 210 - Cidade Moções;São Paulo;SP;4575050;vidal@wvlogistics.com;adesao_ao_decreto_1563_1134;0822-0117;01/25/2027 00:00:00.000000
BRASIL;RUMO MALHA PAULISTA S.A.;2,50284E+12;AV. BRIGADEIRO FARIA LIMA, 4100, ANDAR 03, ;São Paulo;SP;4538132;MAYHARA.CHAVES@RUMOLOG.COM;adesao_ao_decreto_1563_1135;1487-0425;04/14/2035 13:41:10.838373
BRASIL;RUMO MALHA PAULISTA S.A.;2,50284E+12;AV. BRIGADEIRO FARIA LIMA, 4100, ANDAR 03, ;São Paulo;SP;4538132;LUIS.GOMES@RUMOLOG.COM;adesao_ao_decreto_1563_1136;1487-0425;04/14/2035 13:41:10.838373
BRASIL;ACTION TRANSPORTES RODOVIÁRIOS LTDA;3,43927E+13;RUA LAPLACE, nº 72, SALA 32;São Paulo;SP;4622000;wsevero@solucaoc.com.br;adesao_ao_decreto_1563_1137;1489-0425;04/22/2035 17:27:58.912927
BRASIL;COMEXIM LTDA;5,81501E+13;RUA AUGUSTA N.101 CONJ 1016 CEP 01305-000 CONSOLACAO;São Paulo;SP;1305000;luizaureliolelorodrigues@gmail.com;adesao_ao_decreto_1563_1138;1477-0325;03/06/2035 13:36:22.622624
BRASIL;Yusen Logistics Do Brasil Ltda;6,10695E+12;Via Anhanguera s,n - Km 26+421 Galpão 2 - Jardim Jaragua;São Paulo;SP;5275000;ylbr.fiscal@br.yusen-logistics.com;adesao_ao_decreto_1563_1139;0891-0318;03/20/2028 00:00:00.000000
BRASIL;SCAN GLOBAL LOGISTICS DO BRASIL LTDA;1,88299E+13;Av. das Nações Unidas, n° 14401;São Paulo;SP;4794000;lemel@scangl.com;adesao_ao_decreto_1563_1140;1535-0326;03/13/2036 14:41:45.977097
BRASIL;RUMO MALHA CENTRAL S.A.;3,35724E+13;Avenida Brigadeiro Faria Lima, nº 4.100, 3º Andar, Conj. 32, Sala 6;São Paulo;SP;4538132;raul.pereira@rumolog.com;adesao_ao_decreto_1563_1141;1502-0625;06/17/2035 12:43:40.325830
BRASIL;RUMO MALHA CENTRAL S.A.;3,35724E+13;Avenida Brigadeiro Faria Lima, nº 4.100, 3º Andar, Conj. 32, Sala 6;São Paulo;SP;4538132;mayhara.chaves@rumolog.com;adesao_ao_decreto_1563_1142;1502-0625;06/17/2035 12:43:40.325830
BRASIL;RUMO MALHA OESTE S.A.;3,91155E+13;AVENIDA BRIGADEIRO FARIA LIMA, Nº 4100;São Paulo;SP;4538132;raul.pereira@rumolog.com;adesao_ao_decreto_1563_1143;1504-0625;06/18/2035 16:36:15.295731
BRASIL;RUMO MALHA OESTE S.A.;3,91155E+13;AVENIDA BRIGADEIRO FARIA LIMA, Nº 4100;São Paulo;SP;4538132;mayhara.chaves@rumolog.com;adesao_ao_decreto_1563_1144;1504-0625;06/18/2035 16:36:15.295731
BRASIL;MOTZ TRANSPORTES LTDA;3,58256E+13;R MANUEL DA NOBREGA, 986;São Paulo;SP;4001003;TRIBUTARIO@MOTZ.COM.BR;adesao_ao_decreto_1563_1145;1533-0326;03/04/2036 17:57:37.626144
BRASIL;WIKILOG - TRANSPORTE, LOGISTICA E ARMAZENAMENTO LTDA;1,41467E+13;RUA JOSE MARIANO FILHO;São Paulo;SP;4347180;atendimento@vncontabil.com.br;adesao_ao_decreto_1563_1146;1529-0226;02/24/2036 14:09:25.877885
BRASIL;SGALVÃO LOGÍSTICA E TRANSPORTES LTDA;2,09451E+13;Avenida Marginal João Olézio Marques, nº 3563, sala 239-B ;Sertãozinho;SP;14176003;controladoria@gruposgalvao.com.br;adesao_ao_decreto_1563_1147;1481-0325;03/25/2035 13:24:00.318412
BRASIL;Eduardo T. Bernardo Transportes - Me;9,17466E+12;Rua André Rodrigues Cara, nº 5452 - Ipanema do Meio;Sorocaba;SP;18052591;contato@etgtransportes.com.br;adesao_ao_decreto_1563_1148;0607-0214;02/04/2024 00:00:00.000000
BRASIL;Hebrom Transportes E Logística Ltda - Me;2,66359E+13;Rua José Tótora, nº 418, sala 1 - Central Parque;Sorocaba;SP;18051005;klebia@cialogsolucoes.com.br;adesao_ao_decreto_1563_1149;0923-0818;08/21/2028 00:00:00.000000
BRASIL;Gálatas Express Eireli - Epp;2,64742E+13;Rua José Tótora, nº 418, sala 3 - Central Parque;Sorocaba;SP;18051005;FISCAL.FERRAZCON@HOTMAIL.COM;adesao_ao_decreto_1563_1150;0922-0818;08/21/2028 00:00:00.000000
BRASIL;Givova Transportes E Logística Eireli;3,61139E+13;RUA FERNADES VIEIRA Nº 142 - SALA 1 - VILA BARÃO;Sorocaba;SP;18060660;FINANCEIRO@GIVOVATRANSPORTES.COM.BR;adesao_ao_decreto_1563_1151;1156-0421;04/26/2031 00:00:00.000000
BRASIL;Bona Log Logística E Transporte Eireli;2,82011E+13;ALAMEDA CIESP, Nº 240 - CENTRO EMPRESARIAL;Sorocaba;SP;18086404;caio.reis@bonalog.com.br;adesao_ao_decreto_1563_1152;1252-0522;05/11/2032 00:00:00.000000
BRASIL;Carbolog Ltda;3,98309E+13;AV DOUTOR ANTÔNIO DE SOUZA NETTO, Nº 362, SL D - APARECIDINHA;Sorocaba;SP;18087210;b.yung@grupounimetal.com.br;adesao_ao_decreto_1563_1153;1194-1021;10/08/2031 00:00:00.000000
BRASIL;Jetta Transportes E Logística Ltda;1,53875E+13;AV. PEDRO PASCOAL DOS SANTOS, Nº 410, BLOCO 03, GALPÃO 02 - RESIDENCIAL PARQUE SUMARÉ;Sumaré;SP;13178561;jetta@jettatransportes.com.br;adesao_ao_decreto_1563_1154;1280-0822;08/18/2032 00:00:00.000000
BRASIL;Swift Log Logística Ltda;1,03917E+13;ESTM Mineko Ito, s/n, galpão 1, Log Business Park;Sumaré;SP;13178540;ivan.vieira@swiftlog.com.br;adesao_ao_decreto_1563_1155;0691-0715;07/29/2025 00:00:00.000000
BRASIL;Lsl Transportes Ltda;4,54859E+12;Estrada Municipal Valêncio Calegari, nº 777 - Avenida Interna, nº 6, Prédios 7E e 7F - Nova Veneza;Sumaré;SP;13181585;fiscal1@empresainteligente.com.br;adesao_ao_decreto_1563_1156;0744-0316;03/08/2026 00:00:00.000000
BRASIL;Suzan Service Transportes Ltda;5,38868E+13;Rua Baruel, nº 55 - Fundos - Vila Costa;Suzano;SP;8675000;maurilio@suzanservice.com.br;adesao_ao_decreto_1563_1157;0228-0107;10/19/2026 00:00:00.000000
BRASIL;Suzanlog Logística Ltda;9,18737E+12;Rua José Sanches Marin, nº 700 - Vila Colorado;Suzano;SP;8616770;edgar@suzanlog.com.br;adesao_ao_decreto_1563_1158;0884-0218;02/05/2028 00:00:00.000000
BRASIL;Cragea - Companhia Regional De Armazéns Gerais E Entrepostos Aduaneiros;4,44114E+13;Rodovia Índio Tibiriçá, 12000 Km 58 - Bairro de Palmeiras;Suzano;SP;8635170;arthur.kiyotani@cragea.com.br;adesao_ao_decreto_1563_1159;0229-0107;01/18/2017 00:00:00.000000
BRASIL;Irapuru Transportes Ltda;8,86683E+13;Estrada de São Francisco, nº 460 - Jardim Maria Rosa;Taboão da Serra;SP;6775460;celson@irapuru.com.br;adesao_ao_decreto_1563_1160;0029-0305;07/08/2025 00:00:00.000000
BRASIL;Eadi Taubaté Ltda;3,78177E+12;Avenida Roberto Bertoletti, nº 1001 - Chácara Flórida;Taubaté;SP;12042045;juridico@lachmann.com.br;adesao_ao_decreto_1563_1161;0895-0418;04/04/2028 00:00:00.000000
BRASIL;Bracex Global Logística Ltda;1,17349E+13;Rua Duque de Caxias, nº 169, aptº 24 - Centro;Taubaté;SP;12020050;d.maragno@bracex.com.br;adesao_ao_decreto_1563_1162;0669-0415;04/13/2025 00:00:00.000000
BRASIL;Al&X Transporte E Logística Ltda - Epp;2,16573E+13;Rua do Belém, nº 108 - Centro;Taubaté;SP;12010790;brtoper@gmail.com;adesao_ao_decreto_1563_1163;0681-0615;06/10/2025 00:00:00.000000
BRASIL;Vento International Transportes Nacionais E Internacionais Ltda;1,82961E+13;RODOVIA VISCONDE DE PORTO SEGURO Nº 2760 BLOCO 1 3º PISO SALA A -  SÍTIO RECREIO DOS CAFEZAIS;Valinhos;SP;13278327;marco.junior@ventointernational.com.br;adesao_ao_decreto_1563_1164;1348-0523;05/03/2033 00:00:00.000000
BRASIL;Vento Logística E Transportes Ltda;3,15322E+13;Rod. Visconde de Porto Seguro, 2760, bloco 01, sala c, piso 3 -  Sítio Recreio dos Cafezais;Valinhos;SP;13278327;cesar@ventologistica;adesao_ao_decreto_1563_1165;0981-0519;05/03/2029 00:00:00.000000
BRASIL;AERORAFA TRANSPORTES LTDA ;1,73891E+12;AV. DOS ESTADOS, 904;Valinhos;SP;13274260;AERORAFATRANSPORTES@GMAIL.COM;adesao_ao_decreto_1563_1166;1492-0425;04/25/2035 19:27:17.851808
BRASIL;Wt Amazonia Logística Ltda;2,50095E+13;RUA CRISTOVAM DE VITA Nº 260 GP 16, 17 E 18 - PARTE 3 - BAIRRO DAS PEDRAS;Vargem Grande Paulista;SP;6730000;regulatorio@caefsp.com.br;adesao_ao_decreto_1563_1167;1456-1124;11/27/2034 00:00:00.000000
BRASIL;Wt Log Ltda;4,3739E+13;RUA ALFREDO ACHCAR, Nº 985, LOTE 6 QUADRA UNIC - NOVA VINHEDO;Vinhedo;SP;13284072;gustavoskiadv@outlook.com;adesao_ao_decreto_1563_1168;1234-0322;03/21/2032 00:00:00.000000
BRASIL;Konig Do Brasil Carga Internacional Ltda;5,75985E+13;Av. Independencia (Jardim São Matheus) nº 7051 - Galpão 02 - Santa Claudina;Vinhedo;SP;13284400;guerra@konig.com.br;adesao_ao_decreto_1563_1169;0172-0206;03/28/2032 00:00:00.000000
BRASIL;Joelma Patricia Candeo;4,65879E+13;RUA ELVIRA PIZZATTO FERREIRA Nº 11 - ANDAR 2 - SALA 3 - CENTRO;Araucária;PR;83702205;consultoria.ttupi@gmail.com;adesao_ao_decreto_1563_1170;1365-0823;08/11/2033 00:00:00.000000
BRASIL;Joelma Patricia Candeo;4,65879E+13;RUA ELVIRA PIZZATTO FERREIRA Nº 11 - ANDAR 2 - SALA 3 - CENTRO;Araucária;PR;83702205;joelma-1980@hotmail.com;adesao_ao_decreto_1563_1171;1365-0823;08/11/2033 00:00:00.000000
BRASIL;Mal Transportes Rodoviários De Cargas Ltda;3,09639E+12;RODOVIA BR - 476 - Nº 3105 - TINDIQUERA;Araucária;PR;83708335;MILTONLINDNER@MALTRANSPORTE.COM.BR;adesao_ao_decreto_1563_1172;1350-0523;05/09/2033 00:00:00.000000
BRASIL;Rodo Mar Veiculos E Máquinas Ltda;8,49364E+13;Av. Archelau de Almeida Torres, nº 197, 1º andar - conj. 3 - Bairro: Centro;Araucária;PR;83702185;rodomar@rodomar.com.br;adesao_ao_decreto_1563_1173;0223-0107;01/18/2017 00:00:00.000000
BRASIL;Transportes Rodoviários Vale Do Piquiri Ltda;7,63022E+13;AVENIDA MARGINAL DOUTOR EZUEL PORTES Nº 3399 - QD. 0391 - LOTE ABR2 - ÁREA RURAL DE CASCAVEL;Cascavel;PR;85820899;FISCAL.TRANSVALE@TRANSVALE.COM.BR;adesao_ao_decreto_1563_1174;1099-0720;07/31/2030 00:00:00.000000
BRASIL;Trugghub Desenvolvimento Em Transporte De Carga Ltda;3,55068E+13;R IMACULADA CONCEICAO, Nº 1430 - PRADO VELHO;Curitiba;PR;80215182;daniel@trugghub.com;adesao_ao_decreto_1563_1175;1254-0522;05/18/2032 00:00:00.000000
BRASIL;Transmarine Soluções Logisticas Ltda;3,15907E+13;RUA GENERAL MARIO TOURINHO, Nº 1805, SALA 1406 - SEMINARIO;Curitiba;PR;80740000;operacional@transmarine.com.br;adesao_ao_decreto_1563_1176;1172-0621;06/22/2031 00:00:00.000000
BRASIL;Sws Logística - S/S - Epp;7,99675E+12;Avenida Presidente Affonso Camargo, nº 2125, sala B - Cristo Rei;Curitiba;PR;80050370;rodrigo@seawards.com.br;adesao_ao_decreto_1563_1177;0682-0615;06/10/2025 00:00:00.000000
BRASIL;Rumo S.A. (Antiga All);2,38724E+12;RUA EMÍLIO BERTOLINI, Nº 100, SALA 01, CAJURU - VILA OFICINAS;Curitiba;PR;82920030;camille.viana@rumolog.com;adesao_ao_decreto_1563_1178;0121-0905;10/17/2026 00:00:00.000000
BRASIL;Rio Transportes Comércio E Locação De Automóveis Eireli Me;7,77583E+12;TRAVESSA SANTA INÊS, 40 - BACACHERI;Curitiba;PR;82515220;danibcaron;adesao_ao_decreto_1563_1179;0877-1217;12/21/2027 00:00:00.000000
BRASIL;Ritmo Logística S.A.;1,2899E+13;Rua João Kalinowski nº 170 - CIC;Curitiba;PR;81350250;tributos@ritmolog.com.br;adesao_ao_decreto_1563_1180;0723-1115;11/04/2025 00:00:00.000000
BRASIL;Paraná Soluções Logísticas E Transportes Ltda;3,02084E+12;Rua Antônio Claudino, nº 215 - Pinheirinho;Curitiba;PR;81870020;ASSISTENTEDIRETORIA@PARANATRANSPORTES.COM.BR;adesao_ao_decreto_1563_1181;0657-1214;12/23/2024 00:00:00.000000
BRASIL;Pinho Ltda;7,96081E+13;Rua General Carneiro,  nº 1.031 - Centro;Curitiba;PR;80060150;juridico@pinho.com.br;adesao_ao_decreto_1563_1182;0120-0905;04/18/2033 00:00:00.000000
BRASIL;Mslog Transportes E Logística Ltda;2,49497E+13;RUA JOÃO NEGRÃO Nº 162 - CONJ. 42 - 5º ANDAR - CENTRO;Curitiba;PR;80010200;OPERACIONAL@MSLOGTRANSPORTES.COM.BR;adesao_ao_decreto_1563_1183;1064-0320;03/18/2030 00:00:00.000000
BRASIL;Lozenge Log Logística E Participações Ltda;1,67337E+13;Rua Visconde do Rio Branco, nº 1630 - 1º andar - Centro;Curitiba;PR;80420210;fabianob@lozengeintl.com;adesao_ao_decreto_1563_1184;0578-0913;09/10/2023 00:00:00.000000
BRASIL;Login Transportes Nacionais E Internacionais Ltda;7,06711E+12;RUA PASTEUR, 463 - SALA 302 BAIRRO ÁGUA VERDE;Curitiba;PR;80250080;LSANTOS@LOGIN-INT.COM;adesao_ao_decreto_1563_1185;0596-1213;12/16/2023 00:00:00.000000
BRASIL;Loger Navegação Comércio E Operação De Plataformas De Logística Multimodal Ltda;1,44472E+13;RUA MÉXICO, Nº 1211 - BAIRRO BACACHERI;Curitiba;PR;82520190;marcelo@logernavegacao.com.br;adesao_ao_decreto_1563_1186;0523-1012;10/04/2022 00:00:00.000000
BRASIL;Gbr Transportes Ltda;4,66996E+13;RUA NILO PEÇANHA Nº 37 - SÃO FRANCISCO;Curitiba;PR;80520000;gustavoskiadv@outlook.com;adesao_ao_decreto_1563_1187;1291-0922;09/15/2032 00:00:00.000000
BRASIL;Gmi Transportes Internacionais Ltda;1,32793E+13;Rua Dr. Abel Walter Brunnquell, nº 425, Bairro Pinheirinho;Curitiba;PR;81870270;luiz.c@gimovers.com.br;adesao_ao_decreto_1563_1188;1328-0223;02/13/2033 00:00:00.000000
BRASIL;Atlântico Logística Multimodal Ltda;1,86422E+13;RUA ÉBANO PEREIRA Nº 476 - SÃO FRANCISCO;Curitiba;PR;80410240;celso@atlanticomultimodal.com.br;adesao_ao_decreto_1563_1189;0589-1013;10/24/2023 00:00:00.000000
BRASIL;BRADO LOGISTICA S.A.;3,30793E+12;Rua Emílio Bertolini, 100, Bloco B;Curitiba;PR;82920030;henrique@brado.com.br;adesao_ao_decreto_1563_1190;0382-0510;11/06/2035 17:52:04.073836
BRASIL;BRADO LOGISTICA S.A.;3,30793E+12;Rua Emílio Bertolini, 100, Bloco B;Curitiba;PR;82920030;fiscal@brado.com.br;adesao_ao_decreto_1563_1191;0382-0510;11/06/2035 17:52:04.073836
BRASIL;Cargolift Logística S/A;8,22707E+13;RUA ARTHUR MARTINS FRANCO, 880 - CIC;Curitiba;PR;81350100;vicente@cargolift.com.br;adesao_ao_decreto_1563_1192;0507-0812;08/30/2022 00:00:00.000000
BRASIL;Cargo Logistics Do Brasil - Logística Internacional De Cargas Ltda;5,59619E+12;Avenida Nossa Senhora Aparecida, 381 sala 13 - Seminário;Curitiba;PR;80440000;cargologistics@cargologistics.com.br;adesao_ao_decreto_1563_1193;0173-0206;02/23/2016 00:00:00.000000
BRASIL;Clemente Transportes Ltda - Me;2,29381E+13;Rua Presidente Pádua Fleury, nº 1309, sala 4 - Hauer;Curitiba;PR;81630240;contato@lelotransportes.com;adesao_ao_decreto_1563_1194;0948-1018;10/19/2028 00:00:00.000000
BRASIL;Connect Linhas Aéreas S/A;2,08841E+13;Rua Heitor Stockler de França, nº 396 - conjunto 1708 - Centro Cívico;Curitiba;PR;80030030;f.santos@connect-cargo.com;adesao_ao_decreto_1563_1195;0887-0218;02/09/2028 00:00:00.000000
BRASIL;Vt Logistics Solutions Ltda;4,14329E+13;Rua Heitor Stockler de França, n.º 396, Conjunto 1004, Andar 10, Cond. Neo Super Quadra Ed Bloco Neo Super Quadra Torre - Centro Cívico;Curitiba;PR;80030030;herminioantunes@uol.com.br;adesao_ao_decreto_1563_1196;1327-0223;02/06/2033 00:00:00.000000
BRASIL;Volvo Do Brasil Veículos Ltda;4,39994E+13;Avenida Juscelino Kubitscheck de Oliveira, nº 2600 – CIC;Curitiba;PR;81260900;carlos.morassutti@volvo.com;adesao_ao_decreto_1563_1197;0238-0507;05/08/2017 00:00:00.000000
BRASIL;Volvo Do Brasil Veículos Ltda;4,39994E+13;Avenida Juscelino Kubitscheck de Oliveira, nº 2600 – CIC;Curitiba;PR;81260900; monica.beckert@volvo.com;adesao_ao_decreto_1563_1198;0238-0507;05/08/2017 00:00:00.000000
BRASIL;RUMO MALHA SUL S.A.;1,25894E+12;Rua Emílio Bertolini, nº 100;Curitiba;PR;82920030;ticiano.bragatto@rumolog.com;adesao_ao_decreto_1563_1199;1494-0525;05/06/2035 17:24:06.546115
BRASIL;RUMO MALHA SUL S.A.;1,25894E+12;Rua Emílio Bertolini, nº 100;Curitiba;PR;82920030;luis.gomes@rumolog.com;adesao_ao_decreto_1563_1200;1494-0525;05/06/2035 17:24:06.546115
BRASIL;RUMO MALHA SUL S.A.;1,25894E+12;Rua Emílio Bertolini, nº 100;Curitiba;PR;82920030;camila.elen@rumolog.com;adesao_ao_decreto_1563_1201;1494-0525;05/06/2035 17:24:06.546115
BRASIL;Binacional Assessoria De Comércio Exterior E Logística Ltda;6,182E+12;Avenida Olimpio Rafagnin, nº 5225;Foz do Iguaçu;PR;85862210;adm@binacional.com.br;adesao_ao_decreto_1563_1202;0759-0616;07/17/2036 17:29:04.612181
BRASIL;Binacional Assessoria De Comércio Exterior E Logística Ltda;6,182E+12;Avenida Olimpio Rafagnin, nº 5225;Foz do Iguaçu;PR;85862210;habilitacaoantt@binacional.com.br;adesao_ao_decreto_1563_1203;0759-0616;07/17/2036 17:29:04.612181
BRASIL;ANTONIO MUNHAK & CIA LTDA;5,4411E+12;Rodovia BR 277, Km 721, nº 9748;Foz do Iguaçu;PR;85859688;toninho@munhaklog.com.br;adesao_ao_decreto_1563_1204;0742-0216;07/13/2036 20:09:06.320932
BRASIL;Transportadora Binacional Ltda;7,79454E+13;Avenida Olimpio Rafagnin, nº 5225, sala 1;Foz do Iguaçu;PR;85862210;adm@binacional.com.br;adesao_ao_decreto_1563_1205;0195-0706;07/15/2036 18:27:06.990082
BRASIL;Transportadora Binacional Ltda;7,79454E+13;Avenida Olimpio Rafagnin, nº 5225, sala 1;Foz do Iguaçu;PR;85862210;habilitacaoantt@binacional.com.br;adesao_ao_decreto_1563_1206;0195-0706;07/15/2036 18:27:06.990082
BRASIL;Transportadora Meztra Ltda;8,23556E+13;Avenida Moacir Júlio Silvestri, nº 2145, Térreo - Jardim Pinheirinho;Guarapuava;PR;85015370;meztra@globo.com;adesao_ao_decreto_1563_1207;0604-0114;01/24/2024 00:00:00.000000
BRASIL;Sotran S/A -  Logística E Transporte;3,28689E+12;RUA JOÃO WYCLIF, Nº 111,  SALA 2301 A 2304,  23º ANDAR,  ED. CENTRO EMPRESARIAL JARDIM SUL - GLEBA FAZENDA PALHANO;Londrina;PR;86050450;contabil@sotran.com.br;adesao_ao_decreto_1563_1208;0413-0910;10/15/2031 00:00:00.000000
BRASIL;Tindiana Logística E Transportes Ltda;5,08965E+12;RUA WALTER PEREIRA, 365 - PARQUE INDUSTRIAL CACIQUE;Londrina;PR;86072400;eliane@indianatransportes.com.br;adesao_ao_decreto_1563_1209;1044-1012;12/10/2029 00:00:00.000000
BRASIL;Rodoviário Matsuda Ltda;3,83733E+12;Rodovia PR 317, KM 02, Lote 326/339-A – Sala 01 – Gleba Patr. Maringá;Maringá;PR;87065000;lazaro@rodomatsuda.com.br;adesao_ao_decreto_1563_1210;0323-0209;02/02/2019 00:00:00.000000
BRASIL;Transportadora Matsuda Ltda;7,91398E+13;ROD. PR 317 KM 2 LOTE 341;Maringá;PR;87065000;dionemrios@uol.com.br;adesao_ao_decreto_1563_1211;0618-0514;05/23/2024 00:00:00.000000
BRASIL;Ottho Viagens E Turismo;1,21919E+13;AV. REBOUÇAS Nº 61I B - BAIRRO - ZONA 10;Maringá;PR;7030410;lutur54@hotmail.com;adesao_ao_decreto_1563_1212;1117-1020;10/05/2030 00:00:00.000000
BRASIL;G10  Transportes Ltda;7,56916E+12;RODOVIA PR 317, 4652 - Bloco 04 - Parque Industrial 200;Maringá;PR;87035510;qualidade@g10transportes.com.br;adesao_ao_decreto_1563_1213;0384-0610;11/20/2030 00:00:00.000000
BRASIL;International Shipping Do Brasil Ltda;1,81513E+13;Av. Gabriel de Lara, n° 733 - sala 01;Paranaguá;PR;83203550;atendimento@isb.srv.br;adesao_ao_decreto_1563_1214;0662-0215;02/03/2025 00:00:00.000000
BRASIL;Rocha Terminais Portuários E Logística S.A.;8,17161E+13;RUA JOÃO EUGÊNIO, Nº 922 - CENTRO;Paranaguá;PR;83203400;gdoc@ruthes.srv.br;adesao_ao_decreto_1563_1215;0030-0305;03/21/2035 18:25:55.399085
BRASIL;Martini Meat S/A Armazens Gerais;7,52948E+13;Rod. BR 277, s/nº, Km 6 - Colônia Santa Rita;Paranaguá;PR;83203540;fiscal@martinimeat.com.br;adesao_ao_decreto_1563_1216;0472-0112;02/07/2032 00:00:00.000000
BRASIL;Jorge Manchur & Cia Ltda;7,70246E+13;RUA CONSELHEIRO ZACARIAS Nº 640 - CENTRO;Pitanga;PR;85200000;FINANCEIRO@TRANSPORTESMANCHUR.COM.BR;adesao_ao_decreto_1563_1217;1309-1122;11/01/2032 00:00:00.000000
BRASIL;Jblog Transporte Rodoviário De Cargas Eireli;1,83757E+13;Rua Imperatriz Leopoldina, nº 321 - Cidade Balneária Atlântica;Pontal do Paraná;PR;83255000;luiz@rodonery.com.br;adesao_ao_decreto_1563_1218;0898-0418;04/05/2028 00:00:00.000000
BRASIL;Expresso Adorno Ltda;7,94586E+13;Rodovia Contorno  Leste, BR 116, nº 9119 - Costeira;São José dos Pinhais;PR;83015162;anderson@contabilidadeamorim.com.br;adesao_ao_decreto_1563_1219;0316-1108;07/31/2034 00:00:00.000000
BRASIL;Eagle Cargo Transportes E Logística Ltda - Epp;8,80858E+12;Rua Pedro Trevisan, nº 476 - Colônia Rio Grande;São José dos Pinhais;PR;83025580;julio.campos@eaglecargo.com.br;adesao_ao_decreto_1563_1220;0926-0818;08/23/2028 00:00:00.000000
BRASIL;Eagle Soluções Logísticas Ltda;2,89664E+13;RUA PEDRO TREVISAN, Nº 476, SALA 01 - COLONIA RIO GRANDE;São José dos Pinhais;PR;83025580;gustavokiadv@outlook.com;adesao_ao_decreto_1563_1221;1201-1121;11/05/2031 00:00:00.000000
BRASIL;Anjun Brasil Logística Inteligente Ltda;1,73014E+12;AVENIDA RUI BARBOSA, Nº 2529, GALPÃO 14 - IPÊ;São José dos Pinhais;PR;83055320;bruno@anjunbrasil.com.br;adesao_ao_decreto_1563_1222;1287-0922;09/02/2032 00:00:00.000000
BRASIL;Agetran - Transportes De Cargas S/A;7,64167E+13;Rua Maceiro, nº 366 - Jardim Aeroporto;São José dos Pinhais;PR;83200000;martini@pinho.com.br;adesao_ao_decreto_1563_1223;0113-0805;08/19/2015 00:00:00.000000
BRASIL;Bbm Logística S.A.;1,10733E+12;Alameda Bom Pastor, nº 2216 - Barro Preto;São José dos Pinhais;PR;83015810;bbm@bbmlogistica.com.br;adesao_ao_decreto_1563_1224;0303-0908;10/24/2028 00:00:00.000000
BRASIL;Catlog Logística De Transportes S/A;2,09681E+12;Av. Renault, 1300;São José dos Pinhais;PR;83075000;adauri.munhoz@groupecat.com;adesao_ao_decreto_1563_1225;0050-0405;04/29/2015 00:00:00.000000
BRASIL;Catlog Logística De Transportes S/A;2,09681E+12;Av. Renault, 1300;São José dos Pinhais;PR;83075000; gennaro.oddone@groupecat.com;adesao_ao_decreto_1563_1226;0050-0405;04/29/2015 00:00:00.000000
BRASIL;Loga Logística E Transportes Ltda;8,05833E+13;Rua Alexandre Zanchetta, nº 131 - Bairro Campina;São José dos Pinhais;PR;83015148;a.cattalini@logalogistica.com.br;adesao_ao_decreto_1563_1227;0768-0616;06/22/2026 00:00:00.000000
BRASIL;Tlog Transportes Ltda;1,12278E+13;RUA DR. MURICI, 3400 - COLONIA MURICI;São José dos Pinhais;PR;83085310;fiscal1@grupotlog.com.br;adesao_ao_decreto_1563_1228;1180-0721;07/09/2031 00:00:00.000000
BRASIL;Stocktrans Logistica E Transportes - Eireli;1,79324E+13;R. JOAQUIM ALVES FONTES, 2058 - COLONIA MURICI;São José dos Pinhais;PR;83085500;MAIKON.MEIRA@GRUPOTGSLOG.COM.BR;adesao_ao_decreto_1563_1229;1046-1219;12/11/2029 00:00:00.000000
BRASIL;Vrb Log Transportes Ltda;2,73513E+13;AV. DAS TORRES  Nº 4868 - BAIRRO - SÃO PEDRO;São José dos Pinhais;PR;88005450;everton.rodrigues@vbrlog.com.br;adesao_ao_decreto_1563_1230;1039-1119;11/22/2029 00:00:00.000000
BRASIL;Vrb Transportes Eireli;2,3788E+13;RUA SOLDADO FRANCISCO PEREIRA DOS SANTOS nº 120 - BAIRRO - CRUZEIRO;São José dos Pinhais;PR;83010470;guilherme.cordeiro@vrblog.com.br;adesao_ao_decreto_1563_1231;1040-1119;11/22/2029 00:00:00.000000
BRASIL;Vale Do Tibagi Transportes E Logística Ltda;7,57033E+13;Rodovia PR - 160, Km 224, Parque Limeira Área VII;Telêmaco Borba;PR;84269090;herminioantunes@uol.com.br;adesao_ao_decreto_1563_1232;1317-1222;12/22/2032 00:00:00.000000
BRASIL;David Representações Comerciais Ltda;3,14428E+13;Estrada Velha de Joinville, 8888 - Rio de Uma;Tijucas do Sul;PR;83190000;davidlessa@icloud.com;adesao_ao_decreto_1563_1233;1247-0522;05/05/2032 00:00:00.000000
BRASIL;Bayer Logística Ltda;2,12122E+13;RUA 1.822, Nº 400 - SALA 1.603,  EDIF. CIAPLAN EMPRESARIAL - CENTRO;Balneário Camboriú;SC;88330484;ADAMO.BAYER@BAXLOG.COM.BR;adesao_ao_decreto_1563_1234;0656-1214;12/23/2024 00:00:00.000000
BRASIL;Vmlog Logística Internacional Ltda;7,65844E+12;Rua 1500, 384 - Centro;Balneário Camboriú;SC;88330524;iara@vmlog.com.br;adesao_ao_decreto_1563_1235;0259-1007;10/04/2017 00:00:00.000000
BRASIL;Akamai Soluções Logisticas E Importação Ltda;2,51962E+13;RUA LEANDRO DELCASTANHER RODRIGUES, 432 - SALA 02  - ITAJUBA;Barra Velha;SC;88390000;aislan.sassi@akamaisl.com.br;adesao_ao_decreto_1563_1236;1381-0923;09/26/2033 00:00:00.000000
BRASIL;Transben Transportes Ltda.;3,52355E+12;Avenida Primeiro de Maio, nº 900, Galpão A - Primeiro de Maio;Brusque;SC;88353202;contabil@transben.com.br;adesao_ao_decreto_1563_1237;1392-1223;12/08/2033 00:00:00.000000
BRASIL;Transportes Ari Ltda;8,51554E+13;RUA MAX BECKER, Nº 480 - BAIRRO FRAGOSOS;Campo Alegre;SC;89294000;administrativo3@transportesari.com.br;adesao_ao_decreto_1563_1238;1243-0422;04/26/2032 00:00:00.000000
BRASIL;Mendes & Koch Ltda;7,40061E+13;RUA ANTONIO LUIZ BITTENCOURT, 339, SALA 02 - BAIRRO -  ALVORADA;Capivari de Baixo;SC;84745000;norberto@jnmk.com.br;adesao_ao_decreto_1563_1239;1019-0919;09/23/2029 00:00:00.000000
BRASIL;Coopercarga S/A;8,18008E+13;RUA MARECHAL DEODORO N.º 36 - BAIRRO CENTRO;Concórdia;SC;89700904;internacional@abti.org.br;adesao_ao_decreto_1563_1240;1259-0522;05/24/2032 00:00:00.000000
BRASIL;Cargo Brasil Ltda;3,36252E+12;RODOVIA EMILIO MANKE JR, 715, SALA 01 - BEIRA RIO;Guaramirim;SC;89270000;controladoria.mtz@cargobrasil.com;adesao_ao_decreto_1563_1241;1030-1019;03/14/2033 00:00:00.000000
BRASIL;Transreis - Transportes E Operador Logístico Ltda;3,11288E+13;RUA HERCÍLIO JOSÉ FERNANDES, 128 ,  BAIRRO BARRACÃO;Içara;SC;88820000;contabilidade3@eskimo.com.br;adesao_ao_decreto_1563_1242;1408-0224;02/21/2034 00:00:00.000000
BRASIL;Terminal Intermodal Sul S.A.;1,96753E+13;Rod. Lino Zanolli, nº 4055, sala  01 - Bairro Aurora;Içara;SC;88820000;acacio.braga@otimizacont.com.br;adesao_ao_decreto_1563_1243;0655-1214;12/23/2024 00:00:00.000000
BRASIL;Sul Norte Logística Ltda;8,0475E+13;Avenida Marieta Konder Bornhausen, nº 2901 - Nova Brasília;Imbituba;SC;88780000;rubia@sulnortelogistica.com.br;adesao_ao_decreto_1563_1244;0957-1218;12/10/2028 00:00:00.000000
BRASIL;Smx Logistics Transporte Multimodal Ltda;5,0188E+13;Rua Fritz Schneider, nº 7, Andar 1 e 2,  Sala B - Fazenda;Itajaí;SC;88301668;nadio.nunes@safftransportes.com.br;adesao_ao_decreto_1563_1245;1352-0523;05/30/2033 00:00:00.000000
BRASIL;Taglog Serviços Logísticos Ltda;1,06358E+13;Rua César Augusto Dalçoquio, nº 4255 - Galpão A e B - Salseiros;Itajaí;SC;88311500;arlindo.alves@taglog.com.br;adesao_ao_decreto_1563_1246;0873-1117;11/27/2027 00:00:00.000000
BRASIL;Rrs Serviços Auxiliares De Transportes Aéreo Eireli;2,83277E+13;Rua Uruguai, 122, sala 03, box 28 - Centro;Itajaí;SC;88302200;contato@gpcontabilidade.net;adesao_ao_decreto_1563_1247;0965-0119;01/15/2029 00:00:00.000000
BRASIL;Samba Logística E Transportes Internacionais Ltda;1,40443E+13;RUA MANOEL VIEIRA GARÇÃO Nº 120 - SALA 1002 - CENTRO;Itajaí;SC;88301425;FINANCEIRO01@SAMBALOGISTICS.COM;adesao_ao_decreto_1563_1248;1090-0720;07/10/2030 00:00:00.000000
BRASIL;Servicargo Transportes Rodoviários Ltda;1,83217E+12;Avenida Teporti, nº 101 - sala 02 - Cordeiros;Itajaí;SC;88311460;juniorpedroni@servicargo.com.br;adesao_ao_decreto_1563_1249;0773-0716;07/04/2026 00:00:00.000000
BRASIL;Uwl Do Brasil Operadora Multimodal Ltda;1,37535E+13;Rua Doutor  Pedro Ferreira nº 333 - Salas 1901 à 1907 - Edificio Absolute Busines - Centro;Itajaí;SC;88301030;APBRA@SHIPUWL.COM;adesao_ao_decreto_1563_1250;0998-0619;06/19/2029 00:00:00.000000
BRASIL;Unity Logística E Transportes Ltda;2,31049E+13;Rua Camboriú;Itajaí;SC;88301451;nirio@unicalog.com.br;adesao_ao_decreto_1563_1251;0729-1115;01/16/2036 16:34:56.861738
BRASIL;Unity Logística E Transportes Ltda;2,31049E+13;Rua Camboriú;Itajaí;SC;88301451;financeiro@unitylogistics.com.br;adesao_ao_decreto_1563_1252;0729-1115;01/16/2036 16:34:56.861738
BRASIL;Marcio Glei Gularte Farias;1,81642E+13;RUA HILDA BREITTENBAUCH, Nº 80 - VILA OPERARIA;Itajaí;SC;88303005;marcio.farias@atlglobalshipping.com;adesao_ao_decreto_1563_1253;0565-0713;07/17/2023 00:00:00.000000
BRASIL;Multilog Armazéns Gerais E Logística S/A;1,11011E+13;Rodovia Deputado Antonio Heil, nº 429 - sala 20 - Bairro Itaipava;Itajaí;SC;88316701;armindo.leiva@multilog.com.br;adesao_ao_decreto_1563_1254;0431-0311;03/28/2021 00:00:00.000000
BRASIL;Multilog S/A;7,86142E+13;Rodovia Deputado Antonio Heil, nº 4999 - Bairro Itaipava;Itajaí;SC;88316003;marcelo.muller@multilog.com.br;adesao_ao_decreto_1563_1255;0083-0605;09/08/2025 00:00:00.000000
BRASIL;Logic Pharma Logística E Armazéns Gerais  Ltda;2,13724E+13;Rodovia Antonio Heil,  Nº 1.001, Km 01, Galpão 11 - Itaipava;Itajaí;SC;88316001;thiago.borlenghi@ibllogistica.com.br;adesao_ao_decreto_1563_1256;1031-1019;10/25/2029 00:00:00.000000
BRASIL;Lions Logistica Internacional E Agenciamento De Cargas Ltda;1,94931E+13;Rua Indaial, nº 424 - sala 06 - Dom Bosco;Itajaí;SC;88303300;leandro@lionslogistics.com.br;adesao_ao_decreto_1563_1257;0890-0218;02/26/2028 00:00:00.000000
BRASIL;Otmex Brasil Transporte Multimodal Ltda;2,95842E+13;Rua Bertolino Serpa, 501, sala 07, galpão 01 - Bairro Salseiros;Itajaí;SC;88311547;vanessa.provesi@auditar.com.br;adesao_ao_decreto_1563_1258;1080-0520;05/15/2030 00:00:00.000000
BRASIL;Orsi Logística Ltda;1,38727E+13;RUA DOUTOR REINALDO SCHMITHAUSEN, Nº  407, SALA E - CORDEIROS;Itajaí;SC;88310000;contato@ollogistica.com.br;adesao_ao_decreto_1563_1259;1356-0623;06/26/2033 00:00:00.000000
BRASIL;Platinum Log Armazéns Gerais Ltda;1,26805E+13;Rua Cesar Augusto Dalçoquio, nº 5001, galpão 3, Salseiros;Itajaí;SC;88311500;gustavo@terminaispl.com.br;adesao_ao_decreto_1563_1260;0924-0818;08/21/2028 00:00:00.000000
BRASIL;Phs Transportes Ltda;4,33121E+13;Rua Izaura Dalago, nº 29, Vila Operária;Itajaí;SC;88304110;phslog@outlook.com;adesao_ao_decreto_1563_1261;1399-0124;01/16/2034 00:00:00.000000
BRASIL;Nelson Heusi Logística E Armazéns Gerais Ltda;9,21136E+12;RUA JOSÉ PEREIRA LIBERATO, Nº 1710, GALPÃO 06 - SÃO JOÃO;Itajaí;SC;88303401;seveiculos@seveiculos.etc.br;adesao_ao_decreto_1563_1262;1176-0621;06/25/2031 00:00:00.000000
BRASIL;BRP LOGÍSTICA LTDA;1,83544E+13;DOUTOR PEDRO FERREIRA, NÚMERO 155;Itajaí;SC;88301410;brpartners@brpartners.net;adesao_ao_decreto_1563_1263;0658-1214;08/14/2035 18:37:39.643221
BRASIL;BRP LOGÍSTICA LTDA;1,83544E+13;DOUTOR PEDRO FERREIRA, NÚMERO 155;Itajaí;SC;88301410;jonas.pelegrini@brplog.com;adesao_ao_decreto_1563_1264;0658-1214;08/14/2035 18:37:39.643221
BRASIL;Cronos Logística Ltda;3,00807E+13;RUA CAMBORIÚ Nº 26 - SALAS 402 E 403 - ED. VÉRTICE 4º ANDAR - CENTRO;Itajaí;SC;88301450;COMPLIANCE@CRONOSLOGISTICS.COM.BR;adesao_ao_decreto_1563_1265;1135-0121;01/12/2031 00:00:00.000000
BRASIL;Conexao Maritima - Servicos Logisticos S.A.;8,47331E+12;ROD, BR 101, KM 112 N°700 - BAIRRO - SALSEIRO;Itajaí;SC;88311600;flnanceiro@cmaritima.com.br;adesao_ao_decreto_1563_1266;1066-0320;03/20/2030 00:00:00.000000
BRASIL;Amtrans Logística E Transportes Internacionais Ltda;4,51794E+12;Avenida Ministro Victor Konder, nº 1030 - 2º andar - Fazenda;Itajaí;SC;88301701;s.silva@amtrans.com.br;adesao_ao_decreto_1563_1267;0202-0906;04/10/2027 00:00:00.000000
BRASIL;B&M Logística Internacional Ltda;7,72031E+12;RUA JOÃO MELO, Nº 35 -  CENTRO;Itajaí;SC;88302004;alexandre@bmlog.com.br;adesao_ao_decreto_1563_1268;0612-0314;03/20/2024 00:00:00.000000
BRASIL;Dmx Logística Ltda;1,06517E+13;RUA BERTOLINO SERPA, Nº 250 - SALSEIROS;Itajaí;SC;88311547;contabilidade@dmxcargo.com;adesao_ao_decreto_1563_1269;1169-0621;06/18/2031 00:00:00.000000
BRASIL;Elo Soluções Logísticas Integradas Ltda;3,1627E+13;Rua Pedro Ferreira, nº 333, Salas 701, 702 e 703;Itajaí;SC;88301030;ricardo@elo.log.br;adesao_ao_decreto_1563_1270;1162-0521;05/26/2031 00:00:00.000000
BRASIL;Elo Soluções Logísticas Integradas Ltda;3,1627E+13;Rua Pedro Ferreira, nº 333, Salas 701, 702 e 703;Itajaí;SC;88301030;fiscal@elo.log.br;adesao_ao_decreto_1563_1271;1162-0521;05/26/2031 00:00:00.000000
BRASIL;Fad Transportes Ltda;4,36721E+13;AVENIDA VEREADOR ABRAHAO JOÃO FRANCISCO, Nº 2957 , BOX 14 - RESSACADA;Itajaí;SC;88307303;flaviovicini@hotmail.com;adesao_ao_decreto_1563_1272;1402-0124;01/26/2034 00:00:00.000000
BRASIL;Kai Do Brasil Navegação E Logística Ltda;5,12774E+13;Avenida Getúlio Vargas, 162 - Sala 01 - Box 01 e 02 - Vila Operária;Itajaí;SC;88303220;aislan.sassi@akamaisl.com.br;adesao_ao_decreto_1563_1273;1383-1023;10/31/2033 00:00:00.000000
BRASIL;Krg Logística Ltda;2,09767E+13;Avenida Ministro Victor Konder, nº 200, sala 101 B - Centro;Itajaí;SC;88301700;krg@krg-log.com.br;adesao_ao_decreto_1563_1274;0897-0418;04/04/2028 00:00:00.000000
BRASIL;Granson Transportes Multimodal Ltda;1,96142E+13;AVENIDA CORONEL MARCOS KONDER Nº 1207 - SALA 158 (G-157) - CENTRO;Itajaí;SC;88301902;adamo.bayer@grason.com.br;adesao_ao_decreto_1563_1275;0633-0814;08/04/2024 00:00:00.000000
BRASIL;Vs Transportes Ltda;9,42365E+12;AVENIDA MARIO URIARTE, Nº 805 - CORDEIROS;Itajaí;SC;88310697;thiago@vstransportes.com.br;adesao_ao_decreto_1563_1276;1447-1024;10/03/2034 00:00:00.000000
BRASIL;ILT TRANSPORTES LTDA;4,7009E+13;AV. CORONEL MARCOS KONDER Nº 1024 - SALA 103 A;Itajaí;SC;88301302;financeiro@grupoilt.com.br;adesao_ao_decreto_1563_1277;1486-0425;04/09/2035 20:38:42.248326
BRASIL;AYA GLOBAL AGENCIAMENTOS LTDA;3,67714E+13;Rua Egon Muller, nº 107, Lote 042, Sala 05 e 16B;Itajaí;SC;88307322;LEONARDO@AYAGLOBAL.COM.BR;adesao_ao_decreto_1563_1278;1531-0226;02/26/2036 17:01:57.656029
BRASIL;AYA GLOBAL AGENCIAMENTOS LTDA;3,67714E+13;Rua Egon Muller, nº 107, Lote 042, Sala 05 e 16B;Itajaí;SC;88307322;JF@AYAGLOBAL.COM.BR;adesao_ao_decreto_1563_1279;1531-0226;02/26/2036 17:01:57.656029
BRASIL;SEA EXPRESS LOGÍSTICA LTDA;8,69834E+12;Avenida Coronel Marcos Konder, 805, Sala 1005 e 1006;Itajaí;SC;88301303;marina@seaexpress.com.br;adesao_ao_decreto_1563_1280;1554-0826;08/31/2036 19:00:18.832196
BRASIL;MARCONE VIDAL SERVIÇOS DE LOGÍSTICA LTDA;2,54084E+13;Rua Dr Pedro Ferreira nº 333,;Itajaí;SC;88301030;marcone@conlinebr.com.br;adesao_ao_decreto_1563_1281;1506-0725;07/10/2035 12:02:49.988754
BRASIL;Vmg Transporte E Logistica Ltda.;1,47814E+13;Estrada 5000 Jose Alves Até 2350/2351 SN, Fundos estrada Vicinal;Itapoá;SC;89365080;CLEMIR.ALVES@ELITECARGAS.COM.BR;adesao_ao_decreto_1563_1282;1468-0225;02/10/2035 16:20:30.060052
BRASIL;Alves & Andrade Transportes Ltda;5,63857E+12;ESTRADA JOSE ALVES 77;Itapoá;SC;89249000;CLEMIR.ALVES@ELITECARGAS.COM;adesao_ao_decreto_1563_1283;1473-0225;02/18/2035 13:15:55.782470
BRASIL;Rmc Transportes E Agenciamento De Cargas Ltda;9,26523E+12;RUA HERBERTO SASSE, Nº 31 - ILHA DA FIGUEIRA;Jaraguá do Sul;SC;89258120;gerencia@rmccargo.com.br;adesao_ao_decreto_1563_1284;1239-0422;04/20/2032 00:00:00.000000
BRASIL;Luisa E Miguel Transportes Ltda;3,14021E+13;RUA QUINZE DE NOVEMBRO Nº 4315 - SALA 107 B - CENTRO COMERCIAL EXPOVILLE - GLÓRIA;Joinville;SC;89216203;DEBORA@LUMILOGISTICS.COM.BR;adesao_ao_decreto_1563_1285;1116-0920;09/21/2030 00:00:00.000000
BRASIL;M3 Transportes Rodoviários Eireli;3,01879E+13;RUA JAROSLAU CLEMENTE PESCH Nº 202 - SALA 03 - NOVA BRASÍLIA;Joinville;SC;89213140;JOSIEL@M3LOGISTICA.COM.BR;adesao_ao_decreto_1563_1286;1290-0922;09/15/2032 00:00:00.000000
BRASIL;Transporte Mann Eireli;7,86638E+13;AV. EDMUNDO DOUBRAWA Nº 700 - DISTRITO INDUSTRIAL;Joinville;SC;89219502;ALEXANDRE@TRANSMANN.COM.BR;adesao_ao_decreto_1563_1287;1058-0320;03/06/2030 00:00:00.000000
BRASIL;Ícaro Express Logística Ltda;6,22595E+12;Rua Dona Francisca, 8.300, Bloco C, Módulo 8 - Zona Industrial Norte;Joinville;SC;89219600;rubens@icaroexpress.com.br;adesao_ao_decreto_1563_1288;0872-1117;11/17/2027 00:00:00.000000
BRASIL;Ícaro Express Logística Ltda;6,22595E+12;Rua Dona Francisca, 8.300, Bloco C, Módulo 8 - Zona Industrial Norte;Joinville;SC;89219600; lillia@icaroexpress.com;adesao_ao_decreto_1563_1289;0872-1117;11/17/2027 00:00:00.000000
BRASIL;Deutsche Cargo Do Brasil Ltda ;1,04033E+13;Rua Dona Francisca, 8300, Bloco C, sala 1, módulo 8 - Distrito Industrial Norte;Joinville;SC;89219600;pedro.paulo@icaroexpress.com;adesao_ao_decreto_1563_1290;0972-0119;01/21/2029 00:00:00.000000
BRASIL;Xpm Soluções Em Logística Ltda;8,89869E+12;Rua Dona Francisca, nº 8300, Bloco K5 - Distrito Industrial;Joinville;SC;89219600;andre.xavier@xpmlogistica.com.br;adesao_ao_decreto_1563_1291;0741-0216;02/11/2026 00:00:00.000000
BRASIL;AZURELOG TRANSPORTES LTDA;8,53484E+13;RODOVIA BR - 101 - S/N -KM 43 GALPÃO 01;Joinville;SC;89213125;gelson.araujo222@gmail.com;adesao_ao_decreto_1563_1292;1501-0625;06/13/2035 14:37:41.362986
BRASIL;Bolsa Taxi Aéreo Logística E Administração Ltda;8,0739E+13;Rodovia BR 282, s/n - anexo Aeroporto Lages - B - Guarujá;Lages;SC;88516890;thiago@voebta.com.br;adesao_ao_decreto_1563_1293;0846-0717;07/05/2027 00:00:00.000000
BRASIL;Transportadora De Bens Santa Catarina Ltda;7,35798E+12;Rua Caetano Vieira da Costa, nº 654 - 2º andar B - Centro;Lages;SC;88502070;transbesc@transbesc.com.br;adesao_ao_decreto_1563_1294;0848-0717;07/18/2027 00:00:00.000000
BRASIL;Safflog Transportes E Logística Integrada Ltda;1,52458E+13;Rodovia Ingo Hering, n° 1601, Galpão 05, Sala 01 - Bairro São Domingos;Navegantes;SC;88370888;MAURILHO.FAGUNDES@SAFFTRANSPORTES.COM.BR;adesao_ao_decreto_1563_1295;1384-1123;11/01/2033 00:00:00.000000
BRASIL;Contlog Cargo Ltda;4,95511E+13;Rodovia BR 470,  Ingo Hering, Nº 1601, Galpão 02, Sala 14 - São Domingos;Navegantes;SC;88370888;qualidade@contlog.com.br?;adesao_ao_decreto_1563_1296;1439-0824;08/21/2034 00:00:00.000000
BRASIL;Contlog Transportes Ltda;3,73614E+13;RODOVIA FEDERAL BR 470 - INGO HERING - Nº 1601 - GALPÃO 01 - ÁREA 02 - SÃO DOMINGOS;Navegantes;SC;88370888;gustavoskiadv@outlook.com;adesao_ao_decreto_1563_1297;1308-1022;10/20/2032 00:00:00.000000
BRASIL;Kether Logística E Soluções Industriais Ltda;4,44746E+13;RUA ESTEVÃO PIVATTO Nº 453 - CENTRO;Navegantes;SC;88370234;financeiro@ketherlog.com.br;adesao_ao_decreto_1563_1298;1329-0223;02/15/2033 00:00:00.000000
BRASIL;Busco Log Fln Transportes Ltda;2,94618E+13;RUA LUIZ TADEU GANDOLFI DUTRA, Nº 112, CIEP 2 - JARDIM ELDORADO;Palhoça;SC;88133568;gustavoskiadv@outlook.com;adesao_ao_decreto_1563_1299;1214-1221;12/29/2031 00:00:00.000000
BRASIL;Seka Comércio, Importação, Exportação E Transportes Ltda.;7,36827E+13;Rua Capitão Osmar Romão da Silva, 663 - Centro;Rio Negrinho;SC;89295000;seka@seka.com.br;adesao_ao_decreto_1563_1300;0148-1105;11/29/2015 00:00:00.000000
BRASIL;Liebl Transportes Ltda;1,85887E+13;ESTRADA CONRADO LIEBL- 1713 - SALA 07 - SERRA ALTA;São Bento do Sul;SC;89291170;ADISON@SUNORTE.COM.BR;adesao_ao_decreto_1563_1301;1076-0520;05/15/2030 00:00:00.000000
BRASIL;Mar Azul Logística, Armazenamento, Terminal E Transporte S.A.;7,62887E+12;RUA QUINTINO BOCAIUVA, Nº 67, SALA 06 - CENTRO;São Francisco do Sul;SC;89240000;rodrigo.cuesta@norsul.com;adesao_ao_decreto_1563_1302;1222-0122;01/26/2032 00:00:00.000000
BRASIL;Metalcargo Operador Logístico Ltda;1,90376E+13;RUA ETELVINO QUINTINO DOS SANTOS Nº 55 - ACARAI;São Francisco do Sul;SC;89240000;J.FERNANDES@METALCARGO.COM.BR;adesao_ao_decreto_1563_1303;1108-0920;09/04/2030 00:00:00.000000
BRASIL;Nova Transporte Multimodal Ltda;6,13959E+12;Rodovia Olívio nóbrega s/n, Bairro Paulas;São Francisco do Sul;SC;89240000;inajara@novatransporte.com.br;adesao_ao_decreto_1563_1304;0141-1005;10/25/2015 00:00:00.000000
BRASIL;Otm Soluções Logísticas Ltda.;1,55421E+12;Rua Almirante Guillhen, n° 2, sala107 - Centro Histórico;São Francisco do Sul;SC;89240000;FINANCEIRO@OTMLOGISTICA.COM.BR;adesao_ao_decreto_1563_1305;0311-1108;11/19/2018 00:00:00.000000
BRASIL;Mandira Transportes E Logística Ltda;4,79182E+13; RUA LOTEAMENTO COSTA ESMERALDA 61, GALPÃO, BAIRRO SANTA LUZIA;Tijucas;SC;88200000;gustavoskiadv@outlook.com;adesao_ao_decreto_1563_1306;1364-0823;08/10/2033 00:00:00.000000
BRASIL;M&K Transportes Rodoviários Ltda;2,49902E+13;RUA SILVIO BURIGO, Nº 3410, SALA 10 - MONTE CASTELO;Tubarão;SC;88702504;murilo@trcoelho.com.br;adesao_ao_decreto_1563_1307;1228-0222;02/24/2032 00:00:00.000000
BRASIL;Transportes Rasador Ltda.;8,8081E+13;Rua Laudelino M. Alexandre, 90 - Bairro Juventude;Bento Gonçalves;RS;95700000;clacir@rasador.com.br;adesao_ao_decreto_1563_1308;0117-0805;08/23/2015 00:00:00.000000
BRASIL;Dalla Valle Transportes Ltda;3,89587E+11;Rua Dante  Larentis, 312, sala 208 - Bairro Cidade Alta;Bento Gonçalves;RS;95700000;mauro@dallavalle.com.br;adesao_ao_decreto_1563_1309;0183-0406;04/19/2016 00:00:00.000000
BRASIL;Interlink Transportes Internacionais Ltda.;9,44929E+13;Av. Frederico Augusto Ritter, nº 4901 - sala 102 a 106 - Distrito Industrial;Cachoeirinha;RS;94930000;francisco@interlinkcargo.com.br;adesao_ao_decreto_1563_1310;0002-0205;03/26/2025 00:00:00.000000
BRASIL;Bringer Do Brasil Agenciamento De Cargas Nacionais E Internacionais Ltda;9,40016E+13;Avenida Cruzeiro, nº 300 - Distrito industrial;Cachoeirinha;RS;94930615;fabiana@bringercargo.com.br;adesao_ao_decreto_1563_1311;0821-0117;01/23/2027 00:00:00.000000
BRASIL;Agência De Cargas Asas Eireli;2,88034E+13;Av. Frederico Augusto Ritter, 4901, sala 102 - Distrito Industrial;Cachoeirinha;RS;94931001;mandelli@azazlog.com.br;adesao_ao_decreto_1563_1312;1011-0819;08/21/2029 00:00:00.000000
BRASIL;Agência Sul Americana De Serviços E Representações Ltda;7,57059E+12;AVENIDA FREDERICO AUGUST RITTER Nº 4901 - SALA 21- DISTRITO INDUSTRIAL;Cachoeirinha;RS;94930000;asas@asaslog.com.br;adesao_ao_decreto_1563_1313;0536-0113;01/03/2023 00:00:00.000000
BRASIL;Rodasul Logística E Transportes S/A;9,23797E+13;Estrada Rs 118, Km 11 nº 12.760 - Jardim Betânia;Cachoeirinha;RS;94901970;ane.lopes@agv.com.br;adesao_ao_decreto_1563_1314;0197-0806;08/21/2016 00:00:00.000000
BRASIL;Rodasul Logística E Transportes S/A;9,23797E+13;Estrada Rs 118, Km 11 nº 12.760 - Jardim Betânia;Cachoeirinha;RS;94901970; estevio.salvadori@agv.com.br;adesao_ao_decreto_1563_1315;0197-0806;08/21/2016 00:00:00.000000
BRASIL;Globall Logistica E Comercio Exterior Ltda;1,39257E+13;Rodovia RS 239, n° 5966, KM 19, SALA 04, ARMZ 7A1 7A2, 7B, 7C, 7D, 7E, ARMZ 8A, 8B, 9, 12, 15, Bairro Industrial II;Campo Bom;RS;93700000;ricardo.ely@xgloball.com.br;adesao_ao_decreto_1563_1316;0562-0613;01/29/2034 00:00:00.000000
BRASIL;Xperto Transporte Ltda;4,17922E+13;RODOVIA RS 239, KM 19, Nº 5966, SALA A - ZONA INDUSTRIAL II;Campo Bom;RS;93700000;gustavoskiadv@outlook.com;adesao_ao_decreto_1563_1317;1207-1221;12/08/2031 00:00:00.000000
BRASIL;Jdl Express Transportes Rodoaéreo Eireli - Me;1,43076E+13;Rua Dom João Becker, nº 164;Canoas;RS;92200030;vinicius.costa@jdlexpress.com.br;adesao_ao_decreto_1563_1318;0772-0716;07/04/2026 00:00:00.000000
BRASIL;Dias & Castro Express Ltda;2,96773E+13;RUA CALIFÓRNIA, Nº 406 - MATO GRANDE;Canoas;RS;92323000;meiry@diasecastroexpress.com.br;adesao_ao_decreto_1563_1319;1275-0722;07/26/2032 00:00:00.000000
BRASIL;Blc Log Logística E Transporte Multimodais Ltda;1,98753E+13;RUA ROBERTO FRANCISCO BEHRENS, 225 / BLOCO T APT. 201 - MATO GRANDE;Canoas;RS;92320060;blc@blclog.com.br;adesao_ao_decreto_1563_1320;0880-0118;01/23/2028 00:00:00.000000
BRASIL;Br Logística Rodo E Aéreo Ltda;7,40757E+12;RUA ALEGRETE  Nº 33 -  NITERÓI;Canoas;RS;92120170;rt@brlogmultimodal.com.br;adesao_ao_decreto_1563_1321;0460-1011;11/16/2031 00:00:00.000000
BRASIL;Modular Transportes Ltda;8,8009E+13;Av. Santos Ferreira, nº 3500 - Estância Velha;Canoas;RS;92030138;qualidade@modular.com.br;adesao_ao_decreto_1563_1322;0477-0212;02/14/2022 00:00:00.000000
BRASIL;Svt Provedor Logístico Ltda - Epp;1,71125E+13;AV. GETÚLIO VARGAS Nº 2575 - NITERÓI;Canoas;RS;92120124;RODRIGO@AZULCARGORS.COM.BR;adesao_ao_decreto_1563_1323;0864-1017;10/05/2027 00:00:00.000000
BRASIL;Time Log Soluções Em Logística Ltda;3,27344E+13;Rua Venâncio Aires nº 1239 - Centro;Caxias do Sul;RS;95020430;timelogsolucoes@gmail.com;adesao_ao_decreto_1563_1324;1278-0822;08/08/2032 00:00:00.000000
BRASIL;Transportes Pellenz Ltda;9,03006E+13;RUA MANSUETO BOSSARDI, 380 – BAIRRO DE LAZZER;Caxias do Sul;RS;95055123;pellenz@pellenz.com.br;adesao_ao_decreto_1563_1325;0213-1106;11/16/2016 00:00:00.000000
BRASIL;Transportes Translovato Ltda;8,98239E+13;Rua Honorato Bazei, nº 225, Distrito Industrial;Caxias do Sul;RS;95112140;regulatorio@bbmlogistica.com.br;adesao_ao_decreto_1563_1326;1389-1123;11/16/2033 00:00:00.000000
BRASIL;Mr Cargas E Encomendas Ltda;7,348E+12;Rua Ludovico Cavinatto, nº 2546 - Santa Catarina;Caxias do Sul;RS;95032620;CAMILA@VESPERCARGAS.COM.BR;adesao_ao_decreto_1563_1327;0826-0217;02/17/2027 00:00:00.000000
BRASIL;Mundial Cargo Logística Em Transporte Eireli;3,13328E+13;Rua Luiz Michielon, 1191, sala térrea - Cruzeiro;Caxias do Sul;RS;95074000;leandro@mundialcargo.com.br;adesao_ao_decreto_1563_1328;0978-0419;04/18/2029 00:00:00.000000
BRASIL;Lena Express Transportes Ltda;1,08659E+13;RUA TULIO DAS SOIS 27 - SALA 9 - LJ.  09 - Bela Vista;Caxias do Sul;RS;95072410;financeiro@lenaexpress.com.br;adesao_ao_decreto_1563_1329;1453-1124;11/12/2034 00:00:00.000000
BRASIL;Caxias Cargas Aéreas Ltda ;2,46339E+12;Rua Abramo João Mazzochi, nº 481 ;Caxias do Sul;RS;95042010;picolli@ccaexpress.com.br;adesao_ao_decreto_1563_1330;0678-0615;10/31/2035 12:07:12.104703
BRASIL;Cargocenter Agência De Cargas Ltda;7,02501E+11;Rua Ettore Lazarotto, nº 320 - Santa Catarina;Caxias do Sul;RS;95030320;gerenciageral@cargocenter.com.br;adesao_ao_decreto_1563_1331;0874-1217;12/06/2027 00:00:00.000000
BRASIL;CONEXLOG TRANSPORTE DE CARGAS EXPRESSAS LTDA;2,60911E+13;R DOMINGOS OLIVA DOS SANTOS Nº 90;Caxias do Sul;RS;95012320;ronipassos@conexlogcargas.com.br;adesao_ao_decreto_1563_1332;0803-1116;07/13/2036 18:20:08.137498
BRASIL;Balcão Balcão Tecnologia Em Soluções Logísticas Ltda;3,41681E+13;Rua Ernesto Alves, nº 1341, Bloco 1, Sala 07 - Nossa Senhora de Lourdes;Caxias do Sul;RS;95020360;contato@balcaobalcao.com.br;adesao_ao_decreto_1563_1333;1339-0323;03/15/2033 00:00:00.000000
BRASIL;Foco Agência De Cargas Ltda;7,78497E+12;Rua Constantino Manfro, 113, Sagrada Familia;Caxias do Sul;RS;95052130;evandro@fococargo.com.br;adesao_ao_decreto_1563_1334;0799-1016;08/25/2036 13:24:45.419366
BRASIL;Foco Agência De Cargas Ltda;7,78497E+12;Rua Constantino Manfro, 113, Sagrada Familia;Caxias do Sul;RS;95052130; andresa@primecont.srv.br;adesao_ao_decreto_1563_1335;0799-1016;08/25/2036 13:24:45.419366
BRASIL;Flex Cargo Ltda;2,20865E+13;RUA ILARIO SANTO PASQUALI, Nº 71 - NOSSA SENHORA DE FÁTIMA;Caxias do Sul;RS;95041220;cadastro@cenci.srv.br;adesao_ao_decreto_1563_1336;1227-0222;02/18/2032 00:00:00.000000
BRASIL;Granzotto Transporte E Logística Eireli Me;2,5144E+13;Rua Parteira Toscana, 881 - Bairro São José;Caxias do Sul;RS;95042750;gustavo@granzottotransportes.com.br;adesao_ao_decreto_1563_1337;1079-0520;05/15/2030 00:00:00.000000
BRASIL;Xkm Serviços Em Logistica E Transportes Ltda;2,9801E+13;RUA CLAUDINO MARCELINO FADANELLI, Nº 159 - CIDADE NOVA;Caxias do Sul;RS;95112070;contato@xkmlogistica.com.br;adesao_ao_decreto_1563_1338;1263-0622;06/15/2032 00:00:00.000000
BRASIL;OTIF TRANSPORTES MULTIMODAIS LTDA;6,81837E+13;Rua do Guia Lopes, nº 560;Caxias do Sul;RS;95020390;CONTATO@OTIFCARGO.COM;adesao_ao_decreto_1563_1339;1555-0926;09/02/2036 19:15:04.801749
BRASIL;Dm Transporte E Logística Internacional S/A;8,9154E+13;BR 290 km 108 Caixa Postal 01;Eldorado do Sul;RS;92990000;dm@dminternacional.com;adesao_ao_decreto_1563_1340;0090-0705;07/12/2015 00:00:00.000000
BRASIL;Fervi Transportes Ltda;8,4907E+12;RUA DOS FERROVIÁRIOS, Nº 215, SALA 1506 - CENTRO;Esteio;RS;93265150;diretoria@vfexpress.com.br;adesao_ao_decreto_1563_1341;1462-1224;12/30/2034 00:00:00.000000
BRASIL;Fervi Transportes Ltda;8,4907E+12;RUA DOS FERROVIÁRIOS, Nº 215, SALA 1506 - CENTRO;Esteio;RS;93265150;tavarespro@hotmail.com;adesao_ao_decreto_1563_1342;1462-1224;12/30/2034 00:00:00.000000
BRASIL;Lf Transportes Ltda;3,47125E+12;RST 453 - Km 109 - Rio Buratto;Farroupilha;RS;95180000;gerencia@lftransportes.com.br;adesao_ao_decreto_1563_1343;0766-0616;06/22/2026 00:00:00.000000
BRASIL;Transportes Macuim Ltda;1,30914E+13;RUA GERONIMO FRANCISCHINI Nº 713 - NOVA MILANO;Farroupilha;RS;95182000;FINANCEIRO@MBLOGTRANSPORTES.COM.BR;adesao_ao_decreto_1563_1344;1294-0922;09/20/2032 00:00:00.000000
BRASIL;Transportadora Plimor Ltda.;8,80855E+13;Rod. RS122, S/N, Km 61 - Bairro Industrial;Farroupilha;RS;95180000;;adesao_ao_decreto_1563_1345;0192-0606;06/26/2016 00:00:00.000000
BRASIL;Vinhedos Transportes Ltda;9,35611E+13;RUA CLEMENTE PEDRO DALCIN, 375 - BAIRRO - TAMANDARE;Garibaldi;RS;95720000;pauloguerra@vinhedostransportesa.com.br;adesao_ao_decreto_1563_1346;1104-0820;08/13/2030 00:00:00.000000
BRASIL;ATRHOL AGÊNCIA E TRANSPORTES HORIZONTINA LTDA;6,20811E+12; Rua das Indústrias, nº 245;Horizontina;RS;98920000;jorge@atrhol.com.br;adesao_ao_decreto_1563_1347;1475-0225;02/25/2035 17:28:42.796007
BRASIL;Cassio Rafael Cansi & Cia Ltda;7,90223E+12;RUA DOS IMIGRANDES Nº 688 - CENTRO;Horizontina;RS;98920000;cassio@flechaazul.com.br;adesao_ao_decreto_1563_1348;1063-0320;03/18/2030 00:00:00.000000
BRASIL;Canaro Transportes Ltda;2,29388E+13;RODOVIA BR 386, KM 342 - Nº 5827 -  SALA 02 - OLARIAS;Lajeado;RS;95910160;lajeado@canarotransportes.com.br;adesao_ao_decreto_1563_1349;1373-0923;09/11/2033 00:00:00.000000
BRASIL;Mtl Transporte Rodoviário De Cargas Ltda;1,12741E+13;Rua Rudolfo Behne, 166, prédio 2 - Centro;Lindolfo Collor;RS;93940000;alvaro@gminuano.com.br;adesao_ao_decreto_1563_1350;1096-0720;07/30/2030 00:00:00.000000
BRASIL;Deposul Transporte E Logística Ltda;2,38152E+13;ESTRADA MONTENEGRO POLO RS 124, SN, GALPÃO DEPOSUL KM 16 SALA 06;Montenegro;RS;95529899;gg@ngcontabil.com.br;adesao_ao_decreto_1563_1351;1386-1123;11/06/2033 00:00:00.000000
BRASIL;Top Global Assessoria Aduaneira Ltda;9,03186E+12;RUA BARÃO DE COTEGIPE Nº 44 - PRIMAVERA;Novo Hamburgo;RS;93344260;diego@topglobalprovider.com.br;adesao_ao_decreto_1563_1352;0796-1016;10/18/2026 00:00:00.000000
BRASIL;SK TRANSPORTE E LOGÍSTICA LTDA;3,9283E+13;Rua Vinte e Cinco de Julho, nº 1151, Loja 2;Novo Hamburgo;RS;93310251;luisfernando@azulcargors.com.br;adesao_ao_decreto_1563_1353;1495-0525;05/12/2035 21:21:57.957711
BRASIL;MCN TRANSPORTE E LOGISTICA INTERNACIONAL LTDA;7,62088E+12;AV DAS INDUSTRIAS N.º 469 - SALA 202 E 203;Porto Alegre;RS;90200290;qualidade@macenor.com;adesao_ao_decreto_1563_1354;1512-0825;08/12/2035 17:03:13.997551
BRASIL;The Runtime Logística Ltda - Epp;5,36426E+12;RUA CHAVES BARCELOS, 27 - SALA 606;Porto Alegre;RS;90030120;otm@theruntime.com.br;adesao_ao_decreto_1563_1355;0791-0816;08/18/2026 00:00:00.000000
BRASIL;Transportes Luft Ltda;8,76894E+13;AVENIDA SEVERO DULLIUS Nº 1.395 - 4º ANDAR - SALA 404 - ANCHIETA;Porto Alegre;RS;90200310;paralegal.corporativo@luft.com.br;adesao_ao_decreto_1563_1356;0574-0813;08/06/2023 00:00:00.000000
BRASIL;Transportes Gabardo Ltda;9,26445E+13;RUA VITOR VALPÍRIO, Nº 715 - ANCHIETA;Porto Alegre;RS;90200230;frota@transgabardo.com.br;adesao_ao_decreto_1563_1357;0443-0811;11/30/2031 00:00:00.000000
BRASIL;Transportadora Pigatto Ltda;9,36538E+13;AV. DAS INDUSTRIAS Nº 275;Porto Alegre;RS;90200290;VALDECIR@PIEX.COM.BR;adesao_ao_decreto_1563_1358;0547-0313;03/07/2023 00:00:00.000000
BRASIL;Transeich Assessoria E Transportes Ltda;8,82463E+13;Av. das Indústrias, 389 - Bairro Anchieta;Porto Alegre;RS;90200290;tomas.salomoni@kuehne-nagel.com;adesao_ao_decreto_1563_1359;0045-0517;05/10/2027 00:00:00.000000
BRASIL;Troca Transportes Eireli;1,93687E+11;AV. WILLY EUGENIO FLECK, 305 - RUBEM BERTA;Porto Alegre;RS;91150180;ivete.ritter@grupotroca.com.br;adesao_ao_decreto_1563_1360;1072-0420;04/17/2030 00:00:00.000000
BRASIL;Latitude Logistica Ltda;1,57119E+13;RUA DOM PEDRO II, Nº 1240, SALA 513 - SÃO JOÃO;Porto Alegre;RS;90550141;enio@latitudelog.com.br;adesao_ao_decreto_1563_1361;0502-0812;10/29/2031 00:00:00.000000
BRASIL;Navegação Aliança Ltda;9,26916E+13;Avenida Padre Cacique, 320 - Praia de Belas;Porto Alegre;RS;90810240;atico.scherer@trevisa.com.br;adesao_ao_decreto_1563_1362;0114-0805;08/19/2015 00:00:00.000000
BRASIL;Dsl Do Brasil Transporte & Logistica Ltda - Epp;9,74347E+13;RUA NICOLAU ELY, 352 - PAVILHÃO - BAIRRO VILA FLORESTA;Porto Alegre;RS;91040631;adriano@twt.com.br;adesao_ao_decreto_1563_1363;0537-0113;01/10/2023 00:00:00.000000
BRASIL;Extrhema Transportes Ltda;7,6451E+12;Av. São Paulo nº 636 - Salas 204/205 - São Geraldo;Porto Alegre;RS;90230160;HERMES@EXTRHEMA.COM.BR;adesao_ao_decreto_1563_1364;0632-0714;07/23/2024 00:00:00.000000
BRASIL;Geo Maritima Intermodal Ltda.;1,09331E+13;RUA COMENDADOR RHEINGANTZ, Nº 53, SALA 201 - AUXILIADORA;Porto Alegre;RS;90450020;contabilidade@geomaritima.com.br;adesao_ao_decreto_1563_1365;0444-0811;08/11/2031 00:00:00.000000
BRASIL;KIELING MULTIMODAIS DE TRANSPORTES LTDA;2,60004E+12;Avenida Francisco Silveira Bitencourt, nº 1369 ;Porto Alegre;RS;91150010;tgoncalves@kieling.com.br;adesao_ao_decreto_1563_1366;0071-0505;07/02/2035 13:13:54.980013
BRASIL;KODEX LOGISTICA LTDA;2,07359E+13;TV SAO JOSE;Porto Alegre;RS;90240200;fiscal@atcf.com.br;adesao_ao_decreto_1563_1367;0660-1214;07/08/2036 13:22:48.023167
BRASIL;KODEX LOGISTICA LTDA;2,07359E+13;TV SAO JOSE;Porto Alegre;RS;90240200;FINANCEIRO@KODEXEXPRESS.COM;adesao_ao_decreto_1563_1368;0660-1214;07/08/2036 13:22:48.023167
BRASIL;CARGO WAY TRANSPORTE E ARMAZENAGEM LTDA;1,99506E+13;Rua Mostardeiro, nº 322, sala 802;Porto Alegre;RS;90430000;diego@cargowaylog.com;adesao_ao_decreto_1563_1369;1470-0225;02/12/2035 18:46:24.928085
BRASIL;CORELOG LOGÍSTICA LTDA.;3,37676E+13; Rua Maurício Sirotski Sobrinho, 274;Porto Alegre;RS;90480160;tatiana.pradier@corelog.com.br;adesao_ao_decreto_1563_1370;1059-0320;03/16/2030 00:00:00.000000
BRASIL;CORELOG LOGÍSTICA LTDA.;3,37676E+13; Rua Maurício Sirotski Sobrinho, 274;Porto Alegre;RS;90480160;RH@CORELOG.COM.BR;adesao_ao_decreto_1563_1371;1059-0320;03/16/2030 00:00:00.000000
BRASIL;Costa Serviços Marítimos Ltda;1,70842E+12;AVENIDA SÃO PEDRO 1001 - SALA 202 - SÃO GERALDO;Porto Alegre;RS;90230121;EDISON@COSTALOGISTICA.COM.BR;adesao_ao_decreto_1563_1372;1051-0120;01/28/2030 00:00:00.000000
BRASIL;Ctil Logística Ltda;9,09503E+13;Alameda Eduardo Guimarães, nº 38 - Bairro Três Figueiras;Porto Alegre;RS;91340350;luciana.aranha@ctil.com.br;adesao_ao_decreto_1563_1373;0661-0215;02/03/2025 00:00:00.000000
BRASIL;Aerolog Logística Cargas Aéreas Ltda;2,51513E+12;Avenida Cairú, 91, 1º andar - Navegantes;Porto Alegre;RS;90230031;benicio.haas@aerolog.com.br;adesao_ao_decreto_1563_1374;1067-0320;03/23/2030 00:00:00.000000
BRASIL;Cransport Logística Portuária Ltda;5,59136E+12;Rua Professor Guillermo Enrique Dawson, nº 150 - Bairro 4 -Seção da Barra;Rio Grande;RS;96204060;luciana.aranda@ctil.com.br;adesao_ao_decreto_1563_1375;0709-0915;09/14/2025 00:00:00.000000
BRASIL;Grifo Marine Agenciamento Marítimo Ltda;3,29912E+13;RUA BARÃO DE COTEGIPE, Nº 443, SALA 1310 - CENTRO;Rio Grande;RS;96200290;mauri@grifomarine.com.br;adesao_ao_decreto_1563_1376;1212-1221;12/16/2031 00:00:00.000000
BRASIL;Terminal Marítimo Luiz Fogliatto S/A;7,41098E+13;Avenida Almirante Maximiano Fonseca nº. 6361 – Distrito Industrial;Rio Grande;RS;96204040;dawson@termasa.com.br;adesao_ao_decreto_1563_1377;0233-0207;02/23/2017 00:00:00.000000
BRASIL;Torontolog Transportes E Logistica Ltda;1,07879E+13;Rua Professor Guillermo Enrique Dawson (DIRG), Nº 550, Apto 115 - Zona Portuária;Rio Grande;RS;96204400;administrativo@torontolog.com.br;adesao_ao_decreto_1563_1378;1409-0224;02/22/2034 00:00:00.000000
BRASIL;Sagres Agenciamentos Marítimos Ltda.;7,46174E+13;Avenida Major Carlos Pinto, nº 532, sala 101, 1º andar - Cidade Nova;Rio Grande;RS;96211020;csenhora@sagresrg.com.br;adesao_ao_decreto_1563_1379;1312-1222;12/01/2032 00:00:00.000000
BRASIL;Sampayo Nickhorn S/A;8,89811E+13;Rua Riachuelo, 197 - 1º Andar;Rio Grande;RS;96200390;sampayo@sampayo.com.br;adesao_ao_decreto_1563_1380;0019-0305;03/23/2015 00:00:00.000000
BRASIL;SAGRES LOGISTICA LTDA;5,31019E+13;AVENIDA MAJOR CARLOS PINTO, Nº 532;Rio Grande;RS;96211020;csenhora@sagresrg.com.br;adesao_ao_decreto_1563_1381;1536-0326;03/16/2036 13:33:53.602909
BRASIL;Vbr Logística Ltda;1,17608E+12;Rua Vereador Benno João Kist, nº 620 - Santo Inácio;Santa Cruz do Sul;RS;96820688;mloebens@vbrlogistica.com.br;adesao_ao_decreto_1563_1382;0761-0616;06/06/2026 00:00:00.000000
BRASIL;Kol Transportes Ltda;3,56882E+12;Rua Fernando Abott, nº 895, sala 106;Santa Cruz do Sul;RS;96810148;rosi@kollogistica.com.br;adesao_ao_decreto_1563_1383;0762-0616;06/06/2026 00:00:00.000000
BRASIL;Ad Shipping Agenciamento De Cargas Ltda;2,48754E+13;RUA ERNESTO CARLOS ISERHARD, Nº 526 - HIGIENOPOLIS;Santa Cruz do Sul;RS;96825040;dayane@adshipping.com.br;adesao_ao_decreto_1563_1384;1319-0123;01/19/2033 00:00:00.000000
BRASIL;Expresso Lf Ltda - Epp;1,81379E+13;ROD. BR 116, 544 KM 114 - BAIRRO INDUSTRIAL;São Marcos;RS;95190000;coletas@expressolf.com.br;adesao_ao_decreto_1563_1385;0851-0717;07/18/2027 00:00:00.000000
BRASIL;Cooperativa Mista De Transportes De Cargas Nacional E Internacionais Da Fronteira Oeste Ltda;1,67162E+13;AV. MARECHAL SETEMBRINO DE CARVALHO Nº 2300 - IPIRANGA;Uruguaiana;RS;97507380;diretoria@cootrafrol.com.br;adesao_ao_decreto_1563_1386;1120-1020;10/21/2030 00:00:00.000000
BRASIL;Cooperativa Mista De Transportes De Cargas Nacional E Internacionais Da Fronteira Oeste Ltda;1,67162E+13;AV. MARECHAL SETEMBRINO DE CARVALHO Nº 2300 - IPIRANGA;Uruguaiana;RS;97507380; presidente@cootrafrol.com.br;adesao_ao_decreto_1563_1387;1120-1020;10/21/2030 00:00:00.000000
BRASIL;Dica Movimentações Ltda;7,71558E+12;Rua Julio de Castilhos nº 1564 - Sala A - Centro;Venâncio Aires;RS;95800000;gabriel@dicamovimentacoes.com.br;adesao_ao_decreto_1563_1388;0602-0114;01/24/2024 00:00:00.000000
BRASIL;LONTANO TRANSPORTES LTDA;1,14558E+13;Avenida Zilá Corrêa Machado, ;Campo Grande;MS;79065900;contabilidade@lontano.com.br;adesao_ao_decreto_1563_1389;1513-0825;08/12/2035 17:42:46.643249
BRASIL;LONTANO TRANSPORTES LTDA;1,14558E+13;Avenida Zilá Corrêa Machado, ;Campo Grande;MS;79065900;sejur@lontano.com.br;adesao_ao_decreto_1563_1390;1513-0825;08/12/2035 17:42:46.643249
BRASIL;Contínua Logística Internacional Eireli;1,09589E+13;TRAVESSA H, Nº 87 - BAIRRO: BAÚ;Cuiabá;MT;78008195;rodrigo@continuaonline.com.br;adesao_ao_decreto_1563_1391;1089-0720;07/14/2030 00:00:00.000000
BRASIL;Centro Oeste - Cargas E Encomendas Ltda;1,82474E+12;Rua D, nº 301, Distrito Industrial;Cuiabá;MT;78098300;marcoscuiaba@aguiasul.com.br;adesao_ao_decreto_1563_1392;1378-0923;09/22/2033 00:00:00.000000
BRASIL;Transmino Transportes Ltda;4,76285E+12;AVENIDA V Nº 525 - DISTRITO INDUSTRIAL;Cuiabá;MT;78098480;FRANCISCO@PORTOSECO.COM;adesao_ao_decreto_1563_1393;0993-0619;06/17/2029 00:00:00.000000
BRASIL;Fs Florestal S.A.;4,72429E+13;Estrada Linha 01A, a 900 metros do KM 07 da Avenida das Indústrias, S/N, Sala 01, Distrito Industrial;Lucas do Rio Verde;MT;78460752;gustavo@navarroprado.com.br ;adesao_ao_decreto_1563_1394;1442-0824;08/28/2034 00:00:00.000000
BRASIL;Fribon Transportes Ltda;1,02808E+13; Rua Rio Preto, 781 - Parque Industrial Vetorasso;Rondonópolis;MT;78746010;fiscal@fribontransportes.com.br;adesao_ao_decreto_1563_1395;1362-0823;08/02/2033 00:00:00.000000
BRASIL;Bom Jesus Transportes E Logística Ltda;3,86123E+12;Avenida Itrio Correa da Costa, nº 611 - Vila Salmem;Rondonópolis;MT;78705540;carley.fernando@bomjesustransportes.com.br;adesao_ao_decreto_1563_1396;0581-0913;09/12/2023 00:00:00.000000
BRASIL;Transportes Botuverá Ltda;7,82613E+13;Rodovia BR 163, Km 119, sala 04 - Distrito Industrial Vetorasso - Gleba Jurigue;Rondonópolis;MT;78746055;compras@botuvera.com;adesao_ao_decreto_1563_1397;0852-0817;08/03/2027 00:00:00.000000
BRASIL;Rumo Malha Norte S.A.;2,49625E+13;RUA B - S/N - RODOVIA BR 163 - KM 95 - LOTE 1A - SALA 01 - PARQUE INDUSTRIAL INTERMODAL DE RONDONÓPOLIS;Rondonópolis;MT;78746860;camille.viana@rumolog.com;adesao_ao_decreto_1563_1398;1161-0521;05/26/2031 00:00:00.000000
BRASIL;Mafro Transportes Ltda;8,85879E+12;AVENIDA RENATO VETORASSO, 388, LOTE 9/22 QUADRA 12,  PARQUE INDUSTRIAL FABRÍCIO VETORASSO MENDES;Rondonópolis;MT;78746740;;adesao_ao_decreto_1563_1399;1358-0623;06/29/2033 00:00:00.000000
BRASIL;GRANLIDER TRANSPORTES E AGENCIAMENTO DE CARGAS LTDA;5,097E+12;Avenida Claudio Manoel da Costa, S/N, Quadra Área, ;Rondonópolis;MT;78750540;juridico@rodolider.com;adesao_ao_decreto_1563_1400;1548-0726;07/17/2036 18:09:34.733162
BRASIL;Cofco Agri Transportes Ltda;2,22088E+13;Rod. BR 163, km 759, Estrada Municipal Linha Premia, s/n, sala A - Armazén 01 - Distrito Industrial;Sorriso;MT;78890000;nal-tax-br@cofcointernacional.com;adesao_ao_decreto_1563_1401;0903-0418;04/11/2028 00:00:00.000000
BRASIL;Lotus Transportes Logística Ltda;1,88348E+13;RODOVIA BR 153, QUADRA A, LOTE 06, SALA 02 - SETOR SANTA CATARINA;Anápolis;GO;75106203;comercial@lotustransportes.com;adesao_ao_decreto_1563_1402;1186-0721;07/27/2031 00:00:00.000000
BRASIL;Rg Log Logística E Transporte Ltda;1,02131E+13;RUA VP, LOTE 01, QUADRA 15, MÓDULOS 01 E 02, DAIA;Anápolis;GO;75132030;PAULA@RGLOG1.COMBR;adesao_ao_decreto_1563_1403;0514-0912;09/05/2022 00:00:00.000000
BRASIL;TRANSPLEX TRANSPORTES DE CARGAS E LOGÍSTICA LTDA;1,50222E+13;AVENIDA OESTE S/N QD. 01 LOTE 02 E 03;Aparecida de Goiânia;GO;74993394;contato@grupohegidio.com.br;adesao_ao_decreto_1563_1404;1500-0525;05/29/2035 18:01:43.219866
BRASIL;TRANSPLEX TRANSPORTES DE CARGAS E LOGÍSTICA LTDA;1,50222E+13;AVENIDA OESTE S/N QD. 01 LOTE 02 E 03;Aparecida de Goiânia;GO;74993394;heribaldo@hegidiogroup.com;adesao_ao_decreto_1563_1405;1500-0525;05/29/2035 18:01:43.219866
BRASIL;RAÇA GOIANA TRANSPORTE E LOGISTICA LTDA ;6,31217E+13;AV. BAFFIN QD 10 LT 10 RESIDENCIAL BRASIL CENTRAL ;Goiânia;GO;74370637;financeiro@racagoiana.com.br;adesao_ao_decreto_1563_1406;1549-0726;07/27/2036 14:09:37.686834
BRASIL;Ywy-X Logística Ltda Me;1,02908E+13;Rua 91, nº 699, Quadra 20, bloco 09, sala208 - Ed. Business e Office Center Sul - Setor Sul;Goiânia;GO;74083150;y.logistica@outlook.com;adesao_ao_decreto_1563_1407;0680-0615;06/10/2025 00:00:00.000000
BRASIL;Riccieri Transportes Ltda;2,21858E+12;Av. Perimetral Norte, QD Aerea LT Aerea 1 sala 1 - Fazenda Caveiras;Goiânia;GO;74445360;gerencia@rodonatti.com.br;adesao_ao_decreto_1563_1408;0724-1115;11/04/2025 00:00:00.000000
BRASIL;Quick Delivery Goiânia Entregas Rápidas De Encomendas Ltda-Me;1,14327E+13; Avenida Lauricio Pedro Rasmussem, nº 1600, Quadra Área Lote E/D, sala 03 - Setor Morais;Goiânia;GO;74620030;edson@quickdelivery.com.br;adesao_ao_decreto_1563_1409;0689-0715;07/09/2025 00:00:00.000000
BRASIL;Multi Prime Transportes E Serviços Ltda;9,45443E+12;Av. Ville, nº 1361, Qd. 23, Lt. 31 - Residencial Center Ville;Goiânia;GO;74369023;contato@multiprimebrasil.com.br;adesao_ao_decreto_1563_1410;0889-0218;02/19/2028 00:00:00.000000
BRASIL;Space Logistica Integrada Eireli;2,65948E+13;R 7, S/N, QUADRA 10, LOTE 42, SALA 01 - RESIDENCIAL PAULO ESTRELA;Goiânia;GO;74786468;FINANCEIRO@SPACEINTEGRADA.COM.BR;adesao_ao_decreto_1563_1411;1003-0719;07/11/2029 00:00:00.000000
BRASIL;Conecte Logistica & Transportes Ltda;1,0429E+13;Avenida dos Índios, nº 16, Esq. c/ R.S. Dour., Quadra 122, Lote 72 - Setor Santa Genoveva;Goiânia;GO;74672450;diretoria@conectelog.com;adesao_ao_decreto_1563_1412;1344-0423;04/04/2033 00:00:00.000000
BRASIL;Brasil Central Global Ltda;2,78222E+13;Av. Deputado Jamel Cecílio, nº 2496, Qd. B22, Lote 4-5 e 7, Sala B136 - Jardim Goiás;Goiânia;GO;74810100;rodrigo.alvim@brasilcentralglobal.com;adesao_ao_decreto_1563_1413;0904-0518;05/08/2028 00:00:00.000000
BRASIL;Bbt Transportes Ltda;4,28351E+12;AV. JÚLIO CESAR Nº 250 - QD. 45 - LOTE 17 -1º ANDAR - SALA 06 - JARDIM PLANALTO;Goiânia;GO;74333100;ADM.MTZ@BBTTRANSPORTES.COM.BR;adesao_ao_decreto_1563_1414;1289-0922;09/12/2032 00:00:00.000000
BRASIL;A.A Centro-Oeste Transportes Armazenagem E Locação De Veículos Ltda-Me;9,47126E+12;Rua das Magnolias nº 1209 Qd. 97 Lt. 21 Pq. Oeste Industrial;Goiânia;GO;74375280;alvoradatransportes.gyn@hotmail.com;adesao_ao_decreto_1563_1415;0517-0912;09/19/2022 00:00:00.000000
BRASIL;Alvorada Construtora Eireli - Me;2,14298E+13;Rua das Magnólias, quadra 97, lote 20, nº 1221 - Parque Oeste Industrial;Goiânia;GO;74375280;construtora@alvoradagyn.com;adesao_ao_decreto_1563_1416;0814-1216;12/16/2026 00:00:00.000000
BRASIL;Jwl Express Transportes & Logística Ltda;3,20951E+13;RUA CAPISTABOS Nº 589 - SANTA GENOVEVA;Goiânia;GO;74670020;logistica@jwlexpress.com.br;adesao_ao_decreto_1563_1417;1183-0721;07/26/2031 00:00:00.000000
BRASIL;Jtn Express Transportes E Logística Ltda;4,57484E+13;RUA GUARIROBA Nº 341  QUADRA 17 - LOTE 6 - CASA 2 - SANTA GENOVEVA;Goiânia;GO;74670110;NOEME.MACARIO@OUTLOOK.COM;adesao_ao_decreto_1563_1418;1285-0822;08/30/2032 00:00:00.000000
BRASIL;Global Cargas Transportes Nacionais E Internacionais Ltda - Me;5,87812E+12;Av. Perimetral Norte nº 11162- Quadra 02 - Lote 03 - Loteamento Goiânia 2;Goiânia;GO;74665510;ricardo@globalcargas.com.br;adesao_ao_decreto_1563_1419;0625-0614;06/24/2024 00:00:00.000000
BRASIL;Caramuru Alimentos S.A.;80671000100;Via Expressa Júlio Borges de Souza, 4240 ( margens da BR 153) - Nossa Senhora da Saúde;Itumbiara;GO;75503970;carlossilva@caramuru.com;adesao_ao_decreto_1563_1420;0275-0308;05/08/2028 00:00:00.000000
BRASIL;S.E. Transportes E Representações Ltda;8,28998E+12;VIA EXPRESSA MUCIO DE SOUZA REZENDE, Nº 3625, SALA 03;Itumbiara;GO;75503970;alan@setransportes.com.br;adesao_ao_decreto_1563_1421;1181-0721;07/23/2031 00:00:00.000000
BRASIL;Starland Brasil Logistics Ltda;1,63844E+13;Rua Alice Moura Borges s/nº Quadra 14 Lotes 19, 20, 21;Nerópolis;GO;75460000;comercial@starlandbrasillogistics.com.br;adesao_ao_decreto_1563_1422;0532-1212;12/06/2022 00:00:00.000000
BRASIL;São Simão Transportes Ltda.;1,25457E+13;Rod. BR 364 nº 3851 Km 53 anexo Posto Recanto - Zona Rural;São Simão;GO;75890000;saosimaotransportes@hotmail.com;adesao_ao_decreto_1563_1423;0503-0812;08/28/2022 00:00:00.000000
BRASIL;Bizari Transportes Rodoviarios Ltda;7,90536E+13;AVENIDA RIO DE JANEIRO C/BR 364, LOTE 06, SETOR INDUSTRIAL;São Simão;GO;75890000;bizaritransp@hotmail.com;adesao_ao_decreto_1563_1424;0636-0814;08/05/2024 00:00:00.000000
BRASIL;Airway Transportes Ltda;2,60984E+12;QS 09 Rua 121 - Lote 04 - Águas Claras;Brasília;DF;71976300;leoberto@airwaycargo.com.br;adesao_ao_decreto_1563_1425;0782-0716;04/06/2033 00:00:00.000000
BRASIL;Alpha Beta Transporte Ltda;3,82134E+13;SETOR AER INTERNACIONAL DE BRASÍLIA TERMINAL DE LOGÍSTICA - S/N - 1º ANDAR SALA 05 ALA INTERNACIONAL - SETOR DE HABITAÇÕES INDIVIDUAIS SUL;Brasília;DF;71608900;contabilidadelf9@gmail.com;adesao_ao_decreto_1563_1426;1230-0322;03/07/2032 00:00:00.000000
BRASIL;Alpha Express Log E Transporte Eireli;3,2677E+13;TERMINAL DE CARGAS DE BRASÍLIA - SALA 08 -  ALA DOMÉSTICAS PRIMEIRO ANDAR -  SETOR DE HABITAÇÃO II;Brasília;DF;71608900;FINANCEIRO@ALPHAEXPRESSLOG.COM.BR;adesao_ao_decreto_1563_1427;1094-0720;07/28/2030 00:00:00.000000
BRASIL;Abm Transportes Ltda - Me;1,06927E+13;Setor Habitacional Vicente Pires Chácara 309 lote 30 - Taguatinga;Brasília;DF;72110880;internacional@fastmudanças.com.br;adesao_ao_decreto_1563_1428;0531-1212;12/06/2022 00:00:00.000000
BRASIL;Abrilar Transportes E Mudanças Ltda - Me;1,03899E+13;QN 414 Conjunto G Lote 01 Loja 01 - Samambaia;Brasília;DF;72320567;abrilarmudancas@gmail.com;adesao_ao_decreto_1563_1429;0518-0912;09/19/2022 00:00:00.000000
BRASIL;Aac Transportes Rodoviário Cargas Ltda;8,35582E+12;SCIA Quadra 08, Conjunto 11, Lote 22,  Zona Industrial (GUARÁ);Brasília;DF;71250725;international@aacmoving.com;adesao_ao_decreto_1563_1430;0555-0413;05/30/2033 00:00:00.000000
BRASIL;5 Estrelas Infinity Serviços E Soluções Ltda;3,2915E+13;STRC  TRECHO 3, CONJUNTO A, LOTE  02, PARTE 02 - ZONA INDUSTRIAL (GUARÁ);Brasília;DF;71225531;inter@5estrelas.co;adesao_ao_decreto_1563_1431;0613-0314;04/29/2034 00:00:00.000000
BRASIL;5 Estrelas Solution Em Transportes E Logísticas Ltda;1,12924E+13;STRC - Trecho 03, Conjunto A - Lote 02 - Parte 01 - Guará;Brasília;DF;71225531;INTER@5ESTRELAS.COM;adesao_ao_decreto_1563_1432;0520-0912;11/29/2033 00:00:00.000000
BRASIL;Carggo Tecnologia Em Logística;3,33732E+13;AEROPORTO INTERNACIONAL DE BRASILIA - TECA - 1 ANDAR, ALA CENTRAL, SALA 7, LAGO SUL;Brasília;DF;71608900;cornercial@carggo.com.br;adesao_ao_decreto_1563_1433;1081-0520;05/18/2030 00:00:00.000000
BRASIL;Car Collection Transportadora De Veículos Ltda - Me;1,41468E+13;ADE conj. 27, s/nº, lotes 35 e 36, escritório 02 - Águas Claras;Brasília;DF;71991140;jr.uniao@gmail.com;adesao_ao_decreto_1563_1434;0577-0813;08/26/2023 00:00:00.000000
BRASIL;Byebox Logística Ltda;4,25051E+13;"SHCS CR 516, BLOCO B, N° 69, 1º PAVIMENTO - PARTE C0148""""";Brasília;DF;70381525;BYEBOXADM@GMAIL.COM;adesao_ao_decreto_1563_1435;1288-0922;09/02/2032 00:00:00.000000
BRASIL;Cargoflex Soluções Logísticas Ltda Epp;8,48929E+12;STRC TRECHO 04 CONJUNTO B LOTE 10 - PARTE C;Brasília;DF;71225542;cargoflexbsb@gmail.com;adesao_ao_decreto_1563_1436;0706-0915;08/24/2036 18:44:28.211302
BRASIL;Cargoflex Soluções Logísticas Ltda Epp;8,48929E+12;STRC TRECHO 04 CONJUNTO B LOTE 10 - PARTE C;Brasília;DF;71225542;adm@cargoflexlogistica.com.br;adesao_ao_decreto_1563_1437;0706-0915;08/24/2036 18:44:28.211302
BRASIL;Bll Barbosa Lobo Logística Ltda - Me;2,12609E+13;Rua 16 Lago Oeste - Sobradinho;Brasília;DF;73100480;comercial@blllogistica.com.br;adesao_ao_decreto_1563_1438;0730-1215;12/01/2025 00:00:00.000000
BRASIL;Bsb Operação Logística Ltda;1,91965E+13;SAAN Quadra 3, Lote 1140, Loja. 20, Parte A - Zona Industrial;Brasília;DF;70632320;thiago@bsbtrade.com.br;adesao_ao_decreto_1563_1439;0906-0718;07/05/2028 00:00:00.000000
BRASIL;Bsb-Df Transportes De Cargas Ltda;8,94456E+12;ADE CONJUNTO 27 LOTE 28/29 - ÁGUAS CLARAS;Brasília;DF;71991140;eliane@bsbexpress.com.br;adesao_ao_decreto_1563_1440;1264-0622;06/15/2032 00:00:00.000000
BRASIL;Cinco Estrelas Transportes E Logística Ltda;3,55731E+12;TR STRC. TRECHO 03,  CONJUNTO  A  - LOTE 02 - GUARÁ;Brasília;DF;71225530;ADM@5ESTRELAS.COM.BR;adesao_ao_decreto_1563_1441;0391-0610;07/14/2030 00:00:00.000000
BRASIL;Chegoulog Transporte E Logística Ltda;9,49441E+12;AC ADE CONJUNTO 24 -  LOTE 01 -  ÁGUAS CLARAS;Brasília;DF;71990360;ASSESSO@ASSESSOCONTABIL.COM.BR;adesao_ao_decreto_1563_1442;1115-0920;09/21/2030 00:00:00.000000
BRASIL;Cosmopolitan Transportes Ltda - Epp;1,98909E+12;STRC SUL TRECHO 04 CJ A LOTE 08 SALA 02 - GUARÁ;Brasília;DF;71001970;miriam@cosmopolita.com.br;adesao_ao_decreto_1563_1443;0475-0212;05/19/2032 00:00:00.000000
BRASIL;Cstrans Serviços De Transportes Ltda - Me;1,32652E+13;SMPW QUADRA 07, CONJUNTO 02, LOTE 05, UNIDADE G - PARK WAY;Brasília;DF;71740702;comercial@cstrans.com.br;adesao_ao_decreto_1563_1444;0551-0313;03/14/2023 00:00:00.000000
BRASIL;D Antunes Pinheiro Transportes Ltda;2,3312E+13;AER INTERNACIONAL DE BRASILIA JUSCELINO KUBITSCHEK UNI, S/N - AREA ESPECIAL ARMZ DE CARGA NACIONAL SALA 11;Brasília;DF;71608900;dantunes.daniel@gmail.com;adesao_ao_decreto_1563_1445;1258-0522;05/24/2032 00:00:00.000000
BRASIL; HS INVESTIMENTOS E PARTICIPAÇÕES EM LOGÍSTICA LTDA;2,39991E+13;CONDOMINIO RESIDENCIAL DOM PEDRO, QD 01, LT 09, Nº 09;Brasília;DF;72669101;comercial@voarlog.com.br;adesao_ao_decreto_1563_1446;0749-0416;06/09/2036 19:21:46.539714
BRASIL; HS INVESTIMENTOS E PARTICIPAÇÕES EM LOGÍSTICA LTDA;2,39991E+13;CONDOMINIO RESIDENCIAL DOM PEDRO, QD 01, LT 09, Nº 09;Brasília;DF;72669101;comercial@biocargo.com.br;adesao_ao_decreto_1563_1447;0749-0416;06/09/2036 19:21:46.539714
BRASIL;Jwc Transportes E Logística Ltda-Epp;1,47362E+13;STRC/SUL Trecho 04 - Conjunto A - lote 08 - Sala 03 - Guará;Brasília;DF;71225541;administrativo@cosmopolita.com.br;adesao_ao_decreto_1563_1448;0621-0614;06/20/2024 00:00:00.000000
BRASIL;Kennedy Onassis Comercio De Grãos Importação E Exportação Ltda;3,62713E+12;SCS Quadra 01, nº 30 - bloco G sala 102;Brasília;DF;70309900;contato@kennedyonassis.com.br;adesao_ao_decreto_1563_1449;0092-0705;07/12/2015 00:00:00.000000
BRASIL;Fch Locações E Serviços Ltda;3,77663E+13; QUADRA 19 CONJUNTO K LOTE 04 CASA 02;Brasília;DF;71572011;FCHSERVICOS.DF@GMAIL.COM;adesao_ao_decreto_1563_1450;1429-0624;06/26/2034 00:00:00.000000
BRASIL;Df Transportes E Logístisca Eireli - Me;1,10288E+13;Aeroporto Internacional de Brasília J.K. - Terminal Cargas Inframerica;Brasília;DF;71608900;d.fabiano@dftransportes.com.br;adesao_ao_decreto_1563_1451;0888-0218;02/19/2028 00:00:00.000000
BRASIL;Dala Transportes Ltda - Me;1,49538E+13;SCIA QUADRA 15 CONJUNTO 2 LOTE 15;Brasília;DF;71250025;atendimento@dalatransportes.com.br;adesao_ao_decreto_1563_1452;1091-0720;07/17/2030 00:00:00.000000
BRASIL;Encomendas E Transportes De Cargas Pontual Ltda;1,25305E+12;Aeroporto Internacional Jucelino kubstcheck - TECA - Hangar Pontual;Brasília;DF;71608900;diretor@pontualcargas.com.br;adesao_ao_decreto_1563_1453;0396-0710;03/13/2033 00:00:00.000000
BRASIL;Encomendas E Transportes De Cargas Pontual Ltda;1,25305E+12;Aeroporto Internacional Jucelino kubstcheck - TECA - Hangar Pontual;Brasília;DF;71608900;licitacao@pontualcargo.com.br;adesao_ao_decreto_1563_1454;0396-0710;03/13/2033 00:00:00.000000
BRASIL;Empresa Brasileira De Correios E Telégrafos;3,40283E+13;SETOR BANCÁRIO NORTE - QUADRA 1 - BLOCO A - ASA NORTE;Brasília;DF;70002900;PAULOCP@correios.com.br;adesao_ao_decreto_1563_1455;0834-0617;06/05/2027 00:00:00.000000
BRASIL;Smart Transportadora E Logística Eireli Epp;2,34908E+13;SCIA QUADRA 08 CONJUNTO 14 LOTE 19- ZONA INDUSTRIAL GUARÁ;Brasília;DF;71250740;comercial@smartmudancas.com.br;adesao_ao_decreto_1563_1456;1006-0719;07/19/2029 00:00:00.000000
BRASIL;Sacaai Comércio Alimentício E Distribuição De Grãos Ltda;5,42444E+13;RUA PERNAMBUCO, QUADRA 76, LOTE 11, LOJA 02 - SETOR TRADICIONAL PLANALTINA;Brasília;DF;73330091;sacaaidistribuicao@gmail.com;adesao_ao_decreto_1563_1457;1443-0924;09/03/2034 00:00:00.000000
BRASIL;Rosangela Ceola Serviços De Entregas Rapidas E Transportes;2,84492E+13;RUA 4C CHACARA 11, SUBSOLO SALA 3,4, LT 17A - SETOR HABITACIONAL VICENTE PIRES - TRECHO 3;Brasília;DF;72001180;financeiro@uplogisticadf.com.br;adesao_ao_decreto_1563_1458;1145-0321;03/08/2031 00:00:00.000000
BRASIL;Stamm Transportadora E Logistica Ltda;1,57044E+12;STRC Trecho 4 Conjunto B Lote 1 Parte A;Brasília;DF;71225542;adm@stammmudancas.com.br;adesao_ao_decreto_1563_1459;0698-0815;08/19/2025 00:00:00.000000
BRASIL;T.B Encomendas E Distribuições Ltda - Me;4,9843E+12;3º AVENIDA LOTE 312 A - LOJA 01 - TÉRREO - NÚCLEO BANDEIRANTE;Brasília;DF;71720586;JORSURAN@UOL.COM.BR;adesao_ao_decreto_1563_1460;0629-0714;07/16/2024 00:00:00.000000
BRASIL;Transportes Gerais Botafogo Ltda;72447000176;STRC Trecho 4, conjunto B, lote 03/04;Brasília;DF;71225542;juridico@botafogotransportes.com.br;adesao_ao_decreto_1563_1461;0775-0716;07/04/2026 00:00:00.000000
BRASIL;Transportadora Ney Das Mudanças Ltda;8,29011E+12;SETOR DE INDÚSTRIA, QUADRA 03, LOTE 67 - CEILÂNDIA;Brasília;DF;72265000;comercial.transney@gmail.com;adesao_ao_decreto_1563_1462;0557-0513;05/27/2034 00:00:00.000000
BRASIL;Up Serviço Logística E Transportes Eireli;2,51117E+13;Rua 4C, Chácara 11, Sala 02, Lote 17A, Subsolo - Setor Habitacional Vicente Pires;Brasília;DF;72001180;financeiro@uplogisticadf.com.br;adesao_ao_decreto_1563_1463;1155-0421;04/09/2031 00:00:00.000000
BRASIL;Up Transportes De Cargas Ltda;4,335E+13;"Quadra QI 18 Nº 52/54, Edificio W Center; Loja 306 Parte C, Andar 3 - Setor Industrial Taguatinga";Brasília;DF;72135180;financeiro@cargasup.com.br;adesao_ao_decreto_1563_1464;1363-0823;08/08/2033 00:00:00.000000
BRASIL;Unitrans Mudanças E Transportes Eireli;3,71424E+13;SAAN Quadra 01 Lt. 145/155;Brasília;DF;70632100;unitrans@unitransinternational.com.br;adesao_ao_decreto_1563_1465;0248-0807;08/14/2027 00:00:00.000000
BRASIL;Transquavis Transportes Especiais Ltda - Me;5,19272E+12;Setor de Indústria e Abastecimento, quadra 5 área especial 6, sala 204;Brasília;DF;71205050;inter.transquavis@gmail.com;adesao_ao_decreto_1563_1466;0448-0811;08/04/2021 00:00:00.000000
BRASIL;Transul Serviços Locação E Transporte Ltda;3,51968E+13;Rodovia BR 135, km 8,5 - Maracanã;Brasília;DF;65095602;transul@transultransporte.com.br;adesao_ao_decreto_1563_1467;0776-0716;03/26/2035 13:14:58.946002
BRASIL;Transul Serviços Locação E Transporte Ltda;3,51968E+13;Rodovia BR 135, km 8,5 - Maracanã;Brasília;DF;65095602;fiscal@transultransporte.com.br;adesao_ao_decreto_1563_1468;0776-0716;03/26/2035 13:14:58.946002
BRASIL;Midia Express Servicos Logisticos Ltda;4,05947E+13;Q 02 CONJUNTO B LOTE,Nº 10, LOJA PARTE A-1 - SETOR DE INDUSTRIAS BERNARDO SAYAO (NUCLEO BANDEIRANTE);Brasília;DF;71736202;gustavokiadv@outlook.com;adesao_ao_decreto_1563_1469;1224-0222;02/08/2032 00:00:00.000000
BRASIL;Mídia Logística E Distribuição Ltda;7,6689E+12;SIBS Quadra 2, conj. B, lote 10 - Núcleo Bandeirante;Brasília;DF;71736202;midialog@grupomidia.com.br;adesao_ao_decreto_1563_1470;0783-0716;07/28/2026 00:00:00.000000
BRASIL;Macaw Brasil Transportes Eireli - Epp;2,15268E+13;SMAS TR 03 conj. 03 bloco E nº 60 sala 213 - Guará;Brasília;DF;71215300;tiago.mundim@macawtransportes.com.br;adesao_ao_decreto_1563_1471;0754-0516;05/10/2026 00:00:00.000000
BRASIL;Quick Delivery Brasilia Entregas Rapidas De Encomendas Ltda;8,29614E+12;AREA ADE, CONJ 21, LOTE 05 - ÁGUAS CLARAS;Brasília;DF;71989600;rgoncalves@quickdelivery.com.br;adesao_ao_decreto_1563_1472;0825-0217;02/10/2027 00:00:00.000000
BRASIL;Ribal Locadora De Veículos Ltda Epp;7,60551E+12;SCIA Quadra 14, cj. 2, lote 1/3 - Zona Industrial;Brasília;DF;71250110;FINANCEIRO@RIBAL.COM.BR;adesao_ao_decreto_1563_1473;0935-0918;09/21/2028 00:00:00.000000
BRASIL;Rápido Transnil Transportes Ltda;2,64354E+13;STRC Trecho 04 Conjunto B Lote 10;Brasília;DF;70310500;administrativo@transnil.com.br;adesao_ao_decreto_1563_1474;0705-0915;09/09/2025 00:00:00.000000
BRASIL;Mundial Residence Logística Eireli - Epp;5,02302E+11;STRC trecho 04, conjunto B, lote 03/04;Brasília;DF;71225542;mundial.residence@bol.com.br;adesao_ao_decreto_1563_1475;0921-0818;08/21/2028 00:00:00.000000
BRASIL;Nk Logística E Transportes Ltda;3,22707E+13; ADE CONJUNTO 13, LOTE 30, PARTE - SAMAMBAIA;Brasília;DF;71987720;klebson.adm@nktransportes.com.br;adesao_ao_decreto_1563_1476;1144-0321;03/02/2031 00:00:00.000000
BRASIL;Novo Lar Mudanças E Transportes Ltda;3,80316E+13;STRC TRECHO 04, CONJUNTO B LOTE 16, GUARÁ;Brasília;DF;71225542;NOVOLARMUDANCAS@NOVOLARMUDANCAS.COM.BR;adesao_ao_decreto_1563_1477;0615-0414;04/02/2024 00:00:00.000000
BRASIL;Omni Comércio E Serviços Ltda;3,80295E+13;SIG Sul, quadra 6, lote 2040 - Zona Industrial;Brasília;DF;70610460;licitacao@ominidf.com.br;adesao_ao_decreto_1563_1478;0917-0818;08/21/2028 00:00:00.000000
BRASIL;Zurick Log Transportes Eireli Epp;2,72101E+13;QS 07 RUA 800 LOTE 11 BLOCO 01 LOJA 06  - AREAL (AGUAS CLARAS);Brasília;DF;71971540;zurick.log@gmail.com;adesao_ao_decreto_1563_1479;0836-0617;06/19/2027 00:00:00.000000
BRASIL;Vtc Operadora Logística Ltda;2,48937E+13; AEROPORTO INTERNACIONAL JUSCELINO KUBITSCHEK;Brasília;DF;71608900;garantiadaqualidade@vtclog.com.br;adesao_ao_decreto_1563_1480;0319-1208;11/16/2028 00:00:00.000000
BRASIL;Vtc Operadora Logística Ltda;2,48937E+13; AEROPORTO INTERNACIONAL JUSCELINO KUBITSCHEK;Brasília;DF;71608900;REGULATORIOS@VTCLOG.COM.BR;adesao_ao_decreto_1563_1481;0319-1208;11/16/2028 00:00:00.000000
BRASIL;Wfretes Tecnologia E Meios De Pagamentos S.A;2,76099E+13;TR SIA TRECHO 3, LOTE 2110/2120, PARTE D - ZONA INDUSTRIAL (GUARA);Brasília;DF;71200030;martiaga@cliqueeretire.com.br;adesao_ao_decreto_1563_1482;1016-0919;09/12/2029 00:00:00.000000
BRASIL; JOMAGA PARTICIPAÇÕES LTDA;4,60625E+12;SHN, Quadra 01, Bloco D Area Especial A, A14 - 8º Andar Salas 801/802- ;Brasília;DF;70701040;administrativo@jomaga.com.br;adesao_ao_decreto_1563_1483;1491-0425;04/25/2035 19:09:27.703936
BRASIL;RICO SOLUÇÕES & SERVIÇOS ESPECIALIZADOS LTDA;2,92026E+13;SHIN CA 01, Lote A, Bloco A, Sala 372;Brasília;DF;71510970;CAMILA@RICOSERVICOS.COM.BR;adesao_ao_decreto_1563_1484;1534-0326;03/13/2036 14:28:21.646926
